{
  "meta": {
    "results_path": "kimina_bestof_cycle_lenpen001_128_20_start2140_temp08_qwen1p5_rescored_cpu.json"
  },
  "summary": {
    "count": 19,
    "pearson_avg": 0.32625124641583053,
    "pearson_median": 0.3869990578715916,
    "spearman_avg": 0.1776995651300534,
    "spearman_median": 0.21361629513543756
  }
}