{
  "meta": {
    "results_paths": [
      "kimina_bestof_cycle_lenpen001_128_20_start2040_temp08_qwen1p5_rescored_cpu.json"
    ],
    "dedupe_id": false
  },
  "summary": {
    "count": 20,
    "all_consensus_f1_avg": 0.8107847941658713,
    "tc_consensus_f1_avg": 0.8116250360034764,
    "tc_better_rate": 0.2,
    "diff_vs_tc_rate": -0.2961012941081473,
    "diff_vs_tc_count": -0.25546275980948013
  }
}