{
  "meta": {
    "results_path": "kimina_bestof_cycle_lenpen001_128_20_start2140_temp08_qwen1p5_rescored_cpu.json",
    "ks": [
      4,
      8,
      16,
      32,
      64
    ],
    "score_key": "cycle_score"
  },
  "summary": {
    "all": {
      "k_4": {
        "count": 19,
        "f1_avg": 0.8007229435397364,
        "typecheck_rate": 0.7894736842105263
      },
      "k_8": {
        "count": 19,
        "f1_avg": 0.8008082712155326,
        "typecheck_rate": 0.9473684210526315
      },
      "k_16": {
        "count": 18,
        "f1_avg": 0.8111938695911747,
        "typecheck_rate": 1.0
      },
      "k_32": {
        "count": 17,
        "f1_avg": 0.7831394051794505,
        "typecheck_rate": 0.9411764705882353
      },
      "k_64": {
        "count": 16,
        "f1_avg": 0.7917103060103041,
        "typecheck_rate": 0.9375
      }
    },
    "tc_only": {
      "k_4": {
        "count": 18,
        "f1_avg": 0.8029406226811843,
        "typecheck_rate": 1.0
      },
      "k_8": {
        "count": 18,
        "f1_avg": 0.784793813623053,
        "typecheck_rate": 1.0
      },
      "k_16": {
        "count": 18,
        "f1_avg": 0.7970755338059402,
        "typecheck_rate": 1.0
      },
      "k_32": {
        "count": 16,
        "f1_avg": 0.7932761788647797,
        "typecheck_rate": 1.0
      },
      "k_64": {
        "count": 13,
        "f1_avg": 0.7859939086942315,
        "typecheck_rate": 1.0
      }
    }
  }
}