{
  "meta": {
    "results_paths": [
      "kimina_bestof_cycle_lenpen001_128_20_temp08_merged_start1580_2100_rescored_cpu.json"
    ],
    "feature": "pairwise_tc",
    "direction": "le",
    "dedupe_id": false,
    "all_consensus_f1_avg": 0.834258064322955,
    "tc_consensus_f1_avg": 0.8388771140827725
  },
  "summary": {
    "threshold_0.0": {
      "count": 163,
      "chosen_f1_avg": 0.833621266195551,
      "chosen_typecheck_rate": 0.7791411042944786
    },
    "threshold_0.6525040431411105": {
      "count": 163,
      "chosen_f1_avg": 0.8349068196225118,
      "chosen_typecheck_rate": 0.8282208588957055
    },
    "threshold_0.7258200704775298": {
      "count": 163,
      "chosen_f1_avg": 0.8321655998117115,
      "chosen_typecheck_rate": 0.8711656441717791
    },
    "threshold_0.7515775446162982": {
      "count": 163,
      "chosen_f1_avg": 0.8338903941171828,
      "chosen_typecheck_rate": 0.9202453987730062
    },
    "threshold_0.7863764834855941": {
      "count": 163,
      "chosen_f1_avg": 0.8370017661621807,
      "chosen_typecheck_rate": 0.9325153374233128
    },
    "threshold_0.8118404458199318": {
      "count": 163,
      "chosen_f1_avg": 0.8362826501110482,
      "chosen_typecheck_rate": 0.9447852760736196
    },
    "threshold_0.8458602037517977": {
      "count": 163,
      "chosen_f1_avg": 0.836833043205493,
      "chosen_typecheck_rate": 0.9570552147239264
    },
    "threshold_0.859143825148869": {
      "count": 163,
      "chosen_f1_avg": 0.8377304046839197,
      "chosen_typecheck_rate": 0.9631901840490797
    },
    "threshold_0.8697211776206148": {
      "count": 163,
      "chosen_f1_avg": 0.8373771739820327,
      "chosen_typecheck_rate": 0.9631901840490797
    },
    "threshold_0.8889610978225895": {
      "count": 163,
      "chosen_f1_avg": 0.8385118853380388,
      "chosen_typecheck_rate": 0.9815950920245399
    },
    "threshold_0.9510557316764594": {
      "count": 163,
      "chosen_f1_avg": 0.8388771140827722,
      "chosen_typecheck_rate": 0.9938650306748467
    }
  }
}