{
  "meta": {
    "results_paths": [
      "kimina_bestof_cycle_lenpen001_128_20_temp08_merged_start1580_2240_rescored_cpu.json"
    ],
    "feature": "tc_rate",
    "direction": "ge",
    "dedupe_id": false,
    "all_consensus_f1_avg": 0.8366424493576269,
    "tc_consensus_f1_avg": 0.8362946379006857
  },
  "summary": {
    "threshold_0.333": {
      "count": 650,
      "chosen_f1_avg": 0.8384898801853257,
      "chosen_typecheck_rate": 0.8892307692307693
    }
  }
}