{
  "meta": {
    "results_path": "kimina_bestof_cycle_lenpen001_32_20_start650_temp06_qwen1p5_rescored_cpu.json",
    "train_results": null,
    "test_results": null,
    "folds": 5,
    "ridge": 0.001,
    "baseline_feature": false
  },
  "summary": {
    "count": 20,
    "baseline_f1_avg": 0.7668097050193273,
    "learned_f1_avg": 0.8033514296212385,
    "learned_tc_f1_avg": 0.8137057200263763,
    "learned_typecheck_rate": 0.9,
    "learned_tc_typecheck_rate": 1.0,
    "learned_improve_rate": 0.65,
    "learned_tc_improve_rate": 0.6,
    "avg_weights": [
      0.7073281663628028,
      0.016815325956387916,
      0.014133525741156071,
      0.045380158415265395,
      0.10475935101396486
    ]
  }
}