{
  "meta": {
    "results_paths": [
      "kimina_bestof_cycle_lenpen001_128_20_start2220_temp08_qwen1p5_rescored_cpu.json"
    ],
    "feature": "tc_rate",
    "direction": "ge",
    "dedupe_id": false,
    "all_consensus_f1_avg": 0.786737123247631,
    "tc_consensus_f1_avg": 0.780485494187972
  },
  "summary": {
    "threshold_0.0660377358490566": {
      "count": 19,
      "chosen_f1_avg": 0.780485494187972,
      "chosen_typecheck_rate": 1.0
    },
    "threshold_0.08661417322834646": {
      "count": 19,
      "chosen_f1_avg": 0.7918312804443357,
      "chosen_typecheck_rate": 0.9473684210526315
    },
    "threshold_0.23140495867768596": {
      "count": 19,
      "chosen_f1_avg": 0.7856405809195269,
      "chosen_typecheck_rate": 0.7894736842105263
    },
    "threshold_0.5625": {
      "count": 19,
      "chosen_f1_avg": 0.7842645919274389,
      "chosen_typecheck_rate": 0.7368421052631579
    },
    "threshold_0.5714285714285714": {
      "count": 19,
      "chosen_f1_avg": 0.7842645919274389,
      "chosen_typecheck_rate": 0.7368421052631579
    },
    "threshold_0.6206896551724138": {
      "count": 19,
      "chosen_f1_avg": 0.7879385976783888,
      "chosen_typecheck_rate": 0.7368421052631579
    },
    "threshold_0.839622641509434": {
      "count": 19,
      "chosen_f1_avg": 0.7862938608362836,
      "chosen_typecheck_rate": 0.6842105263157895
    },
    "threshold_0.8591549295774648": {
      "count": 19,
      "chosen_f1_avg": 0.7862938608362836,
      "chosen_typecheck_rate": 0.6842105263157895
    },
    "threshold_0.8596491228070176": {
      "count": 19,
      "chosen_f1_avg": 0.7867371232476311,
      "chosen_typecheck_rate": 0.6842105263157895
    },
    "threshold_0.9603174603174603": {
      "count": 19,
      "chosen_f1_avg": 0.7867371232476311,
      "chosen_typecheck_rate": 0.6842105263157895
    },
    "threshold_0.983739837398374": {
      "count": 19,
      "chosen_f1_avg": 0.7867371232476311,
      "chosen_typecheck_rate": 0.6842105263157895
    }
  }
}