{
  "meta": {
    "results_path": "kimina_bestof_cycle_lenpen001_128_20_start1900_temp08_qwen1p5_rescored_cpu.json",
    "ks": [
      4,
      8,
      16,
      32,
      64
    ],
    "score_key": "cycle_score"
  },
  "summary": {
    "all": {
      "k_4": {
        "count": 20,
        "f1_avg": 0.8009331105562344,
        "typecheck_rate": 0.65
      },
      "k_8": {
        "count": 20,
        "f1_avg": 0.8210283707347509,
        "typecheck_rate": 0.7
      },
      "k_16": {
        "count": 20,
        "f1_avg": 0.8278437283337216,
        "typecheck_rate": 0.75
      },
      "k_32": {
        "count": 20,
        "f1_avg": 0.820530162334518,
        "typecheck_rate": 0.75
      },
      "k_64": {
        "count": 17,
        "f1_avg": 0.8125934484895283,
        "typecheck_rate": 0.7647058823529411
      }
    },
    "tc_only": {
      "k_4": {
        "count": 20,
        "f1_avg": 0.828529310096404,
        "typecheck_rate": 1.0
      },
      "k_8": {
        "count": 20,
        "f1_avg": 0.8409559205159944,
        "typecheck_rate": 1.0
      },
      "k_16": {
        "count": 18,
        "f1_avg": 0.8402912032321426,
        "typecheck_rate": 1.0
      },
      "k_32": {
        "count": 17,
        "f1_avg": 0.8310401996340686,
        "typecheck_rate": 1.0
      },
      "k_64": {
        "count": 10,
        "f1_avg": 0.8274591338270877,
        "typecheck_rate": 1.0
      }
    }
  }
}