{
  "meta": {
    "results_path": "kimina_bestof_cycle_lenpen001_128_20_temp08_merged_start1580_2260_rescored_cpu.json",
    "ks": [
      4,
      8,
      16,
      32,
      64
    ],
    "trials": 30,
    "seed": 0
  },
  "summary": {
    "all": {
      "k_4": {
        "count": 20040,
        "f1_avg": 0.808265916167068,
        "typecheck_rate": 0.7604291417165668
      },
      "k_8": {
        "count": 20040,
        "f1_avg": 0.8217476531827113,
        "typecheck_rate": 0.7960079840319362
      },
      "k_16": {
        "count": 19980,
        "f1_avg": 0.8288594069157711,
        "typecheck_rate": 0.8134634634634634
      },
      "k_32": {
        "count": 18900,
        "f1_avg": 0.8324589632374829,
        "typecheck_rate": 0.8193650793650794
      },
      "k_64": {
        "count": 16170,
        "f1_avg": 0.8261523828685514,
        "typecheck_rate": 0.8092764378478664
      }
    },
    "tc_only": {
      "k_4": {
        "count": 19740,
        "f1_avg": 0.819792614467788,
        "typecheck_rate": 1.0
      },
      "k_8": {
        "count": 19440,
        "f1_avg": 0.8319958383264586,
        "typecheck_rate": 1.0
      },
      "k_16": {
        "count": 18480,
        "f1_avg": 0.8392733270864804,
        "typecheck_rate": 1.0
      },
      "k_32": {
        "count": 15810,
        "f1_avg": 0.8409214337111319,
        "typecheck_rate": 1.0
      },
      "k_64": {
        "count": 9510,
        "f1_avg": 0.8345721147200353,
        "typecheck_rate": 1.0
      }
    }
  }
}