{
  "meta": {
    "results_path": "kimina_bestof_cycle_lenpen001_128_20_start2100_temp08_qwen1p5_rescored_cpu.json"
  },
  "summary": {
    "count": 19,
    "baseline_f1_avg": 0.8006540814998098,
    "consensus_f1_avg": 0.812849698571452,
    "consensus_tc_f1_avg": 0.8256979759021219,
    "consensus_typecheck_rate": 0.8421052631578947,
    "consensus_tc_typecheck_rate": 1.0
  }
}