{
  "meta": {
    "results_paths": [
      "kimina_bestof_cycle_lenpen001_128_20_start1720_temp08_qwen1p5_rescored_cpu.json"
    ],
    "feature": "tc_rate",
    "direction": "ge",
    "dedupe_id": false,
    "all_consensus_f1_avg": 0.8516126783347546,
    "tc_consensus_f1_avg": 0.8583899516262788
  },
  "summary": {
    "threshold_0.1111111111111111": {
      "count": 18,
      "chosen_f1_avg": 0.8583899516262791,
      "chosen_typecheck_rate": 1.0
    },
    "threshold_0.23387096774193547": {
      "count": 18,
      "chosen_f1_avg": 0.8550443471251213,
      "chosen_typecheck_rate": 0.8888888888888888
    },
    "threshold_0.3541666666666667": {
      "count": 18,
      "chosen_f1_avg": 0.8528517321874083,
      "chosen_typecheck_rate": 0.8333333333333334
    },
    "threshold_0.5274725274725275": {
      "count": 18,
      "chosen_f1_avg": 0.8528517321874083,
      "chosen_typecheck_rate": 0.8333333333333334
    },
    "threshold_0.6637931034482759": {
      "count": 18,
      "chosen_f1_avg": 0.8511836608290715,
      "chosen_typecheck_rate": 0.7777777777777778
    },
    "threshold_0.7058823529411765": {
      "count": 18,
      "chosen_f1_avg": 0.8516126783347547,
      "chosen_typecheck_rate": 0.7777777777777778
    },
    "threshold_0.8229166666666666": {
      "count": 18,
      "chosen_f1_avg": 0.8516126783347547,
      "chosen_typecheck_rate": 0.7777777777777778
    },
    "threshold_0.9245283018867925": {
      "count": 18,
      "chosen_f1_avg": 0.8516126783347547,
      "chosen_typecheck_rate": 0.7777777777777778
    },
    "threshold_0.9726027397260274": {
      "count": 18,
      "chosen_f1_avg": 0.8516126783347547,
      "chosen_typecheck_rate": 0.7777777777777778
    },
    "threshold_0.972972972972973": {
      "count": 18,
      "chosen_f1_avg": 0.8516126783347547,
      "chosen_typecheck_rate": 0.7777777777777778
    },
    "threshold_1.0": {
      "count": 18,
      "chosen_f1_avg": 0.8516126783347547,
      "chosen_typecheck_rate": 0.7777777777777778
    }
  }
}