{
  "meta": {
    "results_path": "kimina_bestof_cycle_lenpen001_128_20_start1780_temp08_qwen1p5_rescored_cpu.json",
    "ks": [
      4,
      8,
      16,
      32,
      64
    ],
    "trials": 30,
    "seed": 0
  },
  "summary": {
    "all": {
      "k_4": {
        "count": 600,
        "f1_avg": 0.850924177588587,
        "typecheck_rate": 0.7816666666666666
      },
      "k_8": {
        "count": 600,
        "f1_avg": 0.8552941128984217,
        "typecheck_rate": 0.7783333333333333
      },
      "k_16": {
        "count": 600,
        "f1_avg": 0.8629314568109946,
        "typecheck_rate": 0.7983333333333333
      },
      "k_32": {
        "count": 540,
        "f1_avg": 0.8572313086621476,
        "typecheck_rate": 0.8018518518518518
      },
      "k_64": {
        "count": 480,
        "f1_avg": 0.8644699883757311,
        "typecheck_rate": 0.78125
      }
    },
    "tc_only": {
      "k_4": {
        "count": 600,
        "f1_avg": 0.8631450836151453,
        "typecheck_rate": 1.0
      },
      "k_8": {
        "count": 600,
        "f1_avg": 0.8675717758842063,
        "typecheck_rate": 1.0
      },
      "k_16": {
        "count": 570,
        "f1_avg": 0.8732199082276523,
        "typecheck_rate": 1.0
      },
      "k_32": {
        "count": 450,
        "f1_avg": 0.8681401383327102,
        "typecheck_rate": 1.0
      },
      "k_64": {
        "count": 210,
        "f1_avg": 0.8604940470088254,
        "typecheck_rate": 1.0
      }
    }
  }
}