{
  "meta": {
    "results_path": "kimina_bestof_cycle_lenpen001_64_20_temp08_merged_start740_1460_rescored_cpu.json",
    "train_results": null,
    "test_results": null,
    "folds": 5,
    "model": "ridge",
    "ridge": 0.001,
    "gbrt_estimators": 200,
    "gbrt_learning_rate": 0.05,
    "gbrt_depth": 3,
    "baseline_feature": false,
    "forward_feature": false,
    "embed_consensus": false,
    "context_interactions": false,
    "extra_candidate_features": true,
    "embed_model_id": null,
    "embed_batch_size": null,
    "embed_max_length": null,
    "embed_device": null
  },
  "summary": {
    "count": 172,
    "baseline_f1_avg": 0.7573946441610524,
    "learned_f1_avg": 0.8247477968398936,
    "learned_tc_f1_avg": 0.8203947247610169,
    "learned_typecheck_rate": 0.9709302325581395,
    "learned_tc_typecheck_rate": 0.9941860465116279,
    "learned_improve_rate": 0.6686046511627907,
    "learned_tc_improve_rate": 0.6686046511627907,
    "avg_weights": [
      0.6788304188451487,
      0.015151067912446452,
      0.06012980020238279,
      0.06237263076163215,
      0.011661996563374813,
      0.012347575947848155,
      0.016964698956036507,
      0.023868799793408023,
      0.017041409533045192,
      0.02018598894281385
    ]
  }
}