{
  "meta": {
    "results_path": "kimina_bestof_cycle_lenpen001_128_20_start1820_temp08_qwen1p5_rescored_cpu.json"
  },
  "summary": {
    "count": 18,
    "baseline_f1_avg": 0.7768167357254333,
    "oracle_f1_avg": 0.9396683548936249,
    "oracle_tc_f1_avg": 0.8876560700082241,
    "oracle_typecheck_rate": 0.8888888888888888,
    "oracle_tc_typecheck_rate": 1.0,
    "oracle_improve_rate": 1.0,
    "oracle_tc_improve_rate": 0.9444444444444444
  }
}