{
  "meta": {
    "results_path": "kimina_bestof_cycle_lenpen001_128_20_start1700_temp08_qwen1p5_rescored_cpu.json",
    "ks": [
      4,
      8,
      16,
      32,
      64
    ],
    "score_key": "length_penalized_score"
  },
  "summary": {
    "all": {
      "k_4": {
        "count": 19,
        "f1_avg": 0.7581358245238645,
        "typecheck_rate": 0.5789473684210527
      },
      "k_8": {
        "count": 19,
        "f1_avg": 0.7644899811137277,
        "typecheck_rate": 0.6842105263157895
      },
      "k_16": {
        "count": 19,
        "f1_avg": 0.753657305178663,
        "typecheck_rate": 0.7368421052631579
      },
      "k_32": {
        "count": 17,
        "f1_avg": 0.7629518858896635,
        "typecheck_rate": 0.7058823529411765
      },
      "k_64": {
        "count": 15,
        "f1_avg": 0.7833743916640902,
        "typecheck_rate": 0.6666666666666666
      }
    },
    "tc_only": {
      "k_4": {
        "count": 19,
        "f1_avg": 0.7679926186994953,
        "typecheck_rate": 1.0
      },
      "k_8": {
        "count": 19,
        "f1_avg": 0.7769134941226052,
        "typecheck_rate": 1.0
      },
      "k_16": {
        "count": 17,
        "f1_avg": 0.7817693111111146,
        "typecheck_rate": 1.0
      },
      "k_32": {
        "count": 14,
        "f1_avg": 0.8089180777057184,
        "typecheck_rate": 1.0
      },
      "k_64": {
        "count": 8,
        "f1_avg": 0.8644389198764768,
        "typecheck_rate": 1.0
      }
    }
  }
}