{
  "meta": {
    "results_path": "kimina_bestof_cycle_lenpen001_128_20_start1960_temp08_qwen1p5_rescored_cpu.json",
    "ks": [
      4,
      8,
      16,
      32,
      64
    ],
    "trials": 30,
    "seed": 0
  },
  "summary": {
    "all": {
      "k_4": {
        "count": 570,
        "f1_avg": 0.807566290593559,
        "typecheck_rate": 0.7105263157894737
      },
      "k_8": {
        "count": 570,
        "f1_avg": 0.8175728056046451,
        "typecheck_rate": 0.7263157894736842
      },
      "k_16": {
        "count": 570,
        "f1_avg": 0.8244108025455653,
        "typecheck_rate": 0.7614035087719299
      },
      "k_32": {
        "count": 570,
        "f1_avg": 0.830927361964138,
        "typecheck_rate": 0.8157894736842105
      },
      "k_64": {
        "count": 450,
        "f1_avg": 0.8326016851098652,
        "typecheck_rate": 0.82
      }
    },
    "tc_only": {
      "k_4": {
        "count": 570,
        "f1_avg": 0.835004577656222,
        "typecheck_rate": 1.0
      },
      "k_8": {
        "count": 570,
        "f1_avg": 0.8450142797769654,
        "typecheck_rate": 1.0
      },
      "k_16": {
        "count": 510,
        "f1_avg": 0.8596640287218356,
        "typecheck_rate": 1.0
      },
      "k_32": {
        "count": 450,
        "f1_avg": 0.8564545726752129,
        "typecheck_rate": 1.0
      },
      "k_64": {
        "count": 240,
        "f1_avg": 0.8590726847731962,
        "typecheck_rate": 1.0
      }
    }
  }
}