{
  "meta": {
    "results_paths": [
      "kimina_bestof_cycle_lenpen001_64_20_start1300_temp08_qwen1p5_rescored_cpu.json"
    ],
    "dedupe_id": false
  },
  "summary": {
    "count": 19,
    "baseline_f1_avg": 0.7922446318981005,
    "consensus_f1_avg": 0.8167015686994795,
    "oracle_f1_avg": 0.9165941708716979,
    "consensus_improve_rate": 0.5789473684210527,
    "correlations": {
      "improve_vs_count": 0.11798844248928525,
      "improve_vs_tc_rate": -0.23775364840765403,
      "improve_vs_pairwise": 0.09555043647240018,
      "improve_vs_pairwise_tc": -0.10133792237150692,
      "improve_vs_consensus_margin": -0.22295968964454765,
      "improve_vs_baseline_f1": -0.27500101827346113,
      "oracle_improve_vs_count": 0.36826061288958006,
      "oracle_improve_vs_pairwise": -0.22514939873883344
    }
  }
}