{
  "meta": {
    "results_path": "kimina_bestof_cycle_lenpen001_128_20_start2180_temp08_qwen1p5_rescored_cpu.json",
    "ks": [
      4,
      8,
      16,
      32,
      64
    ],
    "score_key": "length_penalized_score"
  },
  "summary": {
    "all": {
      "k_4": {
        "count": 20,
        "f1_avg": 0.8053217510901574,
        "typecheck_rate": 0.65
      },
      "k_8": {
        "count": 20,
        "f1_avg": 0.8217090354884438,
        "typecheck_rate": 0.7
      },
      "k_16": {
        "count": 20,
        "f1_avg": 0.8502094229247312,
        "typecheck_rate": 0.7
      },
      "k_32": {
        "count": 18,
        "f1_avg": 0.8354738317791058,
        "typecheck_rate": 0.6666666666666666
      },
      "k_64": {
        "count": 16,
        "f1_avg": 0.8411064576234353,
        "typecheck_rate": 0.8125
      }
    },
    "tc_only": {
      "k_4": {
        "count": 20,
        "f1_avg": 0.8041856582182888,
        "typecheck_rate": 1.0
      },
      "k_8": {
        "count": 20,
        "f1_avg": 0.8289209746856455,
        "typecheck_rate": 1.0
      },
      "k_16": {
        "count": 19,
        "f1_avg": 0.8339251563790756,
        "typecheck_rate": 1.0
      },
      "k_32": {
        "count": 17,
        "f1_avg": 0.8411211500262512,
        "typecheck_rate": 1.0
      },
      "k_64": {
        "count": 9,
        "f1_avg": 0.8453792777174988,
        "typecheck_rate": 1.0
      }
    }
  }
}