{
  "meta": {
    "results_path": "kimina_bestof_cycle_lenpen001_128_20_start1740_temp08_qwen1p5_rescored_cpu.json"
  },
  "summary": {
    "records": 18,
    "candidate_typecheck_rate": 0.7160992498557415,
    "tc_candidate_f1_avg": 0.7888046542674357,
    "non_tc_candidate_f1_avg": 0.7335734056170394,
    "max_tc_f1_avg": 0.9170450582181048,
    "max_non_tc_f1_avg": 0.8613227747783696,
    "records_with_tc": 18,
    "records_with_non_tc": 18,
    "records_with_both": 18
  }
}