{
  "meta": {
    "results_paths": [
      "kimina_bestof_cycle_lenpen001_128_20_temp08_merged_start1580_2120_rescored_cpu.json"
    ],
    "feature": "tc_rate",
    "direction": "ge",
    "dedupe_id": false,
    "all_consensus_f1_avg": 0.8325512890301109,
    "tc_consensus_f1_avg": 0.8364223016304357
  },
  "summary": {
    "threshold_0.0": {
      "count": 182,
      "chosen_f1_avg": 0.8364223016304354,
      "chosen_typecheck_rate": 0.989010989010989
    },
    "threshold_0.13953488372093023": {
      "count": 182,
      "chosen_f1_avg": 0.8361797135224603,
      "chosen_typecheck_rate": 0.9120879120879121
    },
    "threshold_0.3508771929824561": {
      "count": 182,
      "chosen_f1_avg": 0.8356038731891904,
      "chosen_typecheck_rate": 0.8516483516483516
    },
    "threshold_0.5268817204301075": {
      "count": 182,
      "chosen_f1_avg": 0.8342060163994993,
      "chosen_typecheck_rate": 0.8076923076923077
    },
    "threshold_0.627906976744186": {
      "count": 182,
      "chosen_f1_avg": 0.8335083177981827,
      "chosen_typecheck_rate": 0.8021978021978022
    },
    "threshold_0.7019230769230769": {
      "count": 182,
      "chosen_f1_avg": 0.8333569724289654,
      "chosen_typecheck_rate": 0.7912087912087912
    },
    "threshold_0.7739130434782608": {
      "count": 182,
      "chosen_f1_avg": 0.8344171621583102,
      "chosen_typecheck_rate": 0.7802197802197802
    },
    "threshold_0.8478260869565217": {
      "count": 182,
      "chosen_f1_avg": 0.833060090248871,
      "chosen_typecheck_rate": 0.7747252747252747
    },
    "threshold_0.898989898989899": {
      "count": 182,
      "chosen_f1_avg": 0.832818591787353,
      "chosen_typecheck_rate": 0.7747252747252747
    },
    "threshold_0.9523809523809523": {
      "count": 182,
      "chosen_f1_avg": 0.8325512890301106,
      "chosen_typecheck_rate": 0.7747252747252747
    },
    "threshold_1.0": {
      "count": 182,
      "chosen_f1_avg": 0.8325512890301106,
      "chosen_typecheck_rate": 0.7747252747252747
    }
  }
}