{
  "meta": {
    "results_path": "kimina_bestof_cycle_lenpen001_64_20_start1000_temp08_qwen1p5_rescored_cpu.json",
    "train_results": null,
    "test_results": null,
    "folds": 5,
    "ridge": 0.001,
    "baseline_feature": false
  },
  "summary": {
    "count": 19,
    "baseline_f1_avg": 0.8307736098312631,
    "learned_f1_avg": 0.8723363718706211,
    "learned_tc_f1_avg": 0.8780441125420579,
    "learned_typecheck_rate": 0.8421052631578947,
    "learned_tc_typecheck_rate": 1.0,
    "learned_improve_rate": 0.5789473684210527,
    "learned_tc_improve_rate": 0.5789473684210527,
    "avg_weights": [
      0.8033965396714372,
      0.007475903025384675,
      0.03226641631503008,
      0.07316033613667289,
      0.0026947796706253417
    ]
  }
}