{
  "meta": {
    "results_paths": [
      "kimina_bestof_cycle_lenpen001_128_20_start2120_temp08_qwen1p5_rescored_cpu.json"
    ],
    "feature": "tc_count",
    "direction": "ge",
    "dedupe_id": false,
    "all_consensus_f1_avg": 0.8179089536230804,
    "tc_consensus_f1_avg": 0.815362594802493
  },
  "summary": {
    "threshold_0.0": {
      "count": 19,
      "chosen_f1_avg": 0.815362594802493,
      "chosen_typecheck_rate": 0.9473684210526315
    },
    "threshold_19.0": {
      "count": 19,
      "chosen_f1_avg": 0.8178688604666534,
      "chosen_typecheck_rate": 0.8947368421052632
    },
    "threshold_30.0": {
      "count": 19,
      "chosen_f1_avg": 0.8245522355710811,
      "chosen_typecheck_rate": 0.8421052631578947
    },
    "threshold_46.0": {
      "count": 19,
      "chosen_f1_avg": 0.8199767133078971,
      "chosen_typecheck_rate": 0.7894736842105263
    },
    "threshold_55.0": {
      "count": 19,
      "chosen_f1_avg": 0.8165811275693572,
      "chosen_typecheck_rate": 0.7894736842105263
    },
    "threshold_68.0": {
      "count": 19,
      "chosen_f1_avg": 0.8165811275693572,
      "chosen_typecheck_rate": 0.7894736842105263
    },
    "threshold_73.0": {
      "count": 19,
      "chosen_f1_avg": 0.8165811275693572,
      "chosen_typecheck_rate": 0.7894736842105263
    },
    "threshold_82.0": {
      "count": 19,
      "chosen_f1_avg": 0.8165811275693572,
      "chosen_typecheck_rate": 0.7894736842105263
    },
    "threshold_83.0": {
      "count": 19,
      "chosen_f1_avg": 0.8173867540648013,
      "chosen_typecheck_rate": 0.7894736842105263
    },
    "threshold_92.0": {
      "count": 19,
      "chosen_f1_avg": 0.8168356822092516,
      "chosen_typecheck_rate": 0.7894736842105263
    },
    "threshold_103.0": {
      "count": 19,
      "chosen_f1_avg": 0.8179089536230805,
      "chosen_typecheck_rate": 0.7894736842105263
    }
  }
}