{
  "meta": {
    "results_path": "kimina_bestof_cycle_lenpen001_128_20_start2080_temp08_qwen1p5_rescored_cpu.json"
  },
  "summary": {
    "count": 19,
    "baseline_f1_avg": 0.7792077900971288,
    "oracle_f1_avg": 0.9448777102076721,
    "oracle_tc_f1_avg": 0.9411425823779039,
    "oracle_typecheck_rate": 0.9473684210526315,
    "oracle_tc_typecheck_rate": 1.0,
    "oracle_improve_rate": 0.8421052631578947,
    "oracle_tc_improve_rate": 0.8421052631578947
  }
}