{
  "meta": {
    "results_path": "kimina_bestof_cycle_lenpen001_64_20_start800_temp08_qwen1p5_rescored_cpu.json"
  },
  "summary": {
    "count": 18,
    "baseline_f1_avg": 0.7717849852919755,
    "consensus_f1_avg": 0.7927060178589653,
    "consensus_tc_f1_avg": 0.7935623252942201,
    "consensus_typecheck_rate": 0.9444444444444444,
    "consensus_tc_typecheck_rate": 0.9444444444444444
  }
}