{
  "meta": {
    "results_path": "kimina_bestof_cycle_lenpen001_128_20_start2120_temp08_qwen1p5_rescored_cpu.json"
  },
  "summary": {
    "count": 19,
    "baseline_f1_avg": 0.7866442504748689,
    "consensus_f1_avg": 0.8179089536230805,
    "consensus_tc_f1_avg": 0.815362594802493,
    "consensus_typecheck_rate": 0.7894736842105263,
    "consensus_tc_typecheck_rate": 0.9473684210526315
  }
}