{
  "meta": {
    "results_paths": [
      "kimina_bestof_cycle_lenpen001_128_20_start2120_temp08_qwen1p5_rescored_cpu.json"
    ],
    "feature": "tc_rate",
    "direction": "ge",
    "dedupe_id": false,
    "all_consensus_f1_avg": 0.8179089536230804,
    "tc_consensus_f1_avg": 0.815362594802493
  },
  "summary": {
    "threshold_0.333": {
      "count": 19,
      "chosen_f1_avg": 0.8178688604666534,
      "chosen_typecheck_rate": 0.8947368421052632
    }
  }
}