{
  "meta": {
    "results_path": "kimina_bestof_cycle_lenpen001_128_20_temp08_merged_start1580_2020_rescored_cpu.json",
    "ks": [
      4,
      8,
      16,
      32,
      64
    ],
    "trials": 30,
    "seed": 0
  },
  "summary": {
    "all": {
      "k_4": {
        "count": 4680,
        "f1_avg": 0.8054869854207555,
        "typecheck_rate": 0.7051282051282052
      },
      "k_8": {
        "count": 4680,
        "f1_avg": 0.8206640375707805,
        "typecheck_rate": 0.7393162393162394
      },
      "k_16": {
        "count": 4680,
        "f1_avg": 0.8290997375118797,
        "typecheck_rate": 0.763034188034188
      },
      "k_32": {
        "count": 4500,
        "f1_avg": 0.8335574784274961,
        "typecheck_rate": 0.7766666666666666
      },
      "k_64": {
        "count": 3960,
        "f1_avg": 0.8299524685246279,
        "typecheck_rate": 0.7823232323232323
      }
    },
    "tc_only": {
      "k_4": {
        "count": 4590,
        "f1_avg": 0.8179061364375408,
        "typecheck_rate": 1.0
      },
      "k_8": {
        "count": 4500,
        "f1_avg": 0.8311343346765484,
        "typecheck_rate": 1.0
      },
      "k_16": {
        "count": 4200,
        "f1_avg": 0.8436699599366054,
        "typecheck_rate": 1.0
      },
      "k_32": {
        "count": 3540,
        "f1_avg": 0.848743404680996,
        "typecheck_rate": 1.0
      },
      "k_64": {
        "count": 2190,
        "f1_avg": 0.8438686746058084,
        "typecheck_rate": 1.0
      }
    }
  }
}