{
  "meta": {
    "results_paths": [
      "kimina_bestof_cycle_lenpen001_64_20_temp08_merged_start740_1460_rescored_cpu.json"
    ],
    "feature": "tc_count",
    "direction": "ge",
    "dedupe_id": false,
    "all_consensus_f1_avg": 0.8223287408071902,
    "tc_consensus_f1_avg": 0.8223773514840438
  },
  "summary": {
    "threshold_0.0": {
      "count": 172,
      "chosen_f1_avg": 0.8223773514840435,
      "chosen_typecheck_rate": 0.9941860465116279
    },
    "threshold_8.0": {
      "count": 172,
      "chosen_f1_avg": 0.8245629585193055,
      "chosen_typecheck_rate": 0.9186046511627907
    },
    "threshold_13.0": {
      "count": 172,
      "chosen_f1_avg": 0.8233110448319922,
      "chosen_typecheck_rate": 0.8546511627906976
    },
    "threshold_23.0": {
      "count": 172,
      "chosen_f1_avg": 0.8245231960857712,
      "chosen_typecheck_rate": 0.8197674418604651
    },
    "threshold_27.0": {
      "count": 172,
      "chosen_f1_avg": 0.8243520178386149,
      "chosen_typecheck_rate": 0.7965116279069767
    },
    "threshold_33.0": {
      "count": 172,
      "chosen_f1_avg": 0.8233468814309558,
      "chosen_typecheck_rate": 0.7732558139534884
    },
    "threshold_39.0": {
      "count": 172,
      "chosen_f1_avg": 0.8227986041983135,
      "chosen_typecheck_rate": 0.7674418604651163
    },
    "threshold_42.0": {
      "count": 172,
      "chosen_f1_avg": 0.821738524323592,
      "chosen_typecheck_rate": 0.7616279069767442
    },
    "threshold_46.0": {
      "count": 172,
      "chosen_f1_avg": 0.8220239071846531,
      "chosen_typecheck_rate": 0.7616279069767442
    },
    "threshold_54.0": {
      "count": 172,
      "chosen_f1_avg": 0.8220837129178101,
      "chosen_typecheck_rate": 0.7558139534883721
    },
    "threshold_65.0": {
      "count": 172,
      "chosen_f1_avg": 0.82232874080719,
      "chosen_typecheck_rate": 0.7558139534883721
    }
  }
}