{
  "meta": {
    "results_paths": [
      "kimina_bestof_cycle_lenpen001_128_20_temp08_merged_start1580_2100_rescored_cpu.json"
    ],
    "feature": "pairwise_tc",
    "direction": "ge",
    "dedupe_id": false,
    "all_consensus_f1_avg": 0.834258064322955,
    "tc_consensus_f1_avg": 0.8388771140827725
  },
  "summary": {
    "threshold_0.0": {
      "count": 163,
      "chosen_f1_avg": 0.8388771140827722,
      "chosen_typecheck_rate": 0.9938650306748467
    },
    "threshold_0.6525040431411105": {
      "count": 163,
      "chosen_f1_avg": 0.8382283587832149,
      "chosen_typecheck_rate": 0.9386503067484663
    },
    "threshold_0.7258200704775298": {
      "count": 163,
      "chosen_f1_avg": 0.8392385255563104,
      "chosen_typecheck_rate": 0.901840490797546
    },
    "threshold_0.7515775446162982": {
      "count": 163,
      "chosen_f1_avg": 0.8391967497651712,
      "chosen_typecheck_rate": 0.852760736196319
    },
    "threshold_0.7863764834855941": {
      "count": 163,
      "chosen_f1_avg": 0.836133412243546,
      "chosen_typecheck_rate": 0.8343558282208589
    },
    "threshold_0.8118404458199318": {
      "count": 163,
      "chosen_f1_avg": 0.8368525282946785,
      "chosen_typecheck_rate": 0.8220858895705522
    },
    "threshold_0.8458602037517977": {
      "count": 163,
      "chosen_f1_avg": 0.8363021352002337,
      "chosen_typecheck_rate": 0.8098159509202454
    },
    "threshold_0.859143825148869": {
      "count": 163,
      "chosen_f1_avg": 0.8354047737218071,
      "chosen_typecheck_rate": 0.803680981595092
    },
    "threshold_0.8697211776206148": {
      "count": 163,
      "chosen_f1_avg": 0.8357580044236942,
      "chosen_typecheck_rate": 0.803680981595092
    },
    "threshold_0.8889610978225895": {
      "count": 163,
      "chosen_f1_avg": 0.8346232930676881,
      "chosen_typecheck_rate": 0.7852760736196319
    },
    "threshold_0.9510557316764594": {
      "count": 163,
      "chosen_f1_avg": 0.8342580643229547,
      "chosen_typecheck_rate": 0.7730061349693251
    }
  }
}