{
  "meta": {
    "results_path": "kimina_bestof_cycle_lenpen001_32_20_start650_temp06_qwen1p5_rescored_cpu.json"
  },
  "summary": {
    "alpha_0.0": {
      "count": 20,
      "all_f1_avg": 0.7273634248638257,
      "all_typecheck_rate": 0.65,
      "tc_f1_avg": 0.7699662020725994,
      "tc_typecheck_rate": 1.0
    },
    "alpha_0.001": {
      "count": 20,
      "all_f1_avg": 0.7257050294957529,
      "all_typecheck_rate": 0.65,
      "tc_f1_avg": 0.7683078067045266,
      "tc_typecheck_rate": 1.0
    },
    "alpha_0.002": {
      "count": 20,
      "all_f1_avg": 0.7257050294957529,
      "all_typecheck_rate": 0.65,
      "tc_f1_avg": 0.7683078067045266,
      "tc_typecheck_rate": 1.0
    },
    "alpha_0.005": {
      "count": 20,
      "all_f1_avg": 0.7301171093950871,
      "all_typecheck_rate": 0.65,
      "tc_f1_avg": 0.7691620974039762,
      "tc_typecheck_rate": 1.0
    },
    "alpha_0.01": {
      "count": 20,
      "all_f1_avg": 0.6686409478006877,
      "all_typecheck_rate": 0.6,
      "tc_f1_avg": 0.7333329844933373,
      "tc_typecheck_rate": 1.0
    },
    "alpha_0.02": {
      "count": 20,
      "all_f1_avg": 0.6763466366643259,
      "all_typecheck_rate": 0.55,
      "tc_f1_avg": 0.7359570698455806,
      "tc_typecheck_rate": 1.0
    }
  }
}