{
  "meta": {
    "results_path": "kimina_bestof_cycle_lenpen001_128_20_start2040_temp08_qwen1p5_rescored_cpu.json",
    "ks": [
      4,
      8,
      16,
      32,
      64
    ],
    "score_key": "length_penalized_score"
  },
  "summary": {
    "all": {
      "k_4": {
        "count": 20,
        "f1_avg": 0.7726925920369434,
        "typecheck_rate": 0.6
      },
      "k_8": {
        "count": 20,
        "f1_avg": 0.7782220681550202,
        "typecheck_rate": 0.7
      },
      "k_16": {
        "count": 20,
        "f1_avg": 0.7812223941040337,
        "typecheck_rate": 0.75
      },
      "k_32": {
        "count": 18,
        "f1_avg": 0.8210781249948989,
        "typecheck_rate": 0.7777777777777778
      },
      "k_64": {
        "count": 15,
        "f1_avg": 0.8298684335140873,
        "typecheck_rate": 0.7333333333333333
      }
    },
    "tc_only": {
      "k_4": {
        "count": 20,
        "f1_avg": 0.789914426669892,
        "typecheck_rate": 1.0
      },
      "k_8": {
        "count": 19,
        "f1_avg": 0.7770284940431846,
        "typecheck_rate": 1.0
      },
      "k_16": {
        "count": 18,
        "f1_avg": 0.7900819197530251,
        "typecheck_rate": 1.0
      },
      "k_32": {
        "count": 17,
        "f1_avg": 0.8014569626759398,
        "typecheck_rate": 1.0
      },
      "k_64": {
        "count": 7,
        "f1_avg": 0.7686887959356945,
        "typecheck_rate": 1.0
      }
    }
  }
}