{
  "meta": {
    "results_path": "kimina_bestof_cycle_lenpen001_64_20_start920_temp08_qwen1p5_rescored_cpu.json"
  },
  "summary": {
    "alpha_0.0": {
      "count": 20,
      "all_f1_avg": 0.7787610986556152,
      "all_typecheck_rate": 0.5,
      "tc_f1_avg": 0.792035791809485,
      "tc_typecheck_rate": 1.0
    },
    "alpha_0.001": {
      "count": 20,
      "all_f1_avg": 0.7240892706394159,
      "all_typecheck_rate": 0.45,
      "tc_f1_avg": 0.7896304018530534,
      "tc_typecheck_rate": 1.0
    },
    "alpha_0.002": {
      "count": 20,
      "all_f1_avg": 0.7256467603324988,
      "all_typecheck_rate": 0.45,
      "tc_f1_avg": 0.7911878915461363,
      "tc_typecheck_rate": 1.0
    },
    "alpha_0.005": {
      "count": 20,
      "all_f1_avg": 0.620543558969193,
      "all_typecheck_rate": 0.5,
      "tc_f1_avg": 0.6999841872928628,
      "tc_typecheck_rate": 1.0
    },
    "alpha_0.01": {
      "count": 20,
      "all_f1_avg": 0.618415710682797,
      "all_typecheck_rate": 0.65,
      "tc_f1_avg": 0.6858997740327905,
      "tc_typecheck_rate": 1.0
    },
    "alpha_0.02": {
      "count": 20,
      "all_f1_avg": 0.49871879383029993,
      "all_typecheck_rate": 0.65,
      "tc_f1_avg": 0.5239825523197814,
      "tc_typecheck_rate": 1.0
    }
  }
}