{
  "meta": {
    "results_path": "kimina_bestof_cycle_lenpen001_128_20_start1580_temp08_qwen1p5_rescored_cpu.json",
    "train_results": null,
    "test_results": null,
    "folds": 5,
    "model": "ridge",
    "ridge": 0.001,
    "gbrt_estimators": 200,
    "gbrt_learning_rate": 0.05,
    "gbrt_depth": 3,
    "baseline_feature": false
  },
  "summary": {
    "count": 20,
    "baseline_f1_avg": 0.8076196240850718,
    "learned_f1_avg": 0.8743972721906561,
    "learned_tc_f1_avg": 0.8651245449179289,
    "learned_typecheck_rate": 0.95,
    "learned_tc_typecheck_rate": 1.0,
    "learned_improve_rate": 0.7,
    "learned_tc_improve_rate": 0.7,
    "avg_weights": [
      0.7590296897476062,
      -0.000630119795740502,
      0.0795885947371938,
      0.04069110121139795
    ]
  }
}