{
  "meta": {
    "results_path": "kimina_bestof_cycle_lenpen001_128_20_start2020_temp08_qwen1p5_rescored_cpu.json"
  },
  "summary": {
    "count": 19,
    "pearson_avg": 0.3895026245053496,
    "pearson_median": 0.46549446758969165,
    "spearman_avg": 0.25222932194202485,
    "spearman_median": 0.3269687210825117
  }
}