{
  "meta": {
    "results_path": "kimina_bestof_cycle_lenpen001_128_20_start1580_temp08_qwen1p5_rescored_cpu.json"
  },
  "summary": {
    "count": 20,
    "pearson_avg": 0.2772677832146083,
    "pearson_median": 0.26753795267505914,
    "spearman_avg": 0.1946120550680376,
    "spearman_median": 0.19267538389590175
  }
}