{
  "meta": {
    "results_path": "kimina_bestof_cycle_lenpen001_128_20_start2120_temp08_qwen1p5_rescored_cpu.json",
    "train_results": null,
    "test_results": null,
    "folds": 5,
    "model": "ridge",
    "ridge": 0.001,
    "gbrt_estimators": 200,
    "gbrt_learning_rate": 0.05,
    "gbrt_depth": 3,
    "baseline_feature": false
  },
  "summary": {
    "count": 19,
    "baseline_f1_avg": 0.7866442504748686,
    "learned_f1_avg": 0.8267554423445634,
    "learned_tc_f1_avg": 0.8267554423445634,
    "learned_typecheck_rate": 0.9473684210526315,
    "learned_tc_typecheck_rate": 0.9473684210526315,
    "learned_improve_rate": 0.631578947368421,
    "learned_tc_improve_rate": 0.631578947368421,
    "avg_weights": [
      0.6856393981935146,
      0.019716457401088405,
      0.06942504381847515,
      0.09475624394482814
    ]
  }
}