{
  "meta": {
    "results_path": "kimina_bestof_cycle_lenpen001_128_20_start1680_temp08_qwen1p5_rescored_cpu.json"
  },
  "summary": {
    "alpha_0.0": {
      "count": 17,
      "all_f1_avg": 0.7831602607677398,
      "all_typecheck_rate": 0.5294117647058824,
      "tc_f1_avg": 0.8023677289024347,
      "tc_typecheck_rate": 1.0
    },
    "alpha_0.001": {
      "count": 17,
      "all_f1_avg": 0.7822078873168298,
      "all_typecheck_rate": 0.5294117647058824,
      "tc_f1_avg": 0.8009534198528587,
      "tc_typecheck_rate": 1.0
    },
    "alpha_0.002": {
      "count": 17,
      "all_f1_avg": 0.7822078873168298,
      "all_typecheck_rate": 0.5294117647058824,
      "tc_f1_avg": 0.8009534198528587,
      "tc_typecheck_rate": 1.0
    },
    "alpha_0.005": {
      "count": 17,
      "all_f1_avg": 0.7542482368722452,
      "all_typecheck_rate": 0.5294117647058824,
      "tc_f1_avg": 0.7940260343345238,
      "tc_typecheck_rate": 1.0
    },
    "alpha_0.01": {
      "count": 17,
      "all_f1_avg": 0.6740954777691094,
      "all_typecheck_rate": 0.47058823529411764,
      "tc_f1_avg": 0.7280502185130959,
      "tc_typecheck_rate": 1.0
    },
    "alpha_0.02": {
      "count": 17,
      "all_f1_avg": 0.6711195702491861,
      "all_typecheck_rate": 0.4117647058823529,
      "tc_f1_avg": 0.7177526303505689,
      "tc_typecheck_rate": 1.0
    }
  }
}