{
  "meta": {
    "results_path": "kimina_bestof_cycle_lenpen001_128_20_temp08_merged_start1580_2200_rescored_cpu.json"
  },
  "summary": {
    "count": 261,
    "baseline_f1_avg": 0.766382807405704,
    "consensus_f1_avg": 0.8318954051605011,
    "consensus_tc_f1_avg": 0.8339019897801054,
    "consensus_typecheck_rate": 0.8084291187739464,
    "consensus_tc_typecheck_rate": 0.9885057471264368
  }
}