{
  "meta": {
    "results_path": "kimina_bestof_cycle_lenpen001_temp08_merged_64_128_rescored.json",
    "folds": 5,
    "ridge": 0.001,
    "digit_source": "nl",
    "no_cycle": true,
    "no_length": false,
    "no_consensus": false,
    "no_typecheck": false,
    "extra_candidate_features": true,
    "numeric_features": false
  },
  "summary": {
    "base": {
      "count": 859,
      "f1_avg": 0.8406529846193099,
      "baseline_f1_avg": 0.7740837768437154,
      "improve_rate": 0.6472642607683353,
      "digits": {
        "count": 543,
        "f1_avg": 0.8355609748919557,
        "baseline_f1_avg": 0.7737655850323506,
        "improve_rate": 0.6058931860036832
      },
      "nodigits": {
        "count": 316,
        "f1_avg": 0.8494028620938453,
        "baseline_f1_avg": 0.7746305431524865,
        "improve_rate": 0.7183544303797469
      }
    },
    "nl": {
      "count": 859,
      "f1_avg": 0.841036412169324,
      "baseline_f1_avg": 0.7740837768437154,
      "improve_rate": 0.6519208381839348,
      "digits": {
        "count": 543,
        "f1_avg": 0.8360131681495826,
        "baseline_f1_avg": 0.7737655850323506,
        "improve_rate": 0.6114180478821363
      },
      "nodigits": {
        "count": 316,
        "f1_avg": 0.8496681257855266,
        "baseline_f1_avg": 0.7746305431524865,
        "improve_rate": 0.7215189873417721
      }
    },
    "gate": {
      "count": 859,
      "f1_avg": 0.8409388297169711,
      "baseline_f1_avg": 0.7740837768437154,
      "improve_rate": 0.6507566938300349,
      "digits": {
        "count": 543,
        "f1_avg": 0.8360131681495826,
        "baseline_f1_avg": 0.7737655850323506,
        "improve_rate": 0.6114180478821363
      },
      "nodigits": {
        "count": 316,
        "f1_avg": 0.8494028620938453,
        "baseline_f1_avg": 0.7746305431524865,
        "improve_rate": 0.7183544303797469
      }
    },
    "gate_counts": {
      "use_nl_count": 543,
      "use_base_count": 316
    }
  }
}