{
  "meta": {
    "results_path": "kimina_bestof_cycle_lenpen001_128_20_start2040_temp08_qwen1p5_rescored_cpu.json"
  },
  "summary": {
    "alpha_0.0_beta_0.0": {
      "count": 20,
      "all_f1_avg": 0.7043949083848324,
      "all_typecheck_rate": 0.45,
      "tc_f1_avg": 0.7333575926824867,
      "tc_typecheck_rate": 1.0
    },
    "alpha_0.0_beta_0.5": {
      "count": 20,
      "all_f1_avg": 0.7584075026734081,
      "all_typecheck_rate": 0.45,
      "tc_f1_avg": 0.8086127308605228,
      "tc_typecheck_rate": 1.0
    },
    "alpha_0.0_beta_1.0": {
      "count": 20,
      "all_f1_avg": 0.76827169838304,
      "all_typecheck_rate": 0.5,
      "tc_f1_avg": 0.8179588994441973,
      "tc_typecheck_rate": 1.0
    },
    "alpha_0.0_beta_2.0": {
      "count": 20,
      "all_f1_avg": 0.7724682012904822,
      "all_typecheck_rate": 0.6,
      "tc_f1_avg": 0.819357032535636,
      "tc_typecheck_rate": 1.0
    },
    "alpha_0.0_beta_3.0": {
      "count": 20,
      "all_f1_avg": 0.8012760709413904,
      "all_typecheck_rate": 0.7,
      "tc_f1_avg": 0.8205024547538864,
      "tc_typecheck_rate": 1.0
    },
    "alpha_0.001_beta_0.0": {
      "count": 20,
      "all_f1_avg": 0.7043949083848324,
      "all_typecheck_rate": 0.45,
      "tc_f1_avg": 0.732802037126931,
      "tc_typecheck_rate": 1.0
    },
    "alpha_0.001_beta_0.5": {
      "count": 20,
      "all_f1_avg": 0.7584075026734081,
      "all_typecheck_rate": 0.45,
      "tc_f1_avg": 0.8080571753049671,
      "tc_typecheck_rate": 1.0
    },
    "alpha_0.001_beta_1.0": {
      "count": 20,
      "all_f1_avg": 0.7677506437128112,
      "all_typecheck_rate": 0.55,
      "tc_f1_avg": 0.8052332064352725,
      "tc_typecheck_rate": 1.0
    },
    "alpha_0.001_beta_2.0": {
      "count": 20,
      "all_f1_avg": 0.7724682012904822,
      "all_typecheck_rate": 0.6,
      "tc_f1_avg": 0.819357032535636,
      "tc_typecheck_rate": 1.0
    },
    "alpha_0.001_beta_3.0": {
      "count": 20,
      "all_f1_avg": 0.8012760709413904,
      "all_typecheck_rate": 0.7,
      "tc_f1_avg": 0.8205024547538864,
      "tc_typecheck_rate": 1.0
    },
    "alpha_0.002_beta_0.0": {
      "count": 20,
      "all_f1_avg": 0.7062421419928634,
      "all_typecheck_rate": 0.4,
      "tc_f1_avg": 0.7370735131592044,
      "tc_typecheck_rate": 1.0
    },
    "alpha_0.002_beta_0.5": {
      "count": 20,
      "all_f1_avg": 0.7486511902185883,
      "all_typecheck_rate": 0.45,
      "tc_f1_avg": 0.8080571753049671,
      "tc_typecheck_rate": 1.0
    },
    "alpha_0.002_beta_1.0": {
      "count": 20,
      "all_f1_avg": 0.7677506437128112,
      "all_typecheck_rate": 0.55,
      "tc_f1_avg": 0.8052332064352725,
      "tc_typecheck_rate": 1.0
    },
    "alpha_0.002_beta_2.0": {
      "count": 20,
      "all_f1_avg": 0.7745391001872085,
      "all_typecheck_rate": 0.6,
      "tc_f1_avg": 0.8214279314323623,
      "tc_typecheck_rate": 1.0
    },
    "alpha_0.002_beta_3.0": {
      "count": 20,
      "all_f1_avg": 0.7832281024375113,
      "all_typecheck_rate": 0.7,
      "tc_f1_avg": 0.7960421250718325,
      "tc_typecheck_rate": 1.0
    },
    "alpha_0.005_beta_0.0": {
      "count": 20,
      "all_f1_avg": 0.6997750134852686,
      "all_typecheck_rate": 0.35,
      "tc_f1_avg": 0.7585970276095255,
      "tc_typecheck_rate": 1.0
    },
    "alpha_0.005_beta_0.5": {
      "count": 20,
      "all_f1_avg": 0.7436865571505069,
      "all_typecheck_rate": 0.45,
      "tc_f1_avg": 0.8034684802925435,
      "tc_typecheck_rate": 1.0
    },
    "alpha_0.005_beta_1.0": {
      "count": 20,
      "all_f1_avg": 0.740665083479534,
      "all_typecheck_rate": 0.5,
      "tc_f1_avg": 0.8072172449955823,
      "tc_typecheck_rate": 1.0
    },
    "alpha_0.005_beta_2.0": {
      "count": 20,
      "all_f1_avg": 0.778870797534107,
      "all_typecheck_rate": 0.6,
      "tc_f1_avg": 0.7869881367571622,
      "tc_typecheck_rate": 1.0
    },
    "alpha_0.005_beta_3.0": {
      "count": 20,
      "all_f1_avg": 0.7724179940181969,
      "all_typecheck_rate": 0.65,
      "tc_f1_avg": 0.7946163646192089,
      "tc_typecheck_rate": 1.0
    },
    "alpha_0.01_beta_0.0": {
      "count": 20,
      "all_f1_avg": 0.693811366192222,
      "all_typecheck_rate": 0.4,
      "tc_f1_avg": 0.7446846690131628,
      "tc_typecheck_rate": 1.0
    },
    "alpha_0.01_beta_0.5": {
      "count": 20,
      "all_f1_avg": 0.6983961187188829,
      "all_typecheck_rate": 0.45,
      "tc_f1_avg": 0.7376276342807302,
      "tc_typecheck_rate": 1.0
    },
    "alpha_0.01_beta_1.0": {
      "count": 20,
      "all_f1_avg": 0.7412345833831749,
      "all_typecheck_rate": 0.4,
      "tc_f1_avg": 0.7814011051153226,
      "tc_typecheck_rate": 1.0
    },
    "alpha_0.01_beta_2.0": {
      "count": 20,
      "all_f1_avg": 0.7510522375453423,
      "all_typecheck_rate": 0.6,
      "tc_f1_avg": 0.7805644242523259,
      "tc_typecheck_rate": 1.0
    },
    "alpha_0.01_beta_3.0": {
      "count": 20,
      "all_f1_avg": 0.7712830834883588,
      "all_typecheck_rate": 0.7,
      "tc_f1_avg": 0.7899726821595463,
      "tc_typecheck_rate": 1.0
    },
    "alpha_0.02_beta_0.0": {
      "count": 20,
      "all_f1_avg": 0.6066470888540386,
      "all_typecheck_rate": 0.5,
      "tc_f1_avg": 0.6838959774739705,
      "tc_typecheck_rate": 1.0
    },
    "alpha_0.02_beta_0.5": {
      "count": 20,
      "all_f1_avg": 0.6601539537458688,
      "all_typecheck_rate": 0.55,
      "tc_f1_avg": 0.7303917909769242,
      "tc_typecheck_rate": 1.0
    },
    "alpha_0.02_beta_1.0": {
      "count": 20,
      "all_f1_avg": 0.6789920092232432,
      "all_typecheck_rate": 0.45,
      "tc_f1_avg": 0.7303917909769242,
      "tc_typecheck_rate": 1.0
    },
    "alpha_0.02_beta_2.0": {
      "count": 20,
      "all_f1_avg": 0.7345822502435373,
      "all_typecheck_rate": 0.55,
      "tc_f1_avg": 0.780782347414585,
      "tc_typecheck_rate": 1.0
    },
    "alpha_0.02_beta_3.0": {
      "count": 20,
      "all_f1_avg": 0.7412422903299684,
      "all_typecheck_rate": 0.65,
      "tc_f1_avg": 0.7784872654473718,
      "tc_typecheck_rate": 1.0
    }
  }
}