{
  "meta": {
    "results_path": "kimina_bestof_cycle_lenpen001_128_20_start2280_temp08_qwen1p5_rescored.json"
  },
  "summary": {
    "count": 19,
    "baseline_f1_avg": 0.8217524019082127,
    "oracle_f1_avg": 0.9490097955694538,
    "oracle_tc_f1_avg": 0.9396180902466668,
    "oracle_typecheck_rate": 0.8947368421052632,
    "oracle_tc_typecheck_rate": 1.0,
    "oracle_improve_rate": 0.8947368421052632,
    "oracle_tc_improve_rate": 0.8421052631578947
  }
}