{
  "meta": {
    "results_paths": [
      "kimina_bestof_cycle_lenpen001_128_20_temp08_merged_start1580_2220_rescored_cpu.json"
    ],
    "feature": "pairwise",
    "direction": "ge",
    "dedupe_id": false,
    "all_consensus_f1_avg": 0.8353208992363801,
    "tc_consensus_f1_avg": 0.8348587246244813
  },
  "summary": {
    "threshold_0.42080280196176717": {
      "count": 630,
      "chosen_f1_avg": 0.8348587246244825,
      "chosen_typecheck_rate": 0.9952380952380953
    },
    "threshold_0.6756097812452493": {
      "count": 630,
      "chosen_f1_avg": 0.8319105677650609,
      "chosen_typecheck_rate": 0.9555555555555556
    },
    "threshold_0.7192685209007977": {
      "count": 630,
      "chosen_f1_avg": 0.832379087422645,
      "chosen_typecheck_rate": 0.9349206349206349
    },
    "threshold_0.7465078004720597": {
      "count": 630,
      "chosen_f1_avg": 0.8318806346528179,
      "chosen_typecheck_rate": 0.9142857142857143
    },
    "threshold_0.7696016682707566": {
      "count": 630,
      "chosen_f1_avg": 0.8316701352373526,
      "chosen_typecheck_rate": 0.9047619047619048
    },
    "threshold_0.7896413713823908": {
      "count": 630,
      "chosen_f1_avg": 0.8348646432854059,
      "chosen_typecheck_rate": 0.8857142857142857
    },
    "threshold_0.8075008665360551": {
      "count": 630,
      "chosen_f1_avg": 0.8366203113149121,
      "chosen_typecheck_rate": 0.8666666666666667
    },
    "threshold_0.8337397022300532": {
      "count": 630,
      "chosen_f1_avg": 0.837013694138379,
      "chosen_typecheck_rate": 0.8571428571428571
    },
    "threshold_0.8514078200486005": {
      "count": 630,
      "chosen_f1_avg": 0.8354563762527066,
      "chosen_typecheck_rate": 0.8380952380952381
    },
    "threshold_0.8747875330818274": {
      "count": 630,
      "chosen_f1_avg": 0.8355195983884982,
      "chosen_typecheck_rate": 0.8269841269841269
    },
    "threshold_0.9438914017678607": {
      "count": 630,
      "chosen_f1_avg": 0.8353208992363812,
      "chosen_typecheck_rate": 0.8222222222222222
    }
  }
}