{
  "meta": {
    "results_paths": [
      "kimina_bestof_cycle_lenpen001_128_20_start1580_temp08_qwen1p5_rescored_cpu.json",
      "kimina_bestof_cycle_lenpen001_128_20_start1600_temp08_qwen1p5_rescored_cpu.json",
      "kimina_bestof_cycle_lenpen001_128_20_start1620_temp08_qwen1p5_rescored_cpu.json",
      "kimina_bestof_cycle_lenpen001_128_20_start1640_temp08_qwen1p5_rescored_cpu.json",
      "kimina_bestof_cycle_lenpen001_128_20_start1660_temp08_qwen1p5_rescored_cpu.json",
      "kimina_bestof_cycle_lenpen001_128_20_start1680_temp08_qwen1p5_rescored_cpu.json",
      "kimina_bestof_cycle_lenpen001_128_20_start1700_temp08_qwen1p5_rescored_cpu.json"
    ],
    "feature": "tc_rate",
    "direction": "ge",
    "dedupe_id": false,
    "all_consensus_f1_avg": 0.8366028537600148,
    "tc_consensus_f1_avg": 0.8420378577190876
  },
  "summary": {
    "threshold_0.0": {
      "count": 134,
      "chosen_f1_avg": 0.8420378577190872,
      "chosen_typecheck_rate": 0.9925373134328358
    },
    "threshold_0.1937984496124031": {
      "count": 134,
      "chosen_f1_avg": 0.8455913813685428,
      "chosen_typecheck_rate": 0.917910447761194
    },
    "threshold_0.4": {
      "count": 134,
      "chosen_f1_avg": 0.8432383888539505,
      "chosen_typecheck_rate": 0.8582089552238806
    },
    "threshold_0.5633802816901409": {
      "count": 134,
      "chosen_f1_avg": 0.8412680938306293,
      "chosen_typecheck_rate": 0.8208955223880597
    },
    "threshold_0.6623376623376623": {
      "count": 134,
      "chosen_f1_avg": 0.8407632964455148,
      "chosen_typecheck_rate": 0.8208955223880597
    },
    "threshold_0.7321428571428571": {
      "count": 134,
      "chosen_f1_avg": 0.8393747004207246,
      "chosen_typecheck_rate": 0.8059701492537313
    },
    "threshold_0.8333333333333334": {
      "count": 134,
      "chosen_f1_avg": 0.8376209239440552,
      "chosen_typecheck_rate": 0.8059701492537313
    },
    "threshold_0.8928571428571429": {
      "count": 134,
      "chosen_f1_avg": 0.8368961431259331,
      "chosen_typecheck_rate": 0.7985074626865671
    },
    "threshold_0.9344262295081968": {
      "count": 134,
      "chosen_f1_avg": 0.8365330901272905,
      "chosen_typecheck_rate": 0.7985074626865671
    },
    "threshold_0.9682539682539683": {
      "count": 134,
      "chosen_f1_avg": 0.8366028537600142,
      "chosen_typecheck_rate": 0.7985074626865671
    },
    "threshold_1.0": {
      "count": 134,
      "chosen_f1_avg": 0.8366028537600142,
      "chosen_typecheck_rate": 0.7985074626865671
    }
  }
}