{
  "meta": {
    "results_paths": [
      "kimina_bestof_cycle_lenpen001_128_20_temp08_merged_start1580_2260_rescored_cpu.json"
    ],
    "feature": "pairwise",
    "direction": "ge",
    "dedupe_id": false,
    "all_consensus_f1_avg": 0.8354716107569197,
    "tc_consensus_f1_avg": 0.8350599926671755
  },
  "summary": {
    "threshold_0.42080280196176717": {
      "count": 668,
      "chosen_f1_avg": 0.8350599926671766,
      "chosen_typecheck_rate": 0.9955089820359282
    },
    "threshold_0.6756097812452493": {
      "count": 668,
      "chosen_f1_avg": 0.8322894026559648,
      "chosen_typecheck_rate": 0.9580838323353293
    },
    "threshold_0.7198880124843741": {
      "count": 668,
      "chosen_f1_avg": 0.8324280303232011,
      "chosen_typecheck_rate": 0.937125748502994
    },
    "threshold_0.7468540417914897": {
      "count": 668,
      "chosen_f1_avg": 0.8322250950295063,
      "chosen_typecheck_rate": 0.9191616766467066
    },
    "threshold_0.771350647005838": {
      "count": 668,
      "chosen_f1_avg": 0.8320895040135684,
      "chosen_typecheck_rate": 0.9086826347305389
    },
    "threshold_0.7904690729552476": {
      "count": 668,
      "chosen_f1_avg": 0.8350123914015495,
      "chosen_typecheck_rate": 0.8862275449101796
    },
    "threshold_0.8090629837677311": {
      "count": 668,
      "chosen_f1_avg": 0.8367592014109613,
      "chosen_typecheck_rate": 0.8712574850299402
    },
    "threshold_0.8342295585859049": {
      "count": 668,
      "chosen_f1_avg": 0.8371229224535007,
      "chosen_typecheck_rate": 0.8607784431137725
    },
    "threshold_0.8518590780312298": {
      "count": 668,
      "chosen_f1_avg": 0.8357106505643697,
      "chosen_typecheck_rate": 0.8413173652694611
    },
    "threshold_0.874307188312049": {
      "count": 668,
      "chosen_f1_avg": 0.8356634822537715,
      "chosen_typecheck_rate": 0.8323353293413174
    },
    "threshold_0.9438914017678607": {
      "count": 668,
      "chosen_f1_avg": 0.8354716107569204,
      "chosen_typecheck_rate": 0.8263473053892215
    }
  }
}