{
  "meta": {
    "results_path": "kimina_bestof_cycle_lenpen001_64_20_start1540_temp08_qwen1p5_rescored_cpu.json"
  },
  "summary": {
    "count": 18,
    "baseline_f1_avg": 0.7891499767108694,
    "consensus_f1_avg": 0.8330151955199755,
    "consensus_tc_f1_avg": 0.8274664417985131,
    "consensus_typecheck_rate": 0.8888888888888888,
    "consensus_tc_typecheck_rate": 1.0
  }
}