{
  "meta": {
    "results_path": "kimina_bestof_cycle_lenpen001_64_20_start1260_temp08_qwen1p5_rescored_cpu.json",
    "ks": [
      4,
      8,
      16,
      32,
      64
    ],
    "trials": 30,
    "seed": 0
  },
  "summary": {
    "all": {
      "k_4": {
        "count": 570,
        "f1_avg": 0.7899143253798253,
        "typecheck_rate": 0.7263157894736842
      },
      "k_8": {
        "count": 570,
        "f1_avg": 0.8003621982639392,
        "typecheck_rate": 0.7649122807017544
      },
      "k_16": {
        "count": 540,
        "f1_avg": 0.8084566917039924,
        "typecheck_rate": 0.8055555555555556
      },
      "k_32": {
        "count": 510,
        "f1_avg": 0.8087183242931228,
        "typecheck_rate": 0.8352941176470589
      },
      "k_64": {
        "count": 120,
        "f1_avg": 0.8147186199267415,
        "typecheck_rate": 0.5
      }
    },
    "tc_only": {
      "k_4": {
        "count": 510,
        "f1_avg": 0.8208581927982458,
        "typecheck_rate": 1.0
      },
      "k_8": {
        "count": 450,
        "f1_avg": 0.8296179070067126,
        "typecheck_rate": 1.0
      },
      "k_16": {
        "count": 450,
        "f1_avg": 0.8392239055863286,
        "typecheck_rate": 1.0
      },
      "k_32": {
        "count": 330,
        "f1_avg": 0.8745776299160224,
        "typecheck_rate": 1.0
      },
      "k_64": {
        "count": 30,
        "f1_avg": 0.8050314465408804,
        "typecheck_rate": 1.0
      }
    }
  }
}