{
  "meta": {
    "results_path": "kimina_bestof_cycle_lenpen001_128_20_temp08_merged_start1580_2280_rescored.json",
    "folds": 5,
    "ridge": 0.001
  },
  "summary": {
    "count": 687,
    "meta_f1_avg": 0.8400835505539735,
    "consensus_f1_avg": 0.835686414293943,
    "learned_f1_avg": 0.8408057010341872,
    "meta_typecheck_rate": 0.9592430858806404,
    "choose_learned_rate": 0.7743813682678311,
    "avg_weights": [
      0.0044482870375553265,
      0.0006038527064254038,
      -0.002334958599760395,
      0.0020010574357684314,
      -0.0035919677008561792,
      -0.0006916452125444964,
      -0.0017691652749432089,
      0.007319489604468363,
      -0.01157741831150144
    ],
    "avg_threshold": -0.0019983186560998496
  }
}