{
  "meta": {
    "results_path": "kimina_bestof_cycle_lenpen001_128_20_start1760_temp08_qwen1p5_rescored_cpu.json",
    "ks": [
      4,
      8,
      16,
      32,
      64
    ],
    "score_key": "length_penalized_score"
  },
  "summary": {
    "all": {
      "k_4": {
        "count": 18,
        "f1_avg": 0.7365631588851528,
        "typecheck_rate": 0.5555555555555556
      },
      "k_8": {
        "count": 18,
        "f1_avg": 0.8051781774893643,
        "typecheck_rate": 0.5555555555555556
      },
      "k_16": {
        "count": 18,
        "f1_avg": 0.7830392187388369,
        "typecheck_rate": 0.5555555555555556
      },
      "k_32": {
        "count": 18,
        "f1_avg": 0.8066279100701785,
        "typecheck_rate": 0.6111111111111112
      },
      "k_64": {
        "count": 16,
        "f1_avg": 0.8048777051321709,
        "typecheck_rate": 0.5625
      }
    },
    "tc_only": {
      "k_4": {
        "count": 18,
        "f1_avg": 0.8035594783472054,
        "typecheck_rate": 1.0
      },
      "k_8": {
        "count": 18,
        "f1_avg": 0.8162976433958833,
        "typecheck_rate": 1.0
      },
      "k_16": {
        "count": 17,
        "f1_avg": 0.8036218338088665,
        "typecheck_rate": 1.0
      },
      "k_32": {
        "count": 13,
        "f1_avg": 0.7917028512376866,
        "typecheck_rate": 1.0
      },
      "k_64": {
        "count": 8,
        "f1_avg": 0.8114556735648599,
        "typecheck_rate": 1.0
      }
    }
  }
}