{
  "meta": {
    "results_path": "kimina_bestof_cycle_lenpen001_16_100_temp02.json"
  },
  "summary": {
    "alpha_0.0_beta_0.0": {
      "count": 67,
      "all_f1_avg": 0.8026761764778291,
      "all_typecheck_rate": 0.7014925373134329,
      "tc_f1_avg": 0.8002382309608719,
      "tc_typecheck_rate": 0.8805970149253731
    },
    "alpha_0.0_beta_0.5": {
      "count": 67,
      "all_f1_avg": 0.8049654591006797,
      "all_typecheck_rate": 0.7014925373134329,
      "tc_f1_avg": 0.7983469459459739,
      "tc_typecheck_rate": 0.8805970149253731
    },
    "alpha_0.0_beta_1.0": {
      "count": 67,
      "all_f1_avg": 0.8111093995368116,
      "all_typecheck_rate": 0.7164179104477612,
      "tc_f1_avg": 0.800314194434139,
      "tc_typecheck_rate": 0.8805970149253731
    },
    "alpha_0.0_beta_2.0": {
      "count": 67,
      "all_f1_avg": 0.8139464447924072,
      "all_typecheck_rate": 0.7313432835820896,
      "tc_f1_avg": 0.8047340502597876,
      "tc_typecheck_rate": 0.8805970149253731
    },
    "alpha_0.0_beta_3.0": {
      "count": 67,
      "all_f1_avg": 0.8168484227371983,
      "all_typecheck_rate": 0.746268656716418,
      "tc_f1_avg": 0.8068616962133474,
      "tc_typecheck_rate": 0.8805970149253731
    },
    "alpha_0.001_beta_0.0": {
      "count": 67,
      "all_f1_avg": 0.8061786525517819,
      "all_typecheck_rate": 0.7164179104477612,
      "tc_f1_avg": 0.8015081775509468,
      "tc_typecheck_rate": 0.8805970149253731
    },
    "alpha_0.001_beta_0.5": {
      "count": 67,
      "all_f1_avg": 0.8097275456877987,
      "all_typecheck_rate": 0.7164179104477612,
      "tc_f1_avg": 0.7989323405851262,
      "tc_typecheck_rate": 0.8805970149253731
    },
    "alpha_0.001_beta_1.0": {
      "count": 67,
      "all_f1_avg": 0.8157850277233794,
      "all_typecheck_rate": 0.7313432835820896,
      "tc_f1_avg": 0.8055736290503551,
      "tc_typecheck_rate": 0.8805970149253731
    },
    "alpha_0.001_beta_2.0": {
      "count": 67,
      "all_f1_avg": 0.8139464447924072,
      "all_typecheck_rate": 0.7313432835820896,
      "tc_f1_avg": 0.8054715250152262,
      "tc_typecheck_rate": 0.8805970149253731
    },
    "alpha_0.001_beta_3.0": {
      "count": 67,
      "all_f1_avg": 0.8189046859874913,
      "all_typecheck_rate": 0.746268656716418,
      "tc_f1_avg": 0.809655434219079,
      "tc_typecheck_rate": 0.8805970149253731
    },
    "alpha_0.002_beta_0.0": {
      "count": 67,
      "all_f1_avg": 0.80764587807979,
      "all_typecheck_rate": 0.7164179104477612,
      "tc_f1_avg": 0.8037128778343937,
      "tc_typecheck_rate": 0.8805970149253731
    },
    "alpha_0.002_beta_0.5": {
      "count": 67,
      "all_f1_avg": 0.8111947712158069,
      "all_typecheck_rate": 0.7164179104477612,
      "tc_f1_avg": 0.8024506973054896,
      "tc_typecheck_rate": 0.8805970149253731
    },
    "alpha_0.002_beta_1.0": {
      "count": 67,
      "all_f1_avg": 0.8162132768806237,
      "all_typecheck_rate": 0.7313432835820896,
      "tc_f1_avg": 0.8060018782075995,
      "tc_typecheck_rate": 0.8805970149253731
    },
    "alpha_0.002_beta_2.0": {
      "count": 67,
      "all_f1_avg": 0.8147600053171864,
      "all_typecheck_rate": 0.7313432835820896,
      "tc_f1_avg": 0.8062850855400056,
      "tc_typecheck_rate": 0.8805970149253731
    },
    "alpha_0.002_beta_3.0": {
      "count": 67,
      "all_f1_avg": 0.817911667210409,
      "all_typecheck_rate": 0.746268656716418,
      "tc_f1_avg": 0.809655434219079,
      "tc_typecheck_rate": 0.8805970149253731
    },
    "alpha_0.005_beta_0.0": {
      "count": 67,
      "all_f1_avg": 0.8169073702148985,
      "all_typecheck_rate": 0.7164179104477612,
      "tc_f1_avg": 0.8085595745039844,
      "tc_typecheck_rate": 0.8805970149253731
    },
    "alpha_0.005_beta_0.5": {
      "count": 67,
      "all_f1_avg": 0.8163665798380424,
      "all_typecheck_rate": 0.7313432835820896,
      "tc_f1_avg": 0.8068943598251213,
      "tc_typecheck_rate": 0.8805970149253731
    },
    "alpha_0.005_beta_1.0": {
      "count": 67,
      "all_f1_avg": 0.8170625148476377,
      "all_typecheck_rate": 0.7313432835820896,
      "tc_f1_avg": 0.8075619202800969,
      "tc_typecheck_rate": 0.8805970149253731
    },
    "alpha_0.005_beta_2.0": {
      "count": 67,
      "all_f1_avg": 0.8174854523193679,
      "all_typecheck_rate": 0.7313432835820896,
      "tc_f1_avg": 0.8090105325421869,
      "tc_typecheck_rate": 0.8805970149253731
    },
    "alpha_0.005_beta_3.0": {
      "count": 67,
      "all_f1_avg": 0.8187006229912132,
      "all_typecheck_rate": 0.746268656716418,
      "tc_f1_avg": 0.8104443899998832,
      "tc_typecheck_rate": 0.8805970149253731
    },
    "alpha_0.01_beta_0.0": {
      "count": 67,
      "all_f1_avg": 0.8184457118073623,
      "all_typecheck_rate": 0.7313432835820896,
      "tc_f1_avg": 0.8083575240142942,
      "tc_typecheck_rate": 0.8805970149253731
    },
    "alpha_0.01_beta_0.5": {
      "count": 67,
      "all_f1_avg": 0.818309508318936,
      "all_typecheck_rate": 0.7313432835820896,
      "tc_f1_avg": 0.808221320525868,
      "tc_typecheck_rate": 0.8805970149253731
    },
    "alpha_0.01_beta_1.0": {
      "count": 67,
      "all_f1_avg": 0.8166706569369082,
      "all_typecheck_rate": 0.7313432835820896,
      "tc_f1_avg": 0.8094804585350127,
      "tc_typecheck_rate": 0.8805970149253731
    },
    "alpha_0.01_beta_2.0": {
      "count": 67,
      "all_f1_avg": 0.8187376124616889,
      "all_typecheck_rate": 0.7313432835820896,
      "tc_f1_avg": 0.811546971771912,
      "tc_typecheck_rate": 0.8805970149253731
    },
    "alpha_0.01_beta_3.0": {
      "count": 67,
      "all_f1_avg": 0.8174381374478307,
      "all_typecheck_rate": 0.746268656716418,
      "tc_f1_avg": 0.8102474967580535,
      "tc_typecheck_rate": 0.8805970149253731
    },
    "alpha_0.02_beta_0.0": {
      "count": 67,
      "all_f1_avg": 0.8162012152584284,
      "all_typecheck_rate": 0.7313432835820896,
      "tc_f1_avg": 0.8086631801484196,
      "tc_typecheck_rate": 0.8805970149253731
    },
    "alpha_0.02_beta_0.5": {
      "count": 67,
      "all_f1_avg": 0.8144600869317303,
      "all_typecheck_rate": 0.7313432835820896,
      "tc_f1_avg": 0.8071407386075724,
      "tc_typecheck_rate": 0.8805970149253731
    },
    "alpha_0.02_beta_1.0": {
      "count": 67,
      "all_f1_avg": 0.8144711150018139,
      "all_typecheck_rate": 0.7313432835820896,
      "tc_f1_avg": 0.8087644741865319,
      "tc_typecheck_rate": 0.8805970149253731
    },
    "alpha_0.02_beta_2.0": {
      "count": 67,
      "all_f1_avg": 0.816433071967583,
      "all_typecheck_rate": 0.7313432835820896,
      "tc_f1_avg": 0.8120117130345976,
      "tc_typecheck_rate": 0.8805970149253731
    },
    "alpha_0.02_beta_3.0": {
      "count": 67,
      "all_f1_avg": 0.8167271383556759,
      "all_typecheck_rate": 0.7313432835820896,
      "tc_f1_avg": 0.8104908557371118,
      "tc_typecheck_rate": 0.8805970149253731
    }
  }
}