{
  "meta": {
    "results_path": "kimina_bestof_cycle_lenpen001_64_20_start1140_temp08_qwen1p5_rescored_cpu.json"
  },
  "summary": {
    "alpha_0.0": {
      "count": 20,
      "all_f1_avg": 0.7256956755252,
      "all_typecheck_rate": 0.65,
      "tc_f1_avg": 0.7440703632008974,
      "tc_typecheck_rate": 0.9
    },
    "alpha_0.001": {
      "count": 20,
      "all_f1_avg": 0.7293063076190928,
      "all_typecheck_rate": 0.65,
      "tc_f1_avg": 0.7533720522053594,
      "tc_typecheck_rate": 0.9
    },
    "alpha_0.002": {
      "count": 20,
      "all_f1_avg": 0.7357214434530095,
      "all_typecheck_rate": 0.65,
      "tc_f1_avg": 0.7540791229124302,
      "tc_typecheck_rate": 0.9
    },
    "alpha_0.005": {
      "count": 20,
      "all_f1_avg": 0.7274667855690101,
      "all_typecheck_rate": 0.55,
      "tc_f1_avg": 0.7330853763356847,
      "tc_typecheck_rate": 0.9
    },
    "alpha_0.01": {
      "count": 20,
      "all_f1_avg": 0.6812987635056931,
      "all_typecheck_rate": 0.55,
      "tc_f1_avg": 0.6946729855374493,
      "tc_typecheck_rate": 0.9
    },
    "alpha_0.02": {
      "count": 20,
      "all_f1_avg": 0.5590472977891635,
      "all_typecheck_rate": 0.5,
      "tc_f1_avg": 0.5900508921180874,
      "tc_typecheck_rate": 0.9
    }
  }
}