{
  "meta": {
    "results_paths": [
      "kimina_bestof_cycle_lenpen001_128_20_temp08_merged_start1580_2260_rescored_cpu.json"
    ],
    "folds": 5,
    "model": "gbrt",
    "ridge": 0.001,
    "gbrt_params": {
      "n_estimators": 200,
      "learning_rate": 0.05,
      "max_depth": 3
    },
    "features": [
      "bias",
      "count",
      "tc_count",
      "tc_rate",
      "pairwise",
      "pairwise_tc",
      "consensus_margin",
      "cycle_max",
      "cycle_mean",
      "tc_cycle_max",
      "tc_cycle_mean",
      "lenpen_max",
      "lenpen_mean",
      "tc_lenpen_max",
      "tc_lenpen_mean",
      "len_mean",
      "tc_len_mean",
      "best_cycle_is_tc",
      "best_lenpen_is_tc"
    ]
  },
  "summary": {
    "count": 668,
    "gate_f1_avg": 0.8407425014401116,
    "all_f1_avg": 0.8354716107569191,
    "tc_f1_avg": 0.8350599926671749,
    "gate_typecheck_rate": 0.9341317365269461,
    "avg_importances": [
      0.0,
      0.014033769108855376,
      0.08888296493541606,
      0.12960063358354418,
      0.06119568834256258,
      0.1700582962462225,
      0.012084629236437532,
      0.029025735818350367,
      0.03826951533851719,
      0.056872542489378244,
      0.03765160200633768,
      0.03535748148170077,
      0.019380887396627793,
      0.027767849831015084,
      0.024937321970046913,
      0.06843650923952652,
      0.18582231392003198,
      0.00032485372610389847,
      0.0002974053293253433
    ],
    "avg_threshold": 0.0010601263658283763
  }
}