{
  "meta": {
    "results_path": "kimina_bestof_cycle_lenpen001_temp08_merged_64_128_rescored.json",
    "folds": 5,
    "ridge": 0.001,
    "digit_source": "nl",
    "no_cycle": true,
    "no_length": false,
    "no_consensus": false,
    "no_typecheck": false,
    "extra_candidate_features": true,
    "numeric_features": false
  },
  "summary": {
    "base": {
      "count": 859,
      "f1_avg": 0.8406529846193099,
      "baseline_f1_avg": 0.7740837768437154,
      "improve_rate": 0.6472642607683353,
      "digits": {
        "count": 569,
        "f1_avg": 0.8359354399534579,
        "baseline_f1_avg": 0.7732069005132559,
        "improve_rate": 0.6080843585237259
      },
      "nodigits": {
        "count": 290,
        "f1_avg": 0.8499091326016184,
        "baseline_f1_avg": 0.7758042686783082,
        "improve_rate": 0.7241379310344828
      }
    },
    "nl": {
      "count": 859,
      "f1_avg": 0.8413167269741154,
      "baseline_f1_avg": 0.7740837768437154,
      "improve_rate": 0.6519208381839348,
      "digits": {
        "count": 569,
        "f1_avg": 0.8366871291065374,
        "baseline_f1_avg": 0.7732069005132559,
        "improve_rate": 0.6151142355008787
      },
      "nodigits": {
        "count": 290,
        "f1_avg": 0.8504003172729144,
        "baseline_f1_avg": 0.7758042686783082,
        "improve_rate": 0.7241379310344828
      }
    },
    "gate": {
      "count": 859,
      "f1_avg": 0.8411509021141902,
      "baseline_f1_avg": 0.7740837768437154,
      "improve_rate": 0.6519208381839348,
      "digits": {
        "count": 569,
        "f1_avg": 0.8366871291065374,
        "baseline_f1_avg": 0.7732069005132559,
        "improve_rate": 0.6151142355008787
      },
      "nodigits": {
        "count": 290,
        "f1_avg": 0.8499091326016184,
        "baseline_f1_avg": 0.7758042686783082,
        "improve_rate": 0.7241379310344828
      }
    },
    "gate_counts": {
      "use_nl_count": 569,
      "use_base_count": 290
    }
  }
}