{
  "meta": {
    "results_path": null,
    "train_results": "kimina_bestof_cycle_lenpen001_64_20_temp08_merged_start740_1460_rescored_cpu.json",
    "test_results": "kimina_bestof_cycle_lenpen001_64_20_start1500_temp08_qwen1p5_rescored_cpu.json",
    "folds": 5,
    "ridge": 0.001,
    "baseline_feature": false
  },
  "summary": {
    "count": 20,
    "baseline_f1_avg": 0.7876102893924325,
    "learned_f1_avg": 0.8204807777082731,
    "learned_tc_f1_avg": 0.8204807777082731,
    "learned_typecheck_rate": 0.95,
    "learned_tc_typecheck_rate": 0.95,
    "learned_improve_rate": 0.6,
    "learned_tc_improve_rate": 0.6,
    "avg_weights": [
      0.716177148747008,
      0.011653765385993256,
      0.06854173711106998,
      0.06124807895581997
    ]
  }
}