{
  "meta": {
    "results_path": "kimina_bestof_cycle_lenpen001_128_20_start1880_temp08_qwen1p5_rescored_cpu.json"
  },
  "summary": {
    "alpha_0.0_beta_0.0": {
      "count": 20,
      "all_f1_avg": 0.7913308342551375,
      "all_typecheck_rate": 0.55,
      "tc_f1_avg": 0.8116701878736606,
      "tc_typecheck_rate": 1.0
    },
    "alpha_0.0_beta_0.5": {
      "count": 20,
      "all_f1_avg": 0.7983753196001155,
      "all_typecheck_rate": 0.55,
      "tc_f1_avg": 0.8255095450135101,
      "tc_typecheck_rate": 1.0
    },
    "alpha_0.0_beta_1.0": {
      "count": 20,
      "all_f1_avg": 0.8211492045066675,
      "all_typecheck_rate": 0.6,
      "tc_f1_avg": 0.833627246123425,
      "tc_typecheck_rate": 1.0
    },
    "alpha_0.0_beta_2.0": {
      "count": 20,
      "all_f1_avg": 0.8564420749582371,
      "all_typecheck_rate": 0.65,
      "tc_f1_avg": 0.8545874739651926,
      "tc_typecheck_rate": 1.0
    },
    "alpha_0.0_beta_3.0": {
      "count": 20,
      "all_f1_avg": 0.8649160195102228,
      "all_typecheck_rate": 0.65,
      "tc_f1_avg": 0.862373951568474,
      "tc_typecheck_rate": 1.0
    },
    "alpha_0.001_beta_0.0": {
      "count": 20,
      "all_f1_avg": 0.7920293749239677,
      "all_typecheck_rate": 0.55,
      "tc_f1_avg": 0.8249249939003303,
      "tc_typecheck_rate": 1.0
    },
    "alpha_0.001_beta_0.5": {
      "count": 20,
      "all_f1_avg": 0.78373260248805,
      "all_typecheck_rate": 0.55,
      "tc_f1_avg": 0.8234230932592844,
      "tc_typecheck_rate": 1.0
    },
    "alpha_0.001_beta_1.0": {
      "count": 20,
      "all_f1_avg": 0.8170620942527298,
      "all_typecheck_rate": 0.6,
      "tc_f1_avg": 0.842096401227327,
      "tc_typecheck_rate": 1.0
    },
    "alpha_0.001_beta_2.0": {
      "count": 20,
      "all_f1_avg": 0.8446979981662762,
      "all_typecheck_rate": 0.6,
      "tc_f1_avg": 0.8542957664271753,
      "tc_typecheck_rate": 1.0
    },
    "alpha_0.001_beta_3.0": {
      "count": 20,
      "all_f1_avg": 0.858672046511187,
      "all_typecheck_rate": 0.65,
      "tc_f1_avg": 0.868686243927278,
      "tc_typecheck_rate": 1.0
    },
    "alpha_0.002_beta_0.0": {
      "count": 20,
      "all_f1_avg": 0.7961385703262666,
      "all_typecheck_rate": 0.55,
      "tc_f1_avg": 0.8290341893026291,
      "tc_typecheck_rate": 1.0
    },
    "alpha_0.002_beta_0.5": {
      "count": 20,
      "all_f1_avg": 0.7922217111379947,
      "all_typecheck_rate": 0.55,
      "tc_f1_avg": 0.8273100513715945,
      "tc_typecheck_rate": 1.0
    },
    "alpha_0.002_beta_1.0": {
      "count": 20,
      "all_f1_avg": 0.8287595017834706,
      "all_typecheck_rate": 0.6,
      "tc_f1_avg": 0.8400151491460749,
      "tc_typecheck_rate": 1.0
    },
    "alpha_0.002_beta_2.0": {
      "count": 20,
      "all_f1_avg": 0.8446979981662762,
      "all_typecheck_rate": 0.6,
      "tc_f1_avg": 0.8522250593564683,
      "tc_typecheck_rate": 1.0
    },
    "alpha_0.002_beta_3.0": {
      "count": 20,
      "all_f1_avg": 0.858672046511187,
      "all_typecheck_rate": 0.65,
      "tc_f1_avg": 0.8808613465264571,
      "tc_typecheck_rate": 1.0
    },
    "alpha_0.005_beta_0.0": {
      "count": 20,
      "all_f1_avg": 0.7765268383399964,
      "all_typecheck_rate": 0.5,
      "tc_f1_avg": 0.8389113121038287,
      "tc_typecheck_rate": 1.0
    },
    "alpha_0.005_beta_0.5": {
      "count": 20,
      "all_f1_avg": 0.8049521052899575,
      "all_typecheck_rate": 0.55,
      "tc_f1_avg": 0.8380825061485749,
      "tc_typecheck_rate": 1.0
    },
    "alpha_0.005_beta_1.0": {
      "count": 20,
      "all_f1_avg": 0.8252611630981047,
      "all_typecheck_rate": 0.6,
      "tc_f1_avg": 0.8503088393364854,
      "tc_typecheck_rate": 1.0
    },
    "alpha_0.005_beta_2.0": {
      "count": 20,
      "all_f1_avg": 0.8352095424464355,
      "all_typecheck_rate": 0.65,
      "tc_f1_avg": 0.8626101189342196,
      "tc_typecheck_rate": 1.0
    },
    "alpha_0.005_beta_3.0": {
      "count": 20,
      "all_f1_avg": 0.8420682784131447,
      "all_typecheck_rate": 0.6,
      "tc_f1_avg": 0.8631536823245186,
      "tc_typecheck_rate": 1.0
    },
    "alpha_0.01_beta_0.0": {
      "count": 20,
      "all_f1_avg": 0.7252122688629059,
      "all_typecheck_rate": 0.35,
      "tc_f1_avg": 0.7921652003165209,
      "tc_typecheck_rate": 1.0
    },
    "alpha_0.01_beta_0.5": {
      "count": 20,
      "all_f1_avg": 0.8031515668544751,
      "all_typecheck_rate": 0.45,
      "tc_f1_avg": 0.8476805207032608,
      "tc_typecheck_rate": 1.0
    },
    "alpha_0.01_beta_1.0": {
      "count": 20,
      "all_f1_avg": 0.818259563887905,
      "all_typecheck_rate": 0.5,
      "tc_f1_avg": 0.8539618405314894,
      "tc_typecheck_rate": 1.0
    },
    "alpha_0.01_beta_2.0": {
      "count": 20,
      "all_f1_avg": 0.826189261597948,
      "all_typecheck_rate": 0.6,
      "tc_f1_avg": 0.8528382450258712,
      "tc_typecheck_rate": 1.0
    },
    "alpha_0.01_beta_3.0": {
      "count": 20,
      "all_f1_avg": 0.8330955919309325,
      "all_typecheck_rate": 0.6,
      "tc_f1_avg": 0.8554878936014101,
      "tc_typecheck_rate": 1.0
    },
    "alpha_0.02_beta_0.0": {
      "count": 20,
      "all_f1_avg": 0.6792359063215027,
      "all_typecheck_rate": 0.4,
      "tc_f1_avg": 0.7199613456461681,
      "tc_typecheck_rate": 1.0
    },
    "alpha_0.02_beta_0.5": {
      "count": 20,
      "all_f1_avg": 0.7190787794977092,
      "all_typecheck_rate": 0.35,
      "tc_f1_avg": 0.7430034213258366,
      "tc_typecheck_rate": 1.0
    },
    "alpha_0.02_beta_1.0": {
      "count": 20,
      "all_f1_avg": 0.7609456886340097,
      "all_typecheck_rate": 0.4,
      "tc_f1_avg": 0.7897100711574865,
      "tc_typecheck_rate": 1.0
    },
    "alpha_0.02_beta_2.0": {
      "count": 20,
      "all_f1_avg": 0.818259563887905,
      "all_typecheck_rate": 0.5,
      "tc_f1_avg": 0.8292462266968006,
      "tc_typecheck_rate": 1.0
    },
    "alpha_0.02_beta_3.0": {
      "count": 20,
      "all_f1_avg": 0.8224174824449687,
      "all_typecheck_rate": 0.6,
      "tc_f1_avg": 0.8310644085149823,
      "tc_typecheck_rate": 1.0
    }
  }
}