{
  "meta": {
    "results_paths": [
      "kimina_bestof_cycle_lenpen001_128_20_start1680_temp08_qwen1p5_rescored_cpu.json"
    ],
    "dedupe_id": false
  },
  "summary": {
    "count": 17,
    "all_consensus_f1_avg": 0.8361019499160454,
    "tc_consensus_f1_avg": 0.8384936997893336,
    "tc_better_rate": 0.11764705882352941,
    "diff_vs_tc_rate": -0.10817839039420772,
    "diff_vs_tc_count": -0.22808935031901645
  }
}