{
  "meta": {
    "results_path": "kimina_bestof_cycle_lenpen001_128_20_start1980_temp08_qwen1p5_rescored_cpu.json"
  },
  "summary": {
    "alpha_0.0": {
      "count": 20,
      "all_f1_avg": 0.7170299273094074,
      "all_typecheck_rate": 0.3,
      "tc_f1_avg": 0.7359679790010554,
      "tc_typecheck_rate": 1.0
    },
    "alpha_0.001": {
      "count": 20,
      "all_f1_avg": 0.7271352290533285,
      "all_typecheck_rate": 0.3,
      "tc_f1_avg": 0.7327922890916388,
      "tc_typecheck_rate": 1.0
    },
    "alpha_0.002": {
      "count": 20,
      "all_f1_avg": 0.7269012462404296,
      "all_typecheck_rate": 0.25,
      "tc_f1_avg": 0.6994155283952905,
      "tc_typecheck_rate": 1.0
    },
    "alpha_0.005": {
      "count": 20,
      "all_f1_avg": 0.7402109201132739,
      "all_typecheck_rate": 0.3,
      "tc_f1_avg": 0.7272413697539138,
      "tc_typecheck_rate": 1.0
    },
    "alpha_0.01": {
      "count": 20,
      "all_f1_avg": 0.6524937280679637,
      "all_typecheck_rate": 0.4,
      "tc_f1_avg": 0.662661373361088,
      "tc_typecheck_rate": 1.0
    },
    "alpha_0.02": {
      "count": 20,
      "all_f1_avg": 0.5184617841818567,
      "all_typecheck_rate": 0.4,
      "tc_f1_avg": 0.5745525422426301,
      "tc_typecheck_rate": 1.0
    }
  }
}