{
  "meta": {
    "results_paths": [
      "kimina_bestof_cycle_lenpen001_128_20_start2060_temp08_qwen1p5_rescored_cpu.json"
    ],
    "feature": "tc_count",
    "direction": "ge",
    "dedupe_id": false,
    "all_consensus_f1_avg": 0.8644198793860901,
    "tc_consensus_f1_avg": 0.8531775215067703
  },
  "summary": {
    "threshold_5.0": {
      "count": 19,
      "chosen_f1_avg": 0.8531775215067703,
      "chosen_typecheck_rate": 1.0
    },
    "threshold_23.0": {
      "count": 19,
      "chosen_f1_avg": 0.8695775832925611,
      "chosen_typecheck_rate": 0.8947368421052632
    },
    "threshold_33.0": {
      "count": 19,
      "chosen_f1_avg": 0.8675725707612327,
      "chosen_typecheck_rate": 0.8947368421052632
    },
    "threshold_37.0": {
      "count": 19,
      "chosen_f1_avg": 0.8675725707612327,
      "chosen_typecheck_rate": 0.8947368421052632
    },
    "threshold_46.0": {
      "count": 19,
      "chosen_f1_avg": 0.8675725707612327,
      "chosen_typecheck_rate": 0.8947368421052632
    },
    "threshold_65.0": {
      "count": 19,
      "chosen_f1_avg": 0.8675725707612327,
      "chosen_typecheck_rate": 0.8947368421052632
    },
    "threshold_74.0": {
      "count": 19,
      "chosen_f1_avg": 0.8632037251499367,
      "chosen_typecheck_rate": 0.8947368421052632
    },
    "threshold_79.0": {
      "count": 19,
      "chosen_f1_avg": 0.8632037251499367,
      "chosen_typecheck_rate": 0.8947368421052632
    },
    "threshold_91.0": {
      "count": 19,
      "chosen_f1_avg": 0.8632037251499367,
      "chosen_typecheck_rate": 0.8947368421052632
    },
    "threshold_98.0": {
      "count": 19,
      "chosen_f1_avg": 0.8636101627869001,
      "chosen_typecheck_rate": 0.8947368421052632
    },
    "threshold_127.0": {
      "count": 19,
      "chosen_f1_avg": 0.8644198793860903,
      "chosen_typecheck_rate": 0.8947368421052632
    }
  }
}