{
  "meta": {
    "results_paths": [
      "kimina_bestof_cycle_lenpen001_64_20_start1380_temp08_qwen1p5_rescored_cpu.json"
    ],
    "dedupe_id": false
  },
  "summary": {
    "count": 19,
    "baseline_f1_avg": 0.7676224288680821,
    "consensus_f1_avg": 0.8322907904565601,
    "oracle_f1_avg": 0.9272113350261099,
    "consensus_improve_rate": 0.631578947368421,
    "correlations": {
      "improve_vs_count": 0.09297413549286822,
      "improve_vs_tc_rate": -0.35090467953396925,
      "improve_vs_pairwise": -0.3488570930517279,
      "improve_vs_pairwise_tc": -0.2512459645524222,
      "improve_vs_consensus_margin": 0.12626113086977006,
      "improve_vs_baseline_f1": -0.6514476604303875,
      "oracle_improve_vs_count": 0.3548660353712061,
      "oracle_improve_vs_pairwise": -0.5861725570243088
    }
  }
}