{
  "meta": {
    "results_path": "kimina_bestof_cycle_lenpen001_64_20_start1260_temp08_qwen1p5_rescored_cpu.json"
  },
  "summary": {
    "count": 19,
    "pearson_avg": 0.18227062771942668,
    "pearson_median": 0.29895123963892956,
    "spearman_avg": 0.13616187862989682,
    "spearman_median": 0.19300110584320773
  }
}