{
  "meta": {
    "results_path": "kimina_bestof_cycle_lenpen001_64_20_start860_temp08_qwen1p5_rescored_cpu.json"
  },
  "summary": {
    "count": 20,
    "pearson_avg": 0.289373742346716,
    "pearson_median": 0.2721465746315453,
    "spearman_avg": 0.14230131881758476,
    "spearman_median": 0.15846158666434304
  }
}