{
  "meta": {
    "results_path": "kimina_bestof_cycle_lenpen01_16_50_start300_baselineinc.json"
  },
  "summary": {
    "alpha_0.0": {
      "count": 44,
      "all_f1_avg": 0.8044396046881452,
      "all_typecheck_rate": 0.8181818181818182,
      "tc_f1_avg": 0.8053419755870713,
      "tc_typecheck_rate": 0.8636363636363636
    },
    "alpha_0.001": {
      "count": 44,
      "all_f1_avg": 0.8117013570203201,
      "all_typecheck_rate": 0.8181818181818182,
      "tc_f1_avg": 0.8053419755870713,
      "tc_typecheck_rate": 0.8636363636363636
    },
    "alpha_0.002": {
      "count": 44,
      "all_f1_avg": 0.8033021475341541,
      "all_typecheck_rate": 0.7954545454545454,
      "tc_f1_avg": 0.8053419755870713,
      "tc_typecheck_rate": 0.8636363636363636
    },
    "alpha_0.005": {
      "count": 44,
      "all_f1_avg": 0.7936361666040408,
      "all_typecheck_rate": 0.7954545454545454,
      "tc_f1_avg": 0.7956759946569579,
      "tc_typecheck_rate": 0.8636363636363636
    },
    "alpha_0.01": {
      "count": 44,
      "all_f1_avg": 0.7970274601898286,
      "all_typecheck_rate": 0.7954545454545454,
      "tc_f1_avg": 0.7990672882427461,
      "tc_typecheck_rate": 0.8636363636363636
    },
    "alpha_0.02": {
      "count": 44,
      "all_f1_avg": 0.7946252562302568,
      "all_typecheck_rate": 0.7954545454545454,
      "tc_f1_avg": 0.7966650842831743,
      "tc_typecheck_rate": 0.8636363636363636
    }
  }
}