{
  "meta": {
    "results_path": "kimina_bestof_cycle_lenpen001_128_20_start2220_temp08_qwen1p5_rescored_cpu.json"
  },
  "summary": {
    "count": 19,
    "pearson_avg": 0.1987423371548663,
    "pearson_median": 0.2780947111295267,
    "spearman_avg": 0.12132260199119164,
    "spearman_median": 0.14871105335352755
  }
}