{
  "meta": {
    "train_paths": [
      "kimina_bestof_cycle_lenpen001_128_20_temp08_merged_start1580_2260_rescored_cpu.json"
    ],
    "test_paths": [
      "kimina_bestof_cycle_lenpen001_128_20_start2280_temp08_qwen1p5_rescored.json"
    ],
    "model": "ridge",
    "ridge": 0.001,
    "gbrt_params": {
      "n_estimators": 200,
      "learning_rate": 0.05,
      "max_depth": 3
    },
    "extra_stats": true,
    "tune_threshold": true
  },
  "summary": {
    "count": 19,
    "gate_f1_avg": 0.8468373149390417,
    "all_f1_avg": 0.8432384544377297,
    "tc_f1_avg": 0.8293908714722278,
    "gate_typecheck_rate": 0.8947368421052632,
    "choose_tc_rate": 0.47368421052631576,
    "choose_all_rate": 0.5263157894736843,
    "threshold": 0.0023001393442233686,
    "weights": [
      0.0,
      -0.023540012945675443,
      0.027252294489152302,
      -0.03358450485851458,
      -0.023596588745940787,
      0.03243043373677647,
      0.00488996184559311,
      -0.03385046084696823,
      -0.015004653716649104,
      0.13972091674585263,
      0.025624311833124778,
      -0.020179209601913273,
      -0.011080245645833734,
      -0.10334476040508526,
      0.022049165192995927,
      -0.111898874612323,
      0.10522342638300741,
      -0.004339778434391538,
      0.0011875348676105356
    ]
  }
}