{
  "meta": {
    "results_path": "kimina_bestof_cycle_lenpen001_128_20_temp08_merged_start1580_1880_rescored_cpu.json",
    "ks": [
      4,
      8,
      16,
      32,
      64
    ],
    "trials": 30,
    "seed": 0
  },
  "summary": {
    "all": {
      "k_4": {
        "count": 4020,
        "f1_avg": 0.8054327075327897,
        "typecheck_rate": 0.709452736318408
      },
      "k_8": {
        "count": 4020,
        "f1_avg": 0.8210448847263557,
        "typecheck_rate": 0.7450248756218906
      },
      "k_16": {
        "count": 4020,
        "f1_avg": 0.8295823642765026,
        "typecheck_rate": 0.7626865671641792
      },
      "k_32": {
        "count": 3840,
        "f1_avg": 0.8330678720961131,
        "typecheck_rate": 0.7765625
      },
      "k_64": {
        "count": 3420,
        "f1_avg": 0.8322798892084877,
        "typecheck_rate": 0.7730994152046784
      }
    },
    "tc_only": {
      "k_4": {
        "count": 3930,
        "f1_avg": 0.8202943447321398,
        "typecheck_rate": 1.0
      },
      "k_8": {
        "count": 3840,
        "f1_avg": 0.8324148384811914,
        "typecheck_rate": 1.0
      },
      "k_16": {
        "count": 3630,
        "f1_avg": 0.844343508138364,
        "typecheck_rate": 1.0
      },
      "k_32": {
        "count": 3030,
        "f1_avg": 0.8507812208205691,
        "typecheck_rate": 1.0
      },
      "k_64": {
        "count": 1860,
        "f1_avg": 0.8496024851202502,
        "typecheck_rate": 1.0
      }
    }
  }
}