{
  "meta": {
    "results_paths": [
      "kimina_bestof_cycle_lenpen001_64_20_temp08_merged_start740_1460_rescored_cpu.json"
    ],
    "folds": 5,
    "model": "gbrt",
    "ridge": 0.001,
    "gbrt_params": {
      "n_estimators": 200,
      "learning_rate": 0.05,
      "max_depth": 3
    },
    "features": [
      "bias",
      "count",
      "tc_count",
      "tc_rate",
      "pairwise",
      "pairwise_tc",
      "consensus_margin"
    ]
  },
  "summary": {
    "count": 172,
    "gate_f1_avg": 0.8274892189374157,
    "all_f1_avg": 0.8223287408071902,
    "tc_f1_avg": 0.8223773514840438,
    "gate_typecheck_rate": 0.8895348837209303,
    "avg_importances": [
      0.0,
      0.1619899282468294,
      0.0994818475252741,
      0.16115974814736728,
      0.19964505241084832,
      0.2839907181352751,
      0.09373270553440582
    ],
    "avg_threshold": -0.0029868119463141844
  }
}