{
  "meta": {
    "results_path": "kimina_bestof_cycle_lenpen001_128_20_start2060_temp08_qwen1p5_rescored_cpu.json",
    "ks": [
      4,
      8,
      16,
      32,
      64
    ],
    "score_key": "cycle_score"
  },
  "summary": {
    "all": {
      "k_4": {
        "count": 19,
        "f1_avg": 0.817217978119564,
        "typecheck_rate": 0.6842105263157895
      },
      "k_8": {
        "count": 19,
        "f1_avg": 0.8490784307790604,
        "typecheck_rate": 0.7894736842105263
      },
      "k_16": {
        "count": 19,
        "f1_avg": 0.867019677389617,
        "typecheck_rate": 0.8421052631578947
      },
      "k_32": {
        "count": 19,
        "f1_avg": 0.8582402613914458,
        "typecheck_rate": 0.8947368421052632
      },
      "k_64": {
        "count": 14,
        "f1_avg": 0.836530443290153,
        "typecheck_rate": 0.9285714285714286
      }
    },
    "tc_only": {
      "k_4": {
        "count": 19,
        "f1_avg": 0.8289276846655702,
        "typecheck_rate": 1.0
      },
      "k_8": {
        "count": 18,
        "f1_avg": 0.8642042969711361,
        "typecheck_rate": 1.0
      },
      "k_16": {
        "count": 18,
        "f1_avg": 0.8732985657263286,
        "typecheck_rate": 1.0
      },
      "k_32": {
        "count": 15,
        "f1_avg": 0.8774143043531654,
        "typecheck_rate": 1.0
      },
      "k_64": {
        "count": 10,
        "f1_avg": 0.8454160568968282,
        "typecheck_rate": 1.0
      }
    }
  }
}