{
  "meta": {
    "results_path": "kimina_bestof_cycle_lenpen001_16_50_start450_rescored_qwen7b.json"
  },
  "summary": {
    "alpha_0.0_beta_0.0": {
      "count": 41,
      "all_f1_avg": 0.8024821425274858,
      "all_typecheck_rate": 0.8536585365853658,
      "tc_f1_avg": 0.8045269676117441,
      "tc_typecheck_rate": 1.0
    },
    "alpha_0.0_beta_0.5": {
      "count": 41,
      "all_f1_avg": 0.8024821425274858,
      "all_typecheck_rate": 0.8536585365853658,
      "tc_f1_avg": 0.8045269676117441,
      "tc_typecheck_rate": 1.0
    },
    "alpha_0.0_beta_1.0": {
      "count": 41,
      "all_f1_avg": 0.8068555655720611,
      "all_typecheck_rate": 0.8780487804878049,
      "tc_f1_avg": 0.8045269676117441,
      "tc_typecheck_rate": 1.0
    },
    "alpha_0.0_beta_2.0": {
      "count": 41,
      "all_f1_avg": 0.8068555655720611,
      "all_typecheck_rate": 0.8780487804878049,
      "tc_f1_avg": 0.8045269676117441,
      "tc_typecheck_rate": 1.0
    },
    "alpha_0.0_beta_3.0": {
      "count": 41,
      "all_f1_avg": 0.8089241629105953,
      "all_typecheck_rate": 0.8780487804878049,
      "tc_f1_avg": 0.8065955649502785,
      "tc_typecheck_rate": 1.0
    },
    "alpha_0.001_beta_0.0": {
      "count": 41,
      "all_f1_avg": 0.8024821425274858,
      "all_typecheck_rate": 0.8536585365853658,
      "tc_f1_avg": 0.8045269676117441,
      "tc_typecheck_rate": 1.0
    },
    "alpha_0.001_beta_0.5": {
      "count": 41,
      "all_f1_avg": 0.8024821425274858,
      "all_typecheck_rate": 0.8536585365853658,
      "tc_f1_avg": 0.8045269676117441,
      "tc_typecheck_rate": 1.0
    },
    "alpha_0.001_beta_1.0": {
      "count": 41,
      "all_f1_avg": 0.8068555655720611,
      "all_typecheck_rate": 0.8780487804878049,
      "tc_f1_avg": 0.8045269676117441,
      "tc_typecheck_rate": 1.0
    },
    "alpha_0.001_beta_2.0": {
      "count": 41,
      "all_f1_avg": 0.8068555655720611,
      "all_typecheck_rate": 0.8780487804878049,
      "tc_f1_avg": 0.8045269676117441,
      "tc_typecheck_rate": 1.0
    },
    "alpha_0.001_beta_3.0": {
      "count": 41,
      "all_f1_avg": 0.8089241629105953,
      "all_typecheck_rate": 0.8780487804878049,
      "tc_f1_avg": 0.8065955649502785,
      "tc_typecheck_rate": 1.0
    },
    "alpha_0.002_beta_0.0": {
      "count": 41,
      "all_f1_avg": 0.8024821425274858,
      "all_typecheck_rate": 0.8536585365853658,
      "tc_f1_avg": 0.8045269676117441,
      "tc_typecheck_rate": 1.0
    },
    "alpha_0.002_beta_0.5": {
      "count": 41,
      "all_f1_avg": 0.8024821425274858,
      "all_typecheck_rate": 0.8536585365853658,
      "tc_f1_avg": 0.8045269676117441,
      "tc_typecheck_rate": 1.0
    },
    "alpha_0.002_beta_1.0": {
      "count": 41,
      "all_f1_avg": 0.8068555655720611,
      "all_typecheck_rate": 0.8780487804878049,
      "tc_f1_avg": 0.8045269676117441,
      "tc_typecheck_rate": 1.0
    },
    "alpha_0.002_beta_2.0": {
      "count": 41,
      "all_f1_avg": 0.8068555655720611,
      "all_typecheck_rate": 0.8780487804878049,
      "tc_f1_avg": 0.8045269676117441,
      "tc_typecheck_rate": 1.0
    },
    "alpha_0.002_beta_3.0": {
      "count": 41,
      "all_f1_avg": 0.8103213841867822,
      "all_typecheck_rate": 0.8780487804878049,
      "tc_f1_avg": 0.8079927862264655,
      "tc_typecheck_rate": 1.0
    },
    "alpha_0.005_beta_0.0": {
      "count": 41,
      "all_f1_avg": 0.8030046845757912,
      "all_typecheck_rate": 0.8536585365853658,
      "tc_f1_avg": 0.8050495096600496,
      "tc_typecheck_rate": 1.0
    },
    "alpha_0.005_beta_0.5": {
      "count": 41,
      "all_f1_avg": 0.8024821425274858,
      "all_typecheck_rate": 0.8536585365853658,
      "tc_f1_avg": 0.8045269676117441,
      "tc_typecheck_rate": 1.0
    },
    "alpha_0.005_beta_1.0": {
      "count": 41,
      "all_f1_avg": 0.8068555655720611,
      "all_typecheck_rate": 0.8780487804878049,
      "tc_f1_avg": 0.8045269676117441,
      "tc_typecheck_rate": 1.0
    },
    "alpha_0.005_beta_2.0": {
      "count": 41,
      "all_f1_avg": 0.8068555655720611,
      "all_typecheck_rate": 0.8780487804878049,
      "tc_f1_avg": 0.8045269676117441,
      "tc_typecheck_rate": 1.0
    },
    "alpha_0.005_beta_3.0": {
      "count": 41,
      "all_f1_avg": 0.8084948850194764,
      "all_typecheck_rate": 0.8780487804878049,
      "tc_f1_avg": 0.8052906760592964,
      "tc_typecheck_rate": 1.0
    },
    "alpha_0.01_beta_0.0": {
      "count": 41,
      "all_f1_avg": 0.8034687695549075,
      "all_typecheck_rate": 0.8536585365853658,
      "tc_f1_avg": 0.8055135946391658,
      "tc_typecheck_rate": 1.0
    },
    "alpha_0.01_beta_0.5": {
      "count": 41,
      "all_f1_avg": 0.8030046845757912,
      "all_typecheck_rate": 0.8536585365853658,
      "tc_f1_avg": 0.8023608775105703,
      "tc_typecheck_rate": 1.0
    },
    "alpha_0.01_beta_1.0": {
      "count": 41,
      "all_f1_avg": 0.8073781076203665,
      "all_typecheck_rate": 0.8780487804878049,
      "tc_f1_avg": 0.8023608775105703,
      "tc_typecheck_rate": 1.0
    },
    "alpha_0.01_beta_2.0": {
      "count": 41,
      "all_f1_avg": 0.8077311765719242,
      "all_typecheck_rate": 0.8780487804878049,
      "tc_f1_avg": 0.8018383354622648,
      "tc_typecheck_rate": 1.0
    },
    "alpha_0.01_beta_3.0": {
      "count": 41,
      "all_f1_avg": 0.8085821488617034,
      "all_typecheck_rate": 0.8780487804878049,
      "tc_f1_avg": 0.802689307752044,
      "tc_typecheck_rate": 1.0
    },
    "alpha_0.02_beta_0.0": {
      "count": 41,
      "all_f1_avg": 0.80473275851925,
      "all_typecheck_rate": 0.8536585365853658,
      "tc_f1_avg": 0.8029122263319134,
      "tc_typecheck_rate": 1.0
    },
    "alpha_0.02_beta_0.5": {
      "count": 41,
      "all_f1_avg": 0.8042686735401336,
      "all_typecheck_rate": 0.8536585365853658,
      "tc_f1_avg": 0.8024481413527971,
      "tc_typecheck_rate": 1.0
    },
    "alpha_0.02_beta_1.0": {
      "count": 41,
      "all_f1_avg": 0.8086420965847091,
      "all_typecheck_rate": 0.8780487804878049,
      "tc_f1_avg": 0.8024481413527971,
      "tc_typecheck_rate": 1.0
    },
    "alpha_0.02_beta_2.0": {
      "count": 41,
      "all_f1_avg": 0.8097382037386436,
      "all_typecheck_rate": 0.8780487804878049,
      "tc_f1_avg": 0.8038453626289842,
      "tc_typecheck_rate": 1.0
    },
    "alpha_0.02_beta_3.0": {
      "count": 41,
      "all_f1_avg": 0.8101018663747213,
      "all_typecheck_rate": 0.8780487804878049,
      "tc_f1_avg": 0.8042090252650618,
      "tc_typecheck_rate": 1.0
    }
  }
}