{
  "meta": {
    "results_path": "kimina_bestof_cycle_lenpen001_64_20_start1020_temp08_qwen1p5_rescored_cpu.json"
  },
  "summary": {
    "alpha_0.0": {
      "count": 17,
      "all_f1_avg": 0.7994715155672332,
      "all_typecheck_rate": 0.47058823529411764,
      "tc_f1_avg": 0.7663855971027421,
      "tc_typecheck_rate": 1.0
    },
    "alpha_0.001": {
      "count": 17,
      "all_f1_avg": 0.7975878855887832,
      "all_typecheck_rate": 0.47058823529411764,
      "tc_f1_avg": 0.775204435642943,
      "tc_typecheck_rate": 1.0
    },
    "alpha_0.002": {
      "count": 17,
      "all_f1_avg": 0.7667334514696839,
      "all_typecheck_rate": 0.4117647058823529,
      "tc_f1_avg": 0.7628840603383495,
      "tc_typecheck_rate": 1.0
    },
    "alpha_0.005": {
      "count": 17,
      "all_f1_avg": 0.6503213359355119,
      "all_typecheck_rate": 0.47058823529411764,
      "tc_f1_avg": 0.6759786992822308,
      "tc_typecheck_rate": 1.0
    },
    "alpha_0.01": {
      "count": 17,
      "all_f1_avg": 0.6449625519010016,
      "all_typecheck_rate": 0.5294117647058824,
      "tc_f1_avg": 0.6331716938108592,
      "tc_typecheck_rate": 1.0
    },
    "alpha_0.02": {
      "count": 17,
      "all_f1_avg": 0.5967579657447404,
      "all_typecheck_rate": 0.6470588235294118,
      "tc_f1_avg": 0.5838896708980047,
      "tc_typecheck_rate": 1.0
    }
  }
}