{
  "meta": {
    "results_paths": [
      "kimina_bestof_cycle_lenpen001_128_20_start1700_temp08_qwen1p5_rescored_cpu.json"
    ],
    "dedupe_id": false
  },
  "summary": {
    "count": 19,
    "all_consensus_f1_avg": 0.7990340374340527,
    "tc_consensus_f1_avg": 0.8041206207665381,
    "tc_better_rate": 0.15789473684210525,
    "diff_vs_tc_rate": -0.26530052713604585,
    "diff_vs_tc_count": -0.23934605452023977
  }
}