{
  "meta": {
    "results_path": "kimina_bestof_cycle_lenpen001_128_20_start2140_temp08_qwen1p5_rescored_cpu.json"
  },
  "summary": {
    "count": 19,
    "baseline_f1_avg": 0.7484132311494578,
    "oracle_f1_avg": 0.9069804429124578,
    "oracle_tc_f1_avg": 0.8814907936560649,
    "oracle_typecheck_rate": 0.7894736842105263,
    "oracle_tc_typecheck_rate": 0.9473684210526315,
    "oracle_improve_rate": 0.8421052631578947,
    "oracle_tc_improve_rate": 0.7894736842105263
  }
}