{
  "meta": {
    "results_path": "kimina_bestof_cycle_lenpen001_64_20_start1280_temp08_qwen1p5_rescored_cpu.json",
    "ks": [
      4,
      8,
      16,
      32,
      64
    ],
    "trials": 30,
    "seed": 0
  },
  "summary": {
    "all": {
      "k_4": {
        "count": 570,
        "f1_avg": 0.792270070859195,
        "typecheck_rate": 0.7070175438596491
      },
      "k_8": {
        "count": 540,
        "f1_avg": 0.8040175440736846,
        "typecheck_rate": 0.7444444444444445
      },
      "k_16": {
        "count": 540,
        "f1_avg": 0.8025205816287581,
        "typecheck_rate": 0.7777777777777778
      },
      "k_32": {
        "count": 450,
        "f1_avg": 0.7946267353161596,
        "typecheck_rate": 0.7355555555555555
      },
      "k_64": {
        "count": 150,
        "f1_avg": 0.7927122191683619,
        "typecheck_rate": 0.6
      }
    },
    "tc_only": {
      "k_4": {
        "count": 540,
        "f1_avg": 0.7880176849839988,
        "typecheck_rate": 1.0
      },
      "k_8": {
        "count": 510,
        "f1_avg": 0.7937290314846285,
        "typecheck_rate": 1.0
      },
      "k_16": {
        "count": 450,
        "f1_avg": 0.8127464450934535,
        "typecheck_rate": 1.0
      },
      "k_32": {
        "count": 270,
        "f1_avg": 0.8134961291851813,
        "typecheck_rate": 1.0
      },
      "k_64": {
        "count": 0,
        "f1_avg": 0.0,
        "typecheck_rate": 0.0
      }
    }
  }
}