{
  "meta": {
    "results_path": "kimina_bestof_cycle_lenpen001_128_20_start2100_temp08_qwen1p5_rescored_cpu.json",
    "ks": [
      4,
      8,
      16,
      32,
      64
    ],
    "score_key": "length_penalized_score"
  },
  "summary": {
    "all": {
      "k_4": {
        "count": 19,
        "f1_avg": 0.7842705979728957,
        "typecheck_rate": 0.5789473684210527
      },
      "k_8": {
        "count": 19,
        "f1_avg": 0.7782692923189726,
        "typecheck_rate": 0.631578947368421
      },
      "k_16": {
        "count": 19,
        "f1_avg": 0.7937993381693846,
        "typecheck_rate": 0.6842105263157895
      },
      "k_32": {
        "count": 19,
        "f1_avg": 0.8023637619313015,
        "typecheck_rate": 0.7894736842105263
      },
      "k_64": {
        "count": 16,
        "f1_avg": 0.7901285044889027,
        "typecheck_rate": 0.8125
      }
    },
    "tc_only": {
      "k_4": {
        "count": 19,
        "f1_avg": 0.7934501542909979,
        "typecheck_rate": 1.0
      },
      "k_8": {
        "count": 19,
        "f1_avg": 0.7962269062968784,
        "typecheck_rate": 1.0
      },
      "k_16": {
        "count": 19,
        "f1_avg": 0.8091599172246259,
        "typecheck_rate": 1.0
      },
      "k_32": {
        "count": 16,
        "f1_avg": 0.821966798610608,
        "typecheck_rate": 1.0
      },
      "k_64": {
        "count": 10,
        "f1_avg": 0.8554981644151857,
        "typecheck_rate": 1.0
      }
    }
  }
}