{
  "meta": {
    "results_path": "kimina_bestof_cycle_lenpen001_128_20_start2200_temp08_qwen1p5_rescored_cpu.json",
    "ks": [
      4,
      8,
      16,
      32,
      64
    ],
    "score_key": "length_penalized_score"
  },
  "summary": {
    "all": {
      "k_4": {
        "count": 20,
        "f1_avg": 0.7631707298999902,
        "typecheck_rate": 0.75
      },
      "k_8": {
        "count": 20,
        "f1_avg": 0.8166519980530278,
        "typecheck_rate": 0.7
      },
      "k_16": {
        "count": 20,
        "f1_avg": 0.8193966773890843,
        "typecheck_rate": 0.7
      },
      "k_32": {
        "count": 19,
        "f1_avg": 0.8278298720967577,
        "typecheck_rate": 0.6842105263157895
      },
      "k_64": {
        "count": 16,
        "f1_avg": 0.8065066228381181,
        "typecheck_rate": 0.75
      }
    },
    "tc_only": {
      "k_4": {
        "count": 19,
        "f1_avg": 0.7978868664223264,
        "typecheck_rate": 1.0
      },
      "k_8": {
        "count": 19,
        "f1_avg": 0.8299485373150108,
        "typecheck_rate": 1.0
      },
      "k_16": {
        "count": 19,
        "f1_avg": 0.8325173357090642,
        "typecheck_rate": 1.0
      },
      "k_32": {
        "count": 15,
        "f1_avg": 0.8169277490755011,
        "typecheck_rate": 1.0
      },
      "k_64": {
        "count": 10,
        "f1_avg": 0.800280264406133,
        "typecheck_rate": 1.0
      }
    }
  }
}