{
  "meta": {
    "results_path": "kimina_bestof_cycle_lenpen001_128_20_start1740_temp08_qwen1p5_rescored_cpu.json"
  },
  "summary": {
    "count": 18,
    "baseline_f1_avg": 0.8103249274160841,
    "oracle_f1_avg": 0.9391398133410603,
    "oracle_tc_f1_avg": 0.9170450582181048,
    "oracle_typecheck_rate": 0.8333333333333334,
    "oracle_tc_typecheck_rate": 1.0,
    "oracle_improve_rate": 0.9444444444444444,
    "oracle_tc_improve_rate": 0.8333333333333334
  }
}