{
  "meta": {
    "results_path": "kimina_bestof_cycle_lenpen001_128_20_start1860_temp08_qwen1p5_rescored_cpu.json"
  },
  "summary": {
    "alpha_0.0_beta_0.0": {
      "count": 18,
      "all_f1_avg": 0.7181436068906412,
      "all_typecheck_rate": 0.7777777777777778,
      "tc_f1_avg": 0.7439875122945598,
      "tc_typecheck_rate": 1.0
    },
    "alpha_0.0_beta_0.5": {
      "count": 18,
      "all_f1_avg": 0.759594493207322,
      "all_typecheck_rate": 0.8888888888888888,
      "tc_f1_avg": 0.7605374458242308,
      "tc_typecheck_rate": 1.0
    },
    "alpha_0.0_beta_1.0": {
      "count": 18,
      "all_f1_avg": 0.7639568057393996,
      "all_typecheck_rate": 0.8333333333333334,
      "tc_f1_avg": 0.7659815796123933,
      "tc_typecheck_rate": 1.0
    },
    "alpha_0.0_beta_2.0": {
      "count": 18,
      "all_f1_avg": 0.7713696409482159,
      "all_typecheck_rate": 0.7777777777777778,
      "tc_f1_avg": 0.7841977969088796,
      "tc_typecheck_rate": 1.0
    },
    "alpha_0.0_beta_3.0": {
      "count": 18,
      "all_f1_avg": 0.7804309311303339,
      "all_typecheck_rate": 0.7777777777777778,
      "tc_f1_avg": 0.793454018216996,
      "tc_typecheck_rate": 1.0
    },
    "alpha_0.001_beta_0.0": {
      "count": 18,
      "all_f1_avg": 0.7069715357307896,
      "all_typecheck_rate": 0.8333333333333334,
      "tc_f1_avg": 0.7376135993117221,
      "tc_typecheck_rate": 1.0
    },
    "alpha_0.001_beta_0.5": {
      "count": 18,
      "all_f1_avg": 0.7670881818916921,
      "all_typecheck_rate": 0.8888888888888888,
      "tc_f1_avg": 0.7680311345086012,
      "tc_typecheck_rate": 1.0
    },
    "alpha_0.001_beta_1.0": {
      "count": 18,
      "all_f1_avg": 0.7614509731981397,
      "all_typecheck_rate": 0.7777777777777778,
      "tc_f1_avg": 0.7659815796123933,
      "tc_typecheck_rate": 1.0
    },
    "alpha_0.001_beta_2.0": {
      "count": 18,
      "all_f1_avg": 0.7736900606415169,
      "all_typecheck_rate": 0.7777777777777778,
      "tc_f1_avg": 0.7865182166021805,
      "tc_typecheck_rate": 1.0
    },
    "alpha_0.001_beta_3.0": {
      "count": 18,
      "all_f1_avg": 0.782751350823635,
      "all_typecheck_rate": 0.7777777777777778,
      "tc_f1_avg": 0.7922018140816491,
      "tc_typecheck_rate": 1.0
    },
    "alpha_0.002_beta_0.0": {
      "count": 18,
      "all_f1_avg": 0.7167672397183802,
      "all_typecheck_rate": 0.7222222222222222,
      "tc_f1_avg": 0.7425903053000429,
      "tc_typecheck_rate": 1.0
    },
    "alpha_0.002_beta_0.5": {
      "count": 18,
      "all_f1_avg": 0.7695555564927056,
      "all_typecheck_rate": 0.8888888888888888,
      "tc_f1_avg": 0.7680311345086012,
      "tc_typecheck_rate": 1.0
    },
    "alpha_0.002_beta_1.0": {
      "count": 18,
      "all_f1_avg": 0.7697081529111146,
      "all_typecheck_rate": 0.8333333333333334,
      "tc_f1_avg": 0.769706987012052,
      "tc_typecheck_rate": 1.0
    },
    "alpha_0.002_beta_2.0": {
      "count": 18,
      "all_f1_avg": 0.7804416814776448,
      "all_typecheck_rate": 0.7777777777777778,
      "tc_f1_avg": 0.7805460651412759,
      "tc_typecheck_rate": 1.0
    },
    "alpha_0.002_beta_3.0": {
      "count": 18,
      "all_f1_avg": 0.7895029716597629,
      "all_typecheck_rate": 0.7777777777777778,
      "tc_f1_avg": 0.799841143701093,
      "tc_typecheck_rate": 1.0
    },
    "alpha_0.005_beta_0.0": {
      "count": 18,
      "all_f1_avg": 0.7349160678819642,
      "all_typecheck_rate": 0.6666666666666666,
      "tc_f1_avg": 0.7633974783549812,
      "tc_typecheck_rate": 1.0
    },
    "alpha_0.005_beta_0.5": {
      "count": 18,
      "all_f1_avg": 0.7496344459173304,
      "all_typecheck_rate": 0.7777777777777778,
      "tc_f1_avg": 0.7748743726823252,
      "tc_typecheck_rate": 1.0
    },
    "alpha_0.005_beta_1.0": {
      "count": 18,
      "all_f1_avg": 0.7652206401559746,
      "all_typecheck_rate": 0.8333333333333334,
      "tc_f1_avg": 0.7754759253101061,
      "tc_typecheck_rate": 1.0
    },
    "alpha_0.005_beta_2.0": {
      "count": 18,
      "all_f1_avg": 0.779349391365391,
      "all_typecheck_rate": 0.7777777777777778,
      "tc_f1_avg": 0.7751091624433433,
      "tc_typecheck_rate": 1.0
    },
    "alpha_0.005_beta_3.0": {
      "count": 18,
      "all_f1_avg": 0.7951284390938343,
      "all_typecheck_rate": 0.7777777777777778,
      "tc_f1_avg": 0.7984968091577076,
      "tc_typecheck_rate": 1.0
    },
    "alpha_0.01_beta_0.0": {
      "count": 18,
      "all_f1_avg": 0.7160563038246253,
      "all_typecheck_rate": 0.5555555555555556,
      "tc_f1_avg": 0.7503164742523437,
      "tc_typecheck_rate": 1.0
    },
    "alpha_0.01_beta_0.5": {
      "count": 18,
      "all_f1_avg": 0.7409786908167478,
      "all_typecheck_rate": 0.6666666666666666,
      "tc_f1_avg": 0.7716556630731737,
      "tc_typecheck_rate": 1.0
    },
    "alpha_0.01_beta_1.0": {
      "count": 18,
      "all_f1_avg": 0.764089339682569,
      "all_typecheck_rate": 0.8333333333333334,
      "tc_f1_avg": 0.772725994928597,
      "tc_typecheck_rate": 1.0
    },
    "alpha_0.01_beta_2.0": {
      "count": 18,
      "all_f1_avg": 0.7729045943699675,
      "all_typecheck_rate": 0.8333333333333334,
      "tc_f1_avg": 0.7751091624433433,
      "tc_typecheck_rate": 1.0
    },
    "alpha_0.01_beta_3.0": {
      "count": 18,
      "all_f1_avg": 0.7899309627621339,
      "all_typecheck_rate": 0.8333333333333334,
      "tc_f1_avg": 0.7887436538421062,
      "tc_typecheck_rate": 1.0
    },
    "alpha_0.02_beta_0.0": {
      "count": 18,
      "all_f1_avg": 0.5436274803303281,
      "all_typecheck_rate": 0.5555555555555556,
      "tc_f1_avg": 0.6280496200909079,
      "tc_typecheck_rate": 1.0
    },
    "alpha_0.02_beta_0.5": {
      "count": 18,
      "all_f1_avg": 0.62949338425769,
      "all_typecheck_rate": 0.6666666666666666,
      "tc_f1_avg": 0.7158456253762887,
      "tc_typecheck_rate": 1.0
    },
    "alpha_0.02_beta_1.0": {
      "count": 18,
      "all_f1_avg": 0.7319724033172763,
      "all_typecheck_rate": 0.6666666666666666,
      "tc_f1_avg": 0.7629950568769543,
      "tc_typecheck_rate": 1.0
    },
    "alpha_0.02_beta_2.0": {
      "count": 18,
      "all_f1_avg": 0.7677421764038902,
      "all_typecheck_rate": 0.7777777777777778,
      "tc_f1_avg": 0.7823762418591459,
      "tc_typecheck_rate": 1.0
    },
    "alpha_0.02_beta_3.0": {
      "count": 18,
      "all_f1_avg": 0.7925045894081593,
      "all_typecheck_rate": 0.8888888888888888,
      "tc_f1_avg": 0.7920984640813682,
      "tc_typecheck_rate": 1.0
    }
  }
}