{
  "meta": {
    "results_path": "kimina_bestof_cycle_lenpen001_128_20_start2040_temp08_qwen1p5_rescored_cpu.json"
  },
  "summary": {
    "count": 20,
    "pearson_avg": 0.3781112019697365,
    "pearson_median": 0.3807355706875614,
    "spearman_avg": 0.2328630597089533,
    "spearman_median": 0.24951908541616535
  }
}