{
  "meta": {
    "results_paths": [
      "kimina_bestof_cycle_lenpen001_128_20_start1580_temp08_qwen1p5_rescored_cpu.json"
    ],
    "dedupe_id": false
  },
  "summary": {
    "count": 20,
    "baseline_f1_avg": 0.8076196240850718,
    "consensus_f1_avg": 0.8752595522267921,
    "oracle_f1_avg": 0.9470564784332696,
    "consensus_improve_rate": 0.7,
    "correlations": {
      "improve_vs_count": 0.177360178212802,
      "improve_vs_tc_rate": -0.18518095876743232,
      "improve_vs_pairwise": -0.09102893584217091,
      "improve_vs_pairwise_tc": -0.22604745875441368,
      "improve_vs_consensus_margin": 0.140650357508202,
      "improve_vs_baseline_f1": -0.8182685407103768,
      "oracle_improve_vs_count": 0.2679700844164218,
      "oracle_improve_vs_pairwise": -0.2806815390282741
    }
  }
}