{
  "meta": {
    "results_path": "kimina_bestof_cycle_lenpen001_128_20_temp08_merged_start1580_2280_rescored_dedup.json",
    "folds": 5,
    "ridge": 0.001
  },
  "summary": {
    "count": 173,
    "meta_f1_avg": 0.8399909929976775,
    "consensus_f1_avg": 0.8318532400904444,
    "learned_f1_avg": 0.8403596470204264,
    "meta_typecheck_rate": 0.9364161849710982,
    "choose_learned_rate": 0.6820809248554913,
    "avg_weights": [
      0.009120975660482172,
      -0.003512025258169585,
      -0.007222366527567014,
      0.00011298720076040633,
      -0.008224326819287774,
      0.0017013402700545924,
      -0.002394696489386646,
      0.0003999592317723037,
      0.007822145656062138,
      -0.014015010129356345
    ],
    "avg_threshold": -0.003090556153465405
  }
}