{
  "meta": {
    "results_paths": [
      "kimina_bestof_cycle_lenpen001_128_20_start1960_temp08_qwen1p5_rescored_cpu.json"
    ],
    "feature": "tc_rate",
    "direction": "ge",
    "dedupe_id": false,
    "all_consensus_f1_avg": 0.8363395557467249,
    "tc_consensus_f1_avg": 0.8607552377212954
  },
  "summary": {
    "threshold_0.08771929824561403": {
      "count": 19,
      "chosen_f1_avg": 0.8607552377212953,
      "chosen_typecheck_rate": 1.0
    },
    "threshold_0.192": {
      "count": 19,
      "chosen_f1_avg": 0.8398032488834902,
      "chosen_typecheck_rate": 0.9473684210526315
    },
    "threshold_0.3728813559322034": {
      "count": 19,
      "chosen_f1_avg": 0.8434555853837552,
      "chosen_typecheck_rate": 0.8947368421052632
    },
    "threshold_0.5555555555555556": {
      "count": 19,
      "chosen_f1_avg": 0.8400559379397865,
      "chosen_typecheck_rate": 0.8421052631578947
    },
    "threshold_0.6046511627906976": {
      "count": 19,
      "chosen_f1_avg": 0.8400559379397865,
      "chosen_typecheck_rate": 0.8421052631578947
    },
    "threshold_0.6282051282051282": {
      "count": 19,
      "chosen_f1_avg": 0.8363395557467248,
      "chosen_typecheck_rate": 0.8421052631578947
    },
    "threshold_0.8387096774193549": {
      "count": 19,
      "chosen_f1_avg": 0.8363395557467248,
      "chosen_typecheck_rate": 0.8421052631578947
    },
    "threshold_0.873015873015873": {
      "count": 19,
      "chosen_f1_avg": 0.8363395557467248,
      "chosen_typecheck_rate": 0.8421052631578947
    },
    "threshold_0.8818181818181818": {
      "count": 19,
      "chosen_f1_avg": 0.8363395557467248,
      "chosen_typecheck_rate": 0.8421052631578947
    },
    "threshold_0.9390243902439024": {
      "count": 19,
      "chosen_f1_avg": 0.8363395557467248,
      "chosen_typecheck_rate": 0.8421052631578947
    },
    "threshold_0.9696969696969697": {
      "count": 19,
      "chosen_f1_avg": 0.8363395557467248,
      "chosen_typecheck_rate": 0.8421052631578947
    }
  }
}