{
  "meta": {
    "results_paths": [
      "kimina_bestof_cycle_lenpen001_128_20_temp08_merged_start1580_2160_rescored_cpu.json"
    ],
    "feature": "tc_rate",
    "direction": "ge",
    "dedupe_id": false,
    "all_consensus_f1_avg": 0.8288044734296626,
    "tc_consensus_f1_avg": 0.8320590887613791
  },
  "summary": {
    "threshold_0.0": {
      "count": 221,
      "chosen_f1_avg": 0.8320590887613785,
      "chosen_typecheck_rate": 0.9864253393665159
    },
    "threshold_0.171875": {
      "count": 221,
      "chosen_f1_avg": 0.8331364645378474,
      "chosen_typecheck_rate": 0.918552036199095
    },
    "threshold_0.4": {
      "count": 221,
      "chosen_f1_avg": 0.8315828145148667,
      "chosen_typecheck_rate": 0.8687782805429864
    },
    "threshold_0.5662650602409639": {
      "count": 221,
      "chosen_f1_avg": 0.8298260762976873,
      "chosen_typecheck_rate": 0.8280542986425339
    },
    "threshold_0.6535433070866141": {
      "count": 221,
      "chosen_f1_avg": 0.8301473631739612,
      "chosen_typecheck_rate": 0.8235294117647058
    },
    "threshold_0.7321428571428571": {
      "count": 221,
      "chosen_f1_avg": 0.8304836335524449,
      "chosen_typecheck_rate": 0.8099547511312217
    },
    "threshold_0.8": {
      "count": 221,
      "chosen_f1_avg": 0.8292645878430414,
      "chosen_typecheck_rate": 0.8099547511312217
    },
    "threshold_0.8641975308641975": {
      "count": 221,
      "chosen_f1_avg": 0.8288029852946384,
      "chosen_typecheck_rate": 0.8054298642533937
    },
    "threshold_0.90625": {
      "count": 221,
      "chosen_f1_avg": 0.8285831527337724,
      "chosen_typecheck_rate": 0.8054298642533937
    },
    "threshold_0.9523809523809523": {
      "count": 221,
      "chosen_f1_avg": 0.8283630210513374,
      "chosen_typecheck_rate": 0.8054298642533937
    },
    "threshold_1.0": {
      "count": 221,
      "chosen_f1_avg": 0.8288044734296621,
      "chosen_typecheck_rate": 0.8054298642533937
    }
  }
}