{
  "meta": {
    "results_path": "kimina_bestof_cycle_lenpen001_128_20_start1880_temp08_qwen1p5_rescored_cpu.json",
    "train_results": null,
    "test_results": null,
    "folds": 5,
    "model": "ridge",
    "ridge": 0.001,
    "gbrt_estimators": 200,
    "gbrt_learning_rate": 0.05,
    "gbrt_depth": 3,
    "baseline_feature": false
  },
  "summary": {
    "count": 20,
    "baseline_f1_avg": 0.8176595820622538,
    "learned_f1_avg": 0.8731934414905875,
    "learned_tc_f1_avg": 0.8854696563243472,
    "learned_typecheck_rate": 0.95,
    "learned_tc_typecheck_rate": 1.0,
    "learned_improve_rate": 0.45,
    "learned_tc_improve_rate": 0.5,
    "avg_weights": [
      0.7289582871293815,
      0.012561172840781412,
      0.07508325946020267,
      0.07168763761574753
    ]
  }
}