{
  "meta": {
    "results_paths": [
      "kimina_bestof_cycle_lenpen001_128_20_start2040_temp08_qwen1p5_rescored_cpu.json"
    ],
    "dedupe_id": false
  },
  "summary": {
    "count": 20,
    "baseline_f1_avg": 0.713756569323438,
    "consensus_f1_avg": 0.8107847941658713,
    "oracle_f1_avg": 0.9290238428547776,
    "consensus_improve_rate": 0.7,
    "correlations": {
      "improve_vs_count": 0.27752669902486876,
      "improve_vs_tc_rate": -0.45955031345590175,
      "improve_vs_pairwise": -0.4583725071450092,
      "improve_vs_pairwise_tc": 0.008595756064181274,
      "improve_vs_consensus_margin": -0.028912748899255134,
      "improve_vs_baseline_f1": -0.608602949105096,
      "oracle_improve_vs_count": 0.09584520518397432,
      "oracle_improve_vs_pairwise": -0.7425733671083203
    }
  }
}