{
  "meta": {
    "results_path": "kimina_bestof_cycle_lenpen001_temp08_merged_64_128_rescored.json",
    "train_results": null,
    "test_results": null,
    "folds": 5,
    "model": "ridge",
    "ridge": 0.001,
    "gbrt_estimators": 200,
    "gbrt_learning_rate": 0.05,
    "gbrt_depth": 3,
    "baseline_feature": false,
    "forward_feature": false,
    "embed_consensus": false,
    "context_interactions": false,
    "extra_candidate_features": true,
    "numeric_features": false,
    "nl_number_features": false,
    "nl_number_detail": false,
    "nl_number_missing_extra": true,
    "embed_model_id": null,
    "embed_batch_size": null,
    "embed_max_length": null,
    "embed_device": null
  },
  "summary": {
    "count": 859,
    "baseline_f1_avg": 0.7740837768437162,
    "learned_f1_avg": 0.8413498328805566,
    "learned_tc_f1_avg": 0.8367922980207224,
    "learned_typecheck_rate": 0.9732246798603027,
    "learned_tc_typecheck_rate": 0.9953434225844005,
    "learned_improve_rate": 0.6507566938300349,
    "learned_tc_improve_rate": 0.6484284051222352,
    "feature_names": [
      "bias",
      "len_z",
      "cons_z",
      "typecheck",
      "lenpen_z",
      "cycle_rank",
      "len_rank",
      "cons_rank",
      "tc_cons_z",
      "tc_cons_rank",
      "nl_num_missing_z",
      "nl_num_extra_z"
    ],
    "avg_weights": [
      0.7172362565896677,
      0.0075918717710419525,
      0.05416232858633838,
      0.04251703896416408,
      0.009641566250770747,
      0.011716173003318224,
      0.0001545420013515565,
      0.019154885686930467,
      0.020369720102410203,
      0.002817754865088784,
      -0.0072599304220138825,
      -0.003252609354074276
    ]
  }
}