{
  "meta": {
    "results_path": "kimina_bestof_cycle_lenpen001_128_20_start1880_temp08_qwen1p5_rescored_cpu.json"
  },
  "summary": {
    "records": 20,
    "candidate_typecheck_rate": 0.5728334357713584,
    "tc_candidate_f1_avg": 0.806035980383565,
    "non_tc_candidate_f1_avg": 0.7206436499379697,
    "max_tc_f1_avg": 0.9376237357963539,
    "max_non_tc_f1_avg": 0.8493092898977621,
    "records_with_tc": 20,
    "records_with_non_tc": 19,
    "records_with_both": 19
  }
}