{
  "meta": {
    "results_paths": [
      "kimina_bestof_cycle_lenpen001_128_20_start1580_temp08_qwen1p5_rescored_cpu.json"
    ],
    "dedupe_id": false
  },
  "summary": {
    "count": 20,
    "all_consensus_f1_avg": 0.8752595522267921,
    "tc_consensus_f1_avg": 0.8641388680437079,
    "tc_better_rate": 0.2,
    "diff_vs_tc_rate": 0.2704327577265709,
    "diff_vs_tc_count": 0.22159080870713438
  }
}