{
  "meta": {
    "results_path": "kimina_bestof_cycle_lenpen001_64_20_start1400_temp08_qwen1p5_rescored_cpu.json"
  },
  "summary": {
    "count": 17,
    "pearson_avg": 0.508600068084187,
    "pearson_median": 0.475455841053742,
    "spearman_avg": 0.3125708244461893,
    "spearman_median": 0.3701303291620647
  }
}