{
  "meta": {
    "results_paths": [
      "kimina_bestof_cycle_lenpen001_128_20_start2000_temp08_qwen1p5_rescored_cpu.json"
    ],
    "dedupe_id": false
  },
  "summary": {
    "count": 19,
    "all_consensus_f1_avg": 0.8291902306084898,
    "tc_consensus_f1_avg": 0.7849279305008696,
    "tc_better_rate": 0.15789473684210525,
    "diff_vs_tc_rate": 0.4517491057143297,
    "diff_vs_tc_count": 0.4053175615339794
  }
}