{
  "meta": {
    "results_path": "kimina_bestof_cycle_lenpen001_128_20_start2140_temp08_qwen1p5_rescored_cpu.json",
    "train_results": null,
    "test_results": null,
    "folds": 5,
    "model": "ridge",
    "ridge": 0.001,
    "gbrt_estimators": 200,
    "gbrt_learning_rate": 0.05,
    "gbrt_depth": 3,
    "baseline_feature": false
  },
  "summary": {
    "count": 19,
    "baseline_f1_avg": 0.7484132311494578,
    "learned_f1_avg": 0.7987822666522647,
    "learned_tc_f1_avg": 0.7976983309180382,
    "learned_typecheck_rate": 0.8421052631578947,
    "learned_tc_typecheck_rate": 0.9473684210526315,
    "learned_improve_rate": 0.5263157894736842,
    "learned_tc_improve_rate": 0.5263157894736842,
    "avg_weights": [
      0.7390163972472965,
      -0.00031232558947962225,
      -0.004856142678236718,
      0.06801381652971356,
      0.014850891468552849
    ]
  }
}