{
  "meta": {
    "results_paths": [
      "kimina_bestof_cycle_lenpen001_128_20_start1660_temp08_qwen1p5_rescored_cpu.json"
    ],
    "feature": "tc_count",
    "direction": "ge",
    "dedupe_id": false,
    "all_consensus_f1_avg": 0.8390192354797825,
    "tc_consensus_f1_avg": 0.8654524458071686
  },
  "summary": {
    "threshold_11.0": {
      "count": 19,
      "chosen_f1_avg": 0.8654524458071686,
      "chosen_typecheck_rate": 1.0
    },
    "threshold_23.0": {
      "count": 19,
      "chosen_f1_avg": 0.8557259414527179,
      "chosen_typecheck_rate": 0.8947368421052632
    },
    "threshold_33.0": {
      "count": 19,
      "chosen_f1_avg": 0.8499843146584595,
      "chosen_typecheck_rate": 0.8947368421052632
    },
    "threshold_44.0": {
      "count": 19,
      "chosen_f1_avg": 0.8492394153394616,
      "chosen_typecheck_rate": 0.8421052631578947
    },
    "threshold_49.0": {
      "count": 19,
      "chosen_f1_avg": 0.8446847594690161,
      "chosen_typecheck_rate": 0.8421052631578947
    },
    "threshold_57.0": {
      "count": 19,
      "chosen_f1_avg": 0.8446847594690161,
      "chosen_typecheck_rate": 0.8421052631578947
    },
    "threshold_70.0": {
      "count": 19,
      "chosen_f1_avg": 0.8428311173213137,
      "chosen_typecheck_rate": 0.8421052631578947
    },
    "threshold_77.0": {
      "count": 19,
      "chosen_f1_avg": 0.8428311173213137,
      "chosen_typecheck_rate": 0.8421052631578947
    },
    "threshold_82.0": {
      "count": 19,
      "chosen_f1_avg": 0.8428311173213137,
      "chosen_typecheck_rate": 0.8421052631578947
    },
    "threshold_89.0": {
      "count": 19,
      "chosen_f1_avg": 0.8385272182805726,
      "chosen_typecheck_rate": 0.8421052631578947
    },
    "threshold_114.0": {
      "count": 19,
      "chosen_f1_avg": 0.8385272182805726,
      "chosen_typecheck_rate": 0.8421052631578947
    }
  }
}