{
  "meta": {
    "results_paths": [
      "kimina_bestof_cycle_lenpen001_128_20_start2140_temp08_qwen1p5_rescored_cpu.json"
    ],
    "feature": "tc_rate",
    "direction": "ge",
    "dedupe_id": false,
    "all_consensus_f1_avg": 0.8031629799284533,
    "tc_consensus_f1_avg": 0.7989002539949613
  },
  "summary": {
    "threshold_0.333": {
      "count": 19,
      "chosen_f1_avg": 0.7989002539949613,
      "chosen_typecheck_rate": 0.9473684210526315
    }
  }
}