{
  "meta": {
    "results_paths": [
      "kimina_bestof_cycle_lenpen001_128_20_temp08_merged_start1580_2060_rescored_cpu.json"
    ],
    "dedupe_id": true
  },
  "summary": {
    "count": 159,
    "baseline_f1_avg": 0.7682287419362154,
    "consensus_f1_avg": 0.8366612738066276,
    "oracle_f1_avg": 0.9349006980305796,
    "consensus_improve_rate": 0.6352201257861635,
    "correlations": {
      "improve_vs_count": 0.07306196439851054,
      "improve_vs_tc_rate": -0.14973455626103496,
      "improve_vs_pairwise": -0.2977380882323871,
      "improve_vs_pairwise_tc": -0.2010746536222973,
      "improve_vs_consensus_margin": -0.04236871197843421,
      "improve_vs_baseline_f1": -0.6533753710854975,
      "oracle_improve_vs_count": 0.1099692956858491,
      "oracle_improve_vs_pairwise": -0.531686006645755
    }
  }
}