{
  "meta": {
    "results_path": "kimina_bestof_cycle_lenpen001_128_20_start2260_temp08_qwen1p5_rescored_cpu.json"
  },
  "summary": {
    "records": 18,
    "candidate_typecheck_rate": 0.7023809523809523,
    "tc_candidate_f1_avg": 0.7363325274002308,
    "non_tc_candidate_f1_avg": 0.7144444706095262,
    "max_tc_f1_avg": 0.8646368550814705,
    "max_non_tc_f1_avg": 0.8340929070166815,
    "records_with_tc": 18,
    "records_with_non_tc": 18,
    "records_with_both": 18
  }
}