{
  "meta": {
    "results_path": "kimina_bestof_cycle_lenpen001_64_20_start1560_temp08_qwen1p5_rescored_cpu.json"
  },
  "summary": {
    "alpha_0.0_beta_0.0": {
      "count": 17,
      "all_f1_avg": 0.805663845061553,
      "all_typecheck_rate": 0.7058823529411765,
      "tc_f1_avg": 0.8019539855008185,
      "tc_typecheck_rate": 1.0
    },
    "alpha_0.0_beta_0.5": {
      "count": 17,
      "all_f1_avg": 0.8410940768219273,
      "all_typecheck_rate": 0.7647058823529411,
      "tc_f1_avg": 0.8501309478557033,
      "tc_typecheck_rate": 1.0
    },
    "alpha_0.0_beta_1.0": {
      "count": 17,
      "all_f1_avg": 0.8588553358151164,
      "all_typecheck_rate": 0.8823529411764706,
      "tc_f1_avg": 0.8509216878149652,
      "tc_typecheck_rate": 1.0
    },
    "alpha_0.0_beta_2.0": {
      "count": 17,
      "all_f1_avg": 0.8516763310783162,
      "all_typecheck_rate": 0.9411764705882353,
      "tc_f1_avg": 0.8458891938563893,
      "tc_typecheck_rate": 1.0
    },
    "alpha_0.0_beta_3.0": {
      "count": 17,
      "all_f1_avg": 0.8501854021306756,
      "all_typecheck_rate": 0.9411764705882353,
      "tc_f1_avg": 0.8443982649087487,
      "tc_typecheck_rate": 1.0
    },
    "alpha_0.001_beta_0.0": {
      "count": 17,
      "all_f1_avg": 0.8020097854696465,
      "all_typecheck_rate": 0.7058823529411765,
      "tc_f1_avg": 0.8175053631449037,
      "tc_typecheck_rate": 1.0
    },
    "alpha_0.001_beta_0.5": {
      "count": 17,
      "all_f1_avg": 0.8489810626655303,
      "all_typecheck_rate": 0.8235294117647058,
      "tc_f1_avg": 0.8501309478557033,
      "tc_typecheck_rate": 1.0
    },
    "alpha_0.001_beta_1.0": {
      "count": 17,
      "all_f1_avg": 0.8559617937058881,
      "all_typecheck_rate": 0.8823529411764706,
      "tc_f1_avg": 0.8480281457057369,
      "tc_typecheck_rate": 1.0
    },
    "alpha_0.001_beta_2.0": {
      "count": 17,
      "all_f1_avg": 0.8516763310783162,
      "all_typecheck_rate": 0.9411764705882353,
      "tc_f1_avg": 0.8458891938563893,
      "tc_typecheck_rate": 1.0
    },
    "alpha_0.001_beta_3.0": {
      "count": 17,
      "all_f1_avg": 0.849078730879228,
      "all_typecheck_rate": 0.9411764705882353,
      "tc_f1_avg": 0.8432915936573011,
      "tc_typecheck_rate": 1.0
    },
    "alpha_0.002_beta_0.0": {
      "count": 17,
      "all_f1_avg": 0.8020097854696465,
      "all_typecheck_rate": 0.7058823529411765,
      "tc_f1_avg": 0.8175053631449037,
      "tc_typecheck_rate": 1.0
    },
    "alpha_0.002_beta_0.5": {
      "count": 17,
      "all_f1_avg": 0.8225181158053154,
      "all_typecheck_rate": 0.8823529411764706,
      "tc_f1_avg": 0.8285096478446775,
      "tc_typecheck_rate": 1.0
    },
    "alpha_0.002_beta_1.0": {
      "count": 17,
      "all_f1_avg": 0.8498874019340498,
      "all_typecheck_rate": 0.8823529411764706,
      "tc_f1_avg": 0.8419537539338986,
      "tc_typecheck_rate": 1.0
    },
    "alpha_0.002_beta_2.0": {
      "count": 17,
      "all_f1_avg": 0.8516763310783162,
      "all_typecheck_rate": 0.9411764705882353,
      "tc_f1_avg": 0.8458891938563893,
      "tc_typecheck_rate": 1.0
    },
    "alpha_0.002_beta_3.0": {
      "count": 17,
      "all_f1_avg": 0.849078730879228,
      "all_typecheck_rate": 0.9411764705882353,
      "tc_f1_avg": 0.8432915936573011,
      "tc_typecheck_rate": 1.0
    },
    "alpha_0.005_beta_0.0": {
      "count": 17,
      "all_f1_avg": 0.8118106113819878,
      "all_typecheck_rate": 0.8235294117647058,
      "tc_f1_avg": 0.8273811083147666,
      "tc_typecheck_rate": 1.0
    },
    "alpha_0.005_beta_0.5": {
      "count": 17,
      "all_f1_avg": 0.8230737073146885,
      "all_typecheck_rate": 0.8823529411764706,
      "tc_f1_avg": 0.8302145157955021,
      "tc_typecheck_rate": 1.0
    },
    "alpha_0.005_beta_1.0": {
      "count": 17,
      "all_f1_avg": 0.8327917868408656,
      "all_typecheck_rate": 0.8823529411764706,
      "tc_f1_avg": 0.8387833188802276,
      "tc_typecheck_rate": 1.0
    },
    "alpha_0.005_beta_2.0": {
      "count": 17,
      "all_f1_avg": 0.8549138588560365,
      "all_typecheck_rate": 0.8823529411764706,
      "tc_f1_avg": 0.8468249313527798,
      "tc_typecheck_rate": 1.0
    },
    "alpha_0.005_beta_3.0": {
      "count": 17,
      "all_f1_avg": 0.8491550887678585,
      "all_typecheck_rate": 0.9411764705882353,
      "tc_f1_avg": 0.8370363523844162,
      "tc_typecheck_rate": 1.0
    },
    "alpha_0.01_beta_0.0": {
      "count": 17,
      "all_f1_avg": 0.7934295219032014,
      "all_typecheck_rate": 0.7058823529411765,
      "tc_f1_avg": 0.812363920701457,
      "tc_typecheck_rate": 1.0
    },
    "alpha_0.01_beta_0.5": {
      "count": 17,
      "all_f1_avg": 0.8005223537892898,
      "all_typecheck_rate": 0.7647058823529411,
      "tc_f1_avg": 0.8284089154686194,
      "tc_typecheck_rate": 1.0
    },
    "alpha_0.01_beta_1.0": {
      "count": 17,
      "all_f1_avg": 0.8005223537892898,
      "all_typecheck_rate": 0.7647058823529411,
      "tc_f1_avg": 0.834438065096385,
      "tc_typecheck_rate": 1.0
    },
    "alpha_0.01_beta_2.0": {
      "count": 17,
      "all_f1_avg": 0.8300912841104325,
      "all_typecheck_rate": 0.8823529411764706,
      "tc_f1_avg": 0.8283186655791654,
      "tc_typecheck_rate": 1.0
    },
    "alpha_0.01_beta_3.0": {
      "count": 17,
      "all_f1_avg": 0.8457957393668958,
      "all_typecheck_rate": 0.8823529411764706,
      "tc_f1_avg": 0.8415954831138732,
      "tc_typecheck_rate": 1.0
    },
    "alpha_0.02_beta_0.0": {
      "count": 17,
      "all_f1_avg": 0.7138006077616196,
      "all_typecheck_rate": 0.6470588235294118,
      "tc_f1_avg": 0.76293956007047,
      "tc_typecheck_rate": 1.0
    },
    "alpha_0.02_beta_0.5": {
      "count": 17,
      "all_f1_avg": 0.7999275188212118,
      "all_typecheck_rate": 0.7647058823529411,
      "tc_f1_avg": 0.8159241071924147,
      "tc_typecheck_rate": 1.0
    },
    "alpha_0.02_beta_1.0": {
      "count": 17,
      "all_f1_avg": 0.7869931389419653,
      "all_typecheck_rate": 0.7058823529411765,
      "tc_f1_avg": 0.8240661740862093,
      "tc_typecheck_rate": 1.0
    },
    "alpha_0.02_beta_2.0": {
      "count": 17,
      "all_f1_avg": 0.8037674737972808,
      "all_typecheck_rate": 0.7647058823529411,
      "tc_f1_avg": 0.807938646671772,
      "tc_typecheck_rate": 1.0
    },
    "alpha_0.02_beta_3.0": {
      "count": 17,
      "all_f1_avg": 0.8147300837622347,
      "all_typecheck_rate": 0.7647058823529411,
      "tc_f1_avg": 0.8214655203204693,
      "tc_typecheck_rate": 1.0
    }
  }
}