{
  "meta": {
    "results_path": "kimina_bestof_cycle_lenpen001_64_20_start1420_temp08_qwen1p5_rescored_cpu.json"
  },
  "summary": {
    "records": 19,
    "candidate_typecheck_rate": 0.7690582959641256,
    "tc_candidate_f1_avg": 0.8444885930616184,
    "non_tc_candidate_f1_avg": 0.7597944709442676,
    "max_tc_f1_avg": 0.9343453741156802,
    "max_non_tc_f1_avg": 0.8533661957219129,
    "records_with_tc": 19,
    "records_with_non_tc": 17,
    "records_with_both": 17
  }
}