{
  "meta": {
    "results_path": "kimina_bestof_cycle_lenpen001_128_20_start2040_temp08_qwen1p5_rescored_cpu.json",
    "train_results": null,
    "test_results": null,
    "folds": 5,
    "model": "ridge",
    "ridge": 0.001,
    "gbrt_estimators": 200,
    "gbrt_learning_rate": 0.05,
    "gbrt_depth": 3,
    "baseline_feature": false
  },
  "summary": {
    "count": 20,
    "baseline_f1_avg": 0.713756569323438,
    "learned_f1_avg": 0.8250241109723152,
    "learned_tc_f1_avg": 0.8351523161005204,
    "learned_typecheck_rate": 0.95,
    "learned_tc_typecheck_rate": 1.0,
    "learned_improve_rate": 0.75,
    "learned_tc_improve_rate": 0.8,
    "avg_weights": [
      0.7180036191352698,
      0.022456926380666865,
      0.07908426981593022,
      0.026048499093216576
    ]
  }
}