{
  "meta": {
    "results_paths": [
      "kimina_bestof_cycle_lenpen001_128_20_temp08_merged_start1580_2160_rescored_cpu.json"
    ],
    "feature": "pairwise",
    "direction": "ge",
    "dedupe_id": false,
    "all_consensus_f1_avg": 0.8288044734296626,
    "tc_consensus_f1_avg": 0.8320590887613791
  },
  "summary": {
    "threshold_0.42080280196176717": {
      "count": 221,
      "chosen_f1_avg": 0.8320590887613785,
      "chosen_typecheck_rate": 0.9864253393665159
    },
    "threshold_0.6732286431571424": {
      "count": 221,
      "chosen_f1_avg": 0.8287727618779271,
      "chosen_typecheck_rate": 0.9547511312217195
    },
    "threshold_0.7123594465230627": {
      "count": 221,
      "chosen_f1_avg": 0.8300053251905232,
      "chosen_typecheck_rate": 0.9230769230769231
    },
    "threshold_0.7416907654087662": {
      "count": 221,
      "chosen_f1_avg": 0.8297135746087132,
      "chosen_typecheck_rate": 0.9004524886877828
    },
    "threshold_0.7587713880949939": {
      "count": 221,
      "chosen_f1_avg": 0.8277792276400535,
      "chosen_typecheck_rate": 0.8823529411764706
    },
    "threshold_0.7864751613099198": {
      "count": 221,
      "chosen_f1_avg": 0.8283117901471694,
      "chosen_typecheck_rate": 0.8687782805429864
    },
    "threshold_0.804840434486935": {
      "count": 221,
      "chosen_f1_avg": 0.8293253499827172,
      "chosen_typecheck_rate": 0.8416289592760181
    },
    "threshold_0.8216158555939785": {
      "count": 221,
      "chosen_f1_avg": 0.8306991535251901,
      "chosen_typecheck_rate": 0.8280542986425339
    },
    "threshold_0.847077962727143": {
      "count": 221,
      "chosen_f1_avg": 0.8293943166020443,
      "chosen_typecheck_rate": 0.8235294117647058
    },
    "threshold_0.8709934566549208": {
      "count": 221,
      "chosen_f1_avg": 0.8290019858263024,
      "chosen_typecheck_rate": 0.8099547511312217
    },
    "threshold_0.9438914017678607": {
      "count": 221,
      "chosen_f1_avg": 0.8288044734296621,
      "chosen_typecheck_rate": 0.8054298642533937
    }
  }
}