{
  "meta": {
    "results_path": "kimina_bestof_cycle_lenpen001_128_20_start1960_temp08_qwen1p5_rescored_cpu.json",
    "ks": [
      4,
      8,
      16,
      32,
      64
    ],
    "score_key": "cycle_score"
  },
  "summary": {
    "all": {
      "k_4": {
        "count": 19,
        "f1_avg": 0.7391954099840466,
        "typecheck_rate": 0.47368421052631576
      },
      "k_8": {
        "count": 19,
        "f1_avg": 0.7676027078016092,
        "typecheck_rate": 0.5789473684210527
      },
      "k_16": {
        "count": 19,
        "f1_avg": 0.8233031251507296,
        "typecheck_rate": 0.6842105263157895
      },
      "k_32": {
        "count": 19,
        "f1_avg": 0.8347431949619871,
        "typecheck_rate": 0.7368421052631579
      },
      "k_64": {
        "count": 15,
        "f1_avg": 0.8351840108217136,
        "typecheck_rate": 0.7333333333333333
      }
    },
    "tc_only": {
      "k_4": {
        "count": 19,
        "f1_avg": 0.8273004127223387,
        "typecheck_rate": 1.0
      },
      "k_8": {
        "count": 19,
        "f1_avg": 0.8352433697252868,
        "typecheck_rate": 1.0
      },
      "k_16": {
        "count": 17,
        "f1_avg": 0.8516390087635319,
        "typecheck_rate": 1.0
      },
      "k_32": {
        "count": 15,
        "f1_avg": 0.8485028291529139,
        "typecheck_rate": 1.0
      },
      "k_64": {
        "count": 8,
        "f1_avg": 0.8530385397476954,
        "typecheck_rate": 1.0
      }
    }
  }
}