{
  "meta": {
    "results_path": "kimina_bestof_cycle_lenpen001_128_20_temp08_merged_start1580_2200_rescored_cpu.json",
    "ks": [
      4,
      8,
      16,
      32,
      64
    ],
    "trials": 30,
    "seed": 0
  },
  "summary": {
    "all": {
      "k_4": {
        "count": 7830,
        "f1_avg": 0.801720308148118,
        "typecheck_rate": 0.734610472541507
      },
      "k_8": {
        "count": 7830,
        "f1_avg": 0.8166242233636951,
        "typecheck_rate": 0.7681992337164751
      },
      "k_16": {
        "count": 7800,
        "f1_avg": 0.8247812936954039,
        "typecheck_rate": 0.7903846153846154
      },
      "k_32": {
        "count": 7470,
        "f1_avg": 0.8271038551526954,
        "typecheck_rate": 0.7892904953145917
      },
      "k_64": {
        "count": 6630,
        "f1_avg": 0.8224443020821646,
        "typecheck_rate": 0.7903469079939668
      }
    },
    "tc_only": {
      "k_4": {
        "count": 7650,
        "f1_avg": 0.8134241446529307,
        "typecheck_rate": 1.0
      },
      "k_8": {
        "count": 7530,
        "f1_avg": 0.8270965982831353,
        "typecheck_rate": 1.0
      },
      "k_16": {
        "count": 7140,
        "f1_avg": 0.8362329901163006,
        "typecheck_rate": 1.0
      },
      "k_32": {
        "count": 6060,
        "f1_avg": 0.8394349463909104,
        "typecheck_rate": 1.0
      },
      "k_64": {
        "count": 3870,
        "f1_avg": 0.8323594707031448,
        "typecheck_rate": 1.0
      }
    }
  }
}