{
  "meta": {
    "results_paths": [
      "kimina_bestof_cycle_lenpen001_128_20_temp08_merged_start1580_2220_rescored_cpu.json"
    ],
    "feature": "tc_rate",
    "direction": "ge",
    "dedupe_id": false,
    "all_consensus_f1_avg": 0.8353208992363801,
    "tc_consensus_f1_avg": 0.8348587246244813
  },
  "summary": {
    "threshold_0.0": {
      "count": 630,
      "chosen_f1_avg": 0.8348587246244825,
      "chosen_typecheck_rate": 0.9952380952380953
    },
    "threshold_0.2204724409448819": {
      "count": 630,
      "chosen_f1_avg": 0.8383287861377059,
      "chosen_typecheck_rate": 0.9158730158730158
    },
    "threshold_0.44565217391304346": {
      "count": 630,
      "chosen_f1_avg": 0.8358522689002051,
      "chosen_typecheck_rate": 0.8555555555555555
    },
    "threshold_0.6025641025641025": {
      "count": 630,
      "chosen_f1_avg": 0.8355403899803245,
      "chosen_typecheck_rate": 0.8412698412698413
    },
    "threshold_0.7037037037037037": {
      "count": 630,
      "chosen_f1_avg": 0.8352129057179852,
      "chosen_typecheck_rate": 0.8301587301587302
    },
    "threshold_0.7777777777777778": {
      "count": 630,
      "chosen_f1_avg": 0.8349637531503479,
      "chosen_typecheck_rate": 0.8253968253968254
    },
    "threshold_0.85": {
      "count": 630,
      "chosen_f1_avg": 0.8347177908932777,
      "chosen_typecheck_rate": 0.8222222222222222
    },
    "threshold_0.8870967741935484": {
      "count": 630,
      "chosen_f1_avg": 0.8346530207951431,
      "chosen_typecheck_rate": 0.8222222222222222
    },
    "threshold_0.927710843373494": {
      "count": 630,
      "chosen_f1_avg": 0.8347800909132551,
      "chosen_typecheck_rate": 0.8222222222222222
    },
    "threshold_0.9682539682539683": {
      "count": 630,
      "chosen_f1_avg": 0.8353208992363812,
      "chosen_typecheck_rate": 0.8222222222222222
    },
    "threshold_1.0": {
      "count": 630,
      "chosen_f1_avg": 0.8353208992363812,
      "chosen_typecheck_rate": 0.8222222222222222
    }
  }
}