{
  "meta": {
    "results_path": "kimina_bestof_cycle_lenpen001_64_20_start1020_temp08_qwen1p5_rescored_cpu.json",
    "train_results": null,
    "test_results": null,
    "folds": 5,
    "ridge": 0.001,
    "baseline_feature": false
  },
  "summary": {
    "count": 17,
    "baseline_f1_avg": 0.7904888358279736,
    "learned_f1_avg": 0.8437834489794226,
    "learned_tc_f1_avg": 0.8664042469981245,
    "learned_typecheck_rate": 0.8823529411764706,
    "learned_tc_typecheck_rate": 1.0,
    "learned_improve_rate": 0.47058823529411764,
    "learned_tc_improve_rate": 0.5294117647058824,
    "avg_weights": [
      0.7412434338684171,
      0.02018963976332844,
      0.020476459817949166,
      0.06464462557324878,
      0.08804617371440998
    ]
  }
}