{
  "meta": {
    "results_path": "kimina_bestof_cycle_lenpen001_128_20_temp08_merged_start1580_2140_rescored_cpu.json",
    "ks": [
      4,
      8,
      16,
      32,
      64
    ],
    "trials": 30,
    "seed": 0
  },
  "summary": {
    "all": {
      "k_4": {
        "count": 6030,
        "f1_avg": 0.799997341813667,
        "typecheck_rate": 0.7150912106135987
      },
      "k_8": {
        "count": 6030,
        "f1_avg": 0.8148006157933413,
        "typecheck_rate": 0.7522388059701492
      },
      "k_16": {
        "count": 6000,
        "f1_avg": 0.8223419129286145,
        "typecheck_rate": 0.7683333333333333
      },
      "k_32": {
        "count": 5760,
        "f1_avg": 0.8274906886506599,
        "typecheck_rate": 0.7786458333333334
      },
      "k_64": {
        "count": 5160,
        "f1_avg": 0.823750201399499,
        "typecheck_rate": 0.7813953488372093
      }
    },
    "tc_only": {
      "k_4": {
        "count": 5880,
        "f1_avg": 0.8128859856668315,
        "typecheck_rate": 1.0
      },
      "k_8": {
        "count": 5760,
        "f1_avg": 0.8277063108701932,
        "typecheck_rate": 1.0
      },
      "k_16": {
        "count": 5400,
        "f1_avg": 0.8390357772083243,
        "typecheck_rate": 1.0
      },
      "k_32": {
        "count": 4530,
        "f1_avg": 0.8427679977731093,
        "typecheck_rate": 1.0
      },
      "k_64": {
        "count": 2940,
        "f1_avg": 0.8357714902252602,
        "typecheck_rate": 1.0
      }
    }
  }
}