{
  "meta": {
    "results_paths": [
      "kimina_bestof_cycle_lenpen001_128_20_temp08_merged_start1580_1960_rescored_cpu.json"
    ],
    "feature": "tc_count",
    "direction": "ge",
    "dedupe_id": false,
    "all_consensus_f1_avg": 0.8365944969741842,
    "tc_consensus_f1_avg": 0.8423410975600866
  },
  "summary": {
    "threshold_0.0": {
      "count": 150,
      "chosen_f1_avg": 0.8423410975600862,
      "chosen_typecheck_rate": 0.9933333333333333
    },
    "threshold_15.0": {
      "count": 150,
      "chosen_f1_avg": 0.8399056865311074,
      "chosen_typecheck_rate": 0.92
    },
    "threshold_25.0": {
      "count": 150,
      "chosen_f1_avg": 0.8396688856590746,
      "chosen_typecheck_rate": 0.8866666666666667
    },
    "threshold_41.0": {
      "count": 150,
      "chosen_f1_avg": 0.8407521534545255,
      "chosen_typecheck_rate": 0.84
    },
    "threshold_49.0": {
      "count": 150,
      "chosen_f1_avg": 0.838172510850767,
      "chosen_typecheck_rate": 0.8066666666666666
    },
    "threshold_57.0": {
      "count": 150,
      "chosen_f1_avg": 0.8377915584698148,
      "chosen_typecheck_rate": 0.8066666666666666
    },
    "threshold_70.0": {
      "count": 150,
      "chosen_f1_avg": 0.8371346273756359,
      "chosen_typecheck_rate": 0.8066666666666666
    },
    "threshold_78.0": {
      "count": 150,
      "chosen_f1_avg": 0.8381628667857244,
      "chosen_typecheck_rate": 0.7933333333333333
    },
    "threshold_86.0": {
      "count": 150,
      "chosen_f1_avg": 0.8367897060308102,
      "chosen_typecheck_rate": 0.7933333333333333
    },
    "threshold_104.0": {
      "count": 150,
      "chosen_f1_avg": 0.8366586312173396,
      "chosen_typecheck_rate": 0.7933333333333333
    },
    "threshold_124.0": {
      "count": 150,
      "chosen_f1_avg": 0.8365944969741839,
      "chosen_typecheck_rate": 0.7933333333333333
    }
  }
}