{
  "meta": {
    "results_path": "kimina_bestof_cycle_lenpen001_temp08_merged_64_128_rescored.json",
    "train_results": null,
    "test_results": null,
    "folds": 5,
    "model": "ridge",
    "ridge": 0.001,
    "gbrt_estimators": 200,
    "gbrt_learning_rate": 0.05,
    "gbrt_depth": 3,
    "baseline_feature": false,
    "forward_feature": false,
    "embed_consensus": false,
    "context_interactions": false,
    "extra_candidate_features": true,
    "numeric_features": false,
    "nl_number_features": false,
    "nl_number_detail": false,
    "nl_number_missing_extra": true,
    "nl_number_missing_extra_ratio": false,
    "nl_number_missing_extra_signed": true,
    "embed_model_id": null,
    "embed_batch_size": null,
    "embed_max_length": null,
    "embed_device": null
  },
  "summary": {
    "count": 859,
    "baseline_f1_avg": 0.7740837768437162,
    "learned_f1_avg": 0.8413818107359016,
    "learned_tc_f1_avg": 0.8368242758760674,
    "learned_typecheck_rate": 0.9732246798603027,
    "learned_tc_typecheck_rate": 0.9953434225844005,
    "learned_improve_rate": 0.6495925494761351,
    "learned_tc_improve_rate": 0.6472642607683353,
    "feature_names": [
      "bias",
      "len_z",
      "cons_z",
      "typecheck",
      "lenpen_z",
      "cycle_rank",
      "len_rank",
      "cons_rank",
      "tc_cons_z",
      "tc_cons_rank",
      "nl_num_missing_z",
      "nl_num_extra_z",
      "nl_num_signed_delta_z"
    ],
    "avg_weights": [
      0.7173397714060943,
      0.007485286157951529,
      0.054196050757021254,
      0.042494660156758624,
      0.009601906767260329,
      0.011592658548426612,
      1.9959502761746636e-05,
      0.01913982262058096,
      0.02037858766565617,
      0.0029133349594617857,
      -0.0064357308368295976,
      -0.003917886082459426,
      0.0014370605718254017
    ]
  }
}