{
  "meta": {
    "results_path": "kimina_bestof_cycle_lenpen001_128_20_temp08_merged_start1580_2120_rescored_cpu.json",
    "ks": [
      4,
      8,
      16,
      32,
      64
    ],
    "trials": 30,
    "seed": 0
  },
  "summary": {
    "all": {
      "k_4": {
        "count": 5460,
        "f1_avg": 0.8032286959820432,
        "typecheck_rate": 0.6998168498168498
      },
      "k_8": {
        "count": 5460,
        "f1_avg": 0.8178911728620055,
        "typecheck_rate": 0.7364468864468865
      },
      "k_16": {
        "count": 5460,
        "f1_avg": 0.8252803191316073,
        "typecheck_rate": 0.7512820512820513
      },
      "k_32": {
        "count": 5250,
        "f1_avg": 0.8296040437477572,
        "typecheck_rate": 0.7651428571428571
      },
      "k_64": {
        "count": 4680,
        "f1_avg": 0.826644721499791,
        "typecheck_rate": 0.7585470085470085
      }
    },
    "tc_only": {
      "k_4": {
        "count": 5340,
        "f1_avg": 0.8186663180623731,
        "typecheck_rate": 1.0
      },
      "k_8": {
        "count": 5220,
        "f1_avg": 0.8309778280914817,
        "typecheck_rate": 1.0
      },
      "k_16": {
        "count": 4860,
        "f1_avg": 0.8427741512981973,
        "typecheck_rate": 1.0
      },
      "k_32": {
        "count": 4050,
        "f1_avg": 0.8475245101877218,
        "typecheck_rate": 1.0
      },
      "k_64": {
        "count": 2550,
        "f1_avg": 0.8442363525514921,
        "typecheck_rate": 1.0
      }
    }
  }
}