{
  "meta": {
    "results_paths": [
      "kimina_bestof_cycle_lenpen001_128_20_start2200_temp08_qwen1p5_rescored_cpu.json"
    ],
    "feature": "tc_rate",
    "direction": "ge",
    "dedupe_id": false,
    "all_consensus_f1_avg": 0.8411443718098383,
    "tc_consensus_f1_avg": 0.8280017521245725
  },
  "summary": {
    "threshold_0.01639344262295082": {
      "count": 20,
      "chosen_f1_avg": 0.8280017521245725,
      "chosen_typecheck_rate": 1.0
    },
    "threshold_0.15748031496062992": {
      "count": 20,
      "chosen_f1_avg": 0.8336170003066131,
      "chosen_typecheck_rate": 0.95
    },
    "threshold_0.49019607843137253": {
      "count": 20,
      "chosen_f1_avg": 0.8338325366118795,
      "chosen_typecheck_rate": 0.85
    },
    "threshold_0.6356589147286822": {
      "count": 20,
      "chosen_f1_avg": 0.8338325366118795,
      "chosen_typecheck_rate": 0.85
    },
    "threshold_0.7441860465116279": {
      "count": 20,
      "chosen_f1_avg": 0.8338325366118795,
      "chosen_typecheck_rate": 0.85
    },
    "threshold_0.8": {
      "count": 20,
      "chosen_f1_avg": 0.8348609697637246,
      "chosen_typecheck_rate": 0.85
    },
    "threshold_0.8266666666666667": {
      "count": 20,
      "chosen_f1_avg": 0.8348609697637246,
      "chosen_typecheck_rate": 0.85
    },
    "threshold_0.889763779527559": {
      "count": 20,
      "chosen_f1_avg": 0.8348609697637246,
      "chosen_typecheck_rate": 0.8
    },
    "threshold_0.9270833333333334": {
      "count": 20,
      "chosen_f1_avg": 0.8411443718098385,
      "chosen_typecheck_rate": 0.8
    },
    "threshold_0.9448818897637795": {
      "count": 20,
      "chosen_f1_avg": 0.8411443718098385,
      "chosen_typecheck_rate": 0.8
    },
    "threshold_0.9801980198019802": {
      "count": 20,
      "chosen_f1_avg": 0.8411443718098385,
      "chosen_typecheck_rate": 0.8
    }
  }
}