{
  "meta": {
    "results_path": "kimina_bestof_cycle_lenpen001_128_20_start1680_temp08_qwen1p5_rescored_cpu.json",
    "ks": [
      4,
      8,
      16,
      32,
      64
    ],
    "score_key": "length_penalized_score"
  },
  "summary": {
    "all": {
      "k_4": {
        "count": 17,
        "f1_avg": 0.8115518159422013,
        "typecheck_rate": 0.7058823529411765
      },
      "k_8": {
        "count": 17,
        "f1_avg": 0.839697663767982,
        "typecheck_rate": 0.7647058823529411
      },
      "k_16": {
        "count": 17,
        "f1_avg": 0.841385736242216,
        "typecheck_rate": 0.7058823529411765
      },
      "k_32": {
        "count": 15,
        "f1_avg": 0.833830913571349,
        "typecheck_rate": 0.8666666666666667
      },
      "k_64": {
        "count": 15,
        "f1_avg": 0.8372418753859419,
        "typecheck_rate": 0.8666666666666667
      }
    },
    "tc_only": {
      "k_4": {
        "count": 17,
        "f1_avg": 0.8121200075546171,
        "typecheck_rate": 1.0
      },
      "k_8": {
        "count": 16,
        "f1_avg": 0.8085433247445991,
        "typecheck_rate": 1.0
      },
      "k_16": {
        "count": 16,
        "f1_avg": 0.8405113227628896,
        "typecheck_rate": 1.0
      },
      "k_32": {
        "count": 14,
        "f1_avg": 0.8571507072844701,
        "typecheck_rate": 1.0
      },
      "k_64": {
        "count": 10,
        "f1_avg": 0.8376193646791019,
        "typecheck_rate": 1.0
      }
    }
  }
}