{
  "meta": {
    "results_paths": [
      "kimina_bestof_cycle_lenpen001_64_20_start1360_temp08_qwen1p5_rescored_cpu.json"
    ],
    "dedupe_id": false
  },
  "summary": {
    "count": 20,
    "all_consensus_f1_avg": 0.7836627634382632,
    "tc_consensus_f1_avg": 0.7873957444690884,
    "tc_better_rate": 0.3,
    "diff_vs_tc_rate": 0.21295102878167957,
    "diff_vs_tc_count": 0.18812088534770358
  }
}