{
  "meta": {
    "results_path": "kimina_bestof_cycle_lenpen001_128_20_temp08_merged_start1580_2100_rescored_cpu.json",
    "ks": [
      4,
      8,
      16,
      32,
      64
    ],
    "score_key": "length_penalized_score"
  },
  "summary": {
    "all": {
      "k_4": {
        "count": 163,
        "f1_avg": 0.7859471607160442,
        "typecheck_rate": 0.6012269938650306
      },
      "k_8": {
        "count": 163,
        "f1_avg": 0.81011945044346,
        "typecheck_rate": 0.6503067484662577
      },
      "k_16": {
        "count": 163,
        "f1_avg": 0.818020401675932,
        "typecheck_rate": 0.6871165644171779
      },
      "k_32": {
        "count": 157,
        "f1_avg": 0.8232132366627704,
        "typecheck_rate": 0.7070063694267515
      },
      "k_64": {
        "count": 139,
        "f1_avg": 0.8236161001646508,
        "typecheck_rate": 0.7410071942446043
      }
    },
    "tc_only": {
      "k_4": {
        "count": 160,
        "f1_avg": 0.8161888315025261,
        "typecheck_rate": 1.0
      },
      "k_8": {
        "count": 156,
        "f1_avg": 0.822534875138439,
        "typecheck_rate": 1.0
      },
      "k_16": {
        "count": 145,
        "f1_avg": 0.8389663741256624,
        "typecheck_rate": 1.0
      },
      "k_32": {
        "count": 121,
        "f1_avg": 0.8473778148443721,
        "typecheck_rate": 1.0
      },
      "k_64": {
        "count": 75,
        "f1_avg": 0.8442678923551308,
        "typecheck_rate": 1.0
      }
    }
  }
}