{
  "meta": {
    "results_paths": [
      "kimina_bestof_cycle_lenpen001_128_20_temp08_merged_start1580_2260_rescored_cpu.json"
    ],
    "feature": "pairwise",
    "direction": "le",
    "dedupe_id": false,
    "all_consensus_f1_avg": 0.8354716107569197,
    "tc_consensus_f1_avg": 0.8350599926671755
  },
  "summary": {
    "threshold_0.42080280196176717": {
      "count": 668,
      "chosen_f1_avg": 0.8356349205010686,
      "chosen_typecheck_rate": 0.8263473053892215
    },
    "threshold_0.6756097812452493": {
      "count": 668,
      "chosen_f1_avg": 0.8382622276040925,
      "chosen_typecheck_rate": 0.8637724550898204
    },
    "threshold_0.7198880124843741": {
      "count": 668,
      "chosen_f1_avg": 0.8381035731008958,
      "chosen_typecheck_rate": 0.8847305389221557
    },
    "threshold_0.7468540417914897": {
      "count": 668,
      "chosen_f1_avg": 0.8383065083945906,
      "chosen_typecheck_rate": 0.9026946107784432
    },
    "threshold_0.771350647005838": {
      "count": 668,
      "chosen_f1_avg": 0.8384420994105285,
      "chosen_typecheck_rate": 0.9131736526946108
    },
    "threshold_0.7904690729552476": {
      "count": 668,
      "chosen_f1_avg": 0.8355452017098398,
      "chosen_typecheck_rate": 0.937125748502994
    },
    "threshold_0.8090629837677311": {
      "count": 668,
      "chosen_f1_avg": 0.8337724020131356,
      "chosen_typecheck_rate": 0.9505988023952096
    },
    "threshold_0.8342295585859049": {
      "count": 668,
      "chosen_f1_avg": 0.8334643219011244,
      "chosen_typecheck_rate": 0.9610778443113772
    },
    "threshold_0.8518590780312298": {
      "count": 668,
      "chosen_f1_avg": 0.8348209528597275,
      "chosen_typecheck_rate": 0.9805389221556886
    },
    "threshold_0.874307188312049": {
      "count": 668,
      "chosen_f1_avg": 0.8348436166080218,
      "chosen_typecheck_rate": 0.9910179640718563
    },
    "threshold_0.9438914017678607": {
      "count": 668,
      "chosen_f1_avg": 0.8350599926671766,
      "chosen_typecheck_rate": 0.9955089820359282
    }
  }
}