{
  "meta": {
    "results_path": "kimina_bestof_cycle_lenpen001_128_20_start1900_temp08_qwen1p5_rescored_cpu.json",
    "ks": [
      4,
      8,
      16,
      32,
      64
    ],
    "score_key": "length_penalized_score"
  },
  "summary": {
    "all": {
      "k_4": {
        "count": 20,
        "f1_avg": 0.8020482759190418,
        "typecheck_rate": 0.65
      },
      "k_8": {
        "count": 20,
        "f1_avg": 0.8034587958179993,
        "typecheck_rate": 0.7
      },
      "k_16": {
        "count": 20,
        "f1_avg": 0.8209934413250165,
        "typecheck_rate": 0.75
      },
      "k_32": {
        "count": 20,
        "f1_avg": 0.820530162334518,
        "typecheck_rate": 0.75
      },
      "k_64": {
        "count": 17,
        "f1_avg": 0.8085067735089957,
        "typecheck_rate": 0.7647058823529411
      }
    },
    "tc_only": {
      "k_4": {
        "count": 20,
        "f1_avg": 0.8383292512179702,
        "typecheck_rate": 1.0
      },
      "k_8": {
        "count": 20,
        "f1_avg": 0.8444739472047529,
        "typecheck_rate": 1.0
      },
      "k_16": {
        "count": 18,
        "f1_avg": 0.8414030919283441,
        "typecheck_rate": 1.0
      },
      "k_32": {
        "count": 17,
        "f1_avg": 0.8285199802996899,
        "typecheck_rate": 1.0
      },
      "k_64": {
        "count": 10,
        "f1_avg": 0.8274591338270877,
        "typecheck_rate": 1.0
      }
    }
  }
}