{
  "meta": {
    "results_path": "kimina_bestof_cycle_lenpen001_128_20_start2120_temp08_qwen1p5_rescored_cpu.json",
    "train_results": null,
    "test_results": null,
    "folds": 5,
    "model": "ridge",
    "ridge": 0.001,
    "gbrt_estimators": 200,
    "gbrt_learning_rate": 0.05,
    "gbrt_depth": 3,
    "baseline_feature": false
  },
  "summary": {
    "count": 19,
    "baseline_f1_avg": 0.7866442504748686,
    "learned_f1_avg": 0.8159254052252712,
    "learned_tc_f1_avg": 0.8159254052252712,
    "learned_typecheck_rate": 0.9473684210526315,
    "learned_tc_typecheck_rate": 0.9473684210526315,
    "learned_improve_rate": 0.47368421052631576,
    "learned_tc_improve_rate": 0.47368421052631576,
    "avg_weights": [
      0.6837772292704163,
      0.015033044135502277,
      0.020127650887191047,
      0.06411081776631149,
      0.09770220048364689
    ]
  }
}