{
  "meta": {
    "results_path": "kimina_bestof_cycle_lenpen001_64_20_start920_temp08_qwen1p5_rescored_cpu.json"
  },
  "summary": {
    "count": 20,
    "pearson_avg": 0.3292384423754034,
    "pearson_median": 0.41617259033963555,
    "spearman_avg": 0.24777434218535102,
    "spearman_median": 0.28758390188110106
  }
}