{
  "meta": {
    "results_path": "kimina_bestof_cycle_lenpen001_temp08_merged_64_128_rescored.json",
    "train_results": null,
    "test_results": null,
    "folds": 5,
    "model": "ridge",
    "ridge": 0.001,
    "gbrt_estimators": 200,
    "gbrt_learning_rate": 0.05,
    "gbrt_depth": 3,
    "baseline_feature": false,
    "forward_feature": false,
    "embed_consensus": false,
    "context_interactions": false,
    "extra_candidate_features": true,
    "numeric_features": false,
    "nl_number_features": false,
    "nl_number_detail": false,
    "nl_number_missing_extra": false,
    "nl_number_missing_extra_ratio": false,
    "nl_number_missing_extra_signed": true,
    "embed_model_id": null,
    "embed_batch_size": null,
    "embed_max_length": null,
    "embed_device": null
  },
  "summary": {
    "count": 859,
    "baseline_f1_avg": 0.7740837768437162,
    "learned_f1_avg": 0.8407190482648512,
    "learned_tc_f1_avg": 0.8366027401006922,
    "learned_typecheck_rate": 0.9743888242142026,
    "learned_tc_typecheck_rate": 0.9953434225844005,
    "learned_improve_rate": 0.6530849825378346,
    "learned_tc_improve_rate": 0.6507566938300349,
    "feature_names": [
      "bias",
      "len_z",
      "cons_z",
      "typecheck",
      "lenpen_z",
      "cycle_rank",
      "len_rank",
      "cons_rank",
      "tc_cons_z",
      "tc_cons_rank",
      "nl_num_signed_delta_z"
    ],
    "avg_weights": [
      0.7147353860339749,
      0.007177417750657529,
      0.055463045372564544,
      0.04251950201129188,
      0.011305299491804175,
      0.014349337556845037,
      -0.00063777755187254,
      0.020643630535304602,
      0.021177453515474946,
      0.004486708174072611,
      0.002170461192653354
    ]
  }
}