{
  "meta": {
    "results_path": "kimina_bestof_cycle_lenpen001_128_20_start2260_temp08_qwen1p5_rescored_cpu.json"
  },
  "summary": {
    "count": 18,
    "baseline_f1_avg": 0.7518969952380332,
    "oracle_f1_avg": 0.8948205025816696,
    "oracle_tc_f1_avg": 0.8646368550814705,
    "oracle_typecheck_rate": 0.7222222222222222,
    "oracle_tc_typecheck_rate": 1.0,
    "oracle_improve_rate": 0.9444444444444444,
    "oracle_tc_improve_rate": 0.9444444444444444
  }
}