{
  "meta": {
    "results_path": "kimina_bestof_cycle_lenpen001_64_20_start1020_temp08_qwen1p5_rescored_cpu.json"
  },
  "summary": {
    "records": 17,
    "candidate_typecheck_rate": 0.5551876379690949,
    "tc_candidate_f1_avg": 0.8376485348891303,
    "non_tc_candidate_f1_avg": 0.7293739850690777,
    "max_tc_f1_avg": 0.9412102441115815,
    "max_non_tc_f1_avg": 0.9090987135611235,
    "records_with_tc": 17,
    "records_with_non_tc": 17,
    "records_with_both": 17
  }
}