{
  "meta": {
    "results_path": "kimina_bestof_cycle_lenpen001_64_20_start1200_temp08_qwen1p5_rescored_cpu.json"
  },
  "summary": {
    "count": 20,
    "pearson_avg": 0.19324179633119098,
    "pearson_median": 0.2881739233317932,
    "spearman_avg": 0.06066462021979961,
    "spearman_median": 0.014285212440441526
  }
}