{
  "meta": {
    "results_path": null,
    "train_results": "kimina_bestof_cycle_lenpen001_64_20_temp08_merged_start740_1460_rescored_cpu.json",
    "test_results": "kimina_bestof_cycle_lenpen001_128_20_temp08_merged_start1580_2280_rescored.json",
    "folds": 5,
    "model": "ridge",
    "ridge": 0.001,
    "gbrt_estimators": 200,
    "gbrt_learning_rate": 0.05,
    "gbrt_depth": 3,
    "baseline_feature": false,
    "forward_feature": false,
    "embed_consensus": false,
    "context_interactions": false,
    "extra_candidate_features": true,
    "numeric_features": false,
    "nl_number_features": false,
    "nl_number_detail": false,
    "nl_number_missing_extra": true,
    "embed_model_id": null,
    "embed_batch_size": null,
    "embed_max_length": null,
    "embed_device": null
  },
  "summary": {
    "count": 687,
    "baseline_f1_avg": 0.7782621332067705,
    "learned_f1_avg": 0.8432636427574232,
    "learned_tc_f1_avg": 0.8386571972691469,
    "learned_typecheck_rate": 0.982532751091703,
    "learned_tc_typecheck_rate": 0.9956331877729258,
    "learned_improve_rate": 0.6404657933042213,
    "learned_tc_improve_rate": 0.6346433770014556,
    "feature_names": [
      "bias",
      "len_z",
      "cons_z",
      "typecheck",
      "lenpen_z",
      "cycle_rank",
      "len_rank",
      "cons_rank",
      "tc_cons_z",
      "tc_cons_rank",
      "nl_num_missing_z",
      "nl_num_extra_z"
    ],
    "avg_weights": [
      0.6825084529183307,
      0.015225331029055706,
      0.05882577632236389,
      0.06230741931841508,
      0.009316241609255028,
      0.007902081626957446,
      0.017215544117227456,
      0.023190023512755384,
      0.016239067256634078,
      0.01774755723764444,
      -0.009863654424793606,
      -0.005448623588215083
    ]
  }
}