{
  "meta": {
    "results_path": "kimina_bestof_cycle_lenpen001_128_20_temp08_merged_start1580_1980_rescored_cpu.json",
    "ks": [
      4,
      8,
      16,
      32,
      64
    ],
    "score_key": "cycle_score"
  },
  "summary": {
    "all": {
      "k_4": {
        "count": 151,
        "f1_avg": 0.7897246209243021,
        "typecheck_rate": 0.609271523178808
      },
      "k_8": {
        "count": 151,
        "f1_avg": 0.8137330803515658,
        "typecheck_rate": 0.7086092715231788
      },
      "k_16": {
        "count": 151,
        "f1_avg": 0.8237568858631792,
        "typecheck_rate": 0.7086092715231788
      },
      "k_32": {
        "count": 145,
        "f1_avg": 0.8260766183497221,
        "typecheck_rate": 0.7586206896551724
      },
      "k_64": {
        "count": 128,
        "f1_avg": 0.8246840820483039,
        "typecheck_rate": 0.7578125
      }
    },
    "tc_only": {
      "k_4": {
        "count": 148,
        "f1_avg": 0.810861874467928,
        "typecheck_rate": 1.0
      },
      "k_8": {
        "count": 145,
        "f1_avg": 0.816564784179057,
        "typecheck_rate": 1.0
      },
      "k_16": {
        "count": 135,
        "f1_avg": 0.8438102059671658,
        "typecheck_rate": 1.0
      },
      "k_32": {
        "count": 114,
        "f1_avg": 0.8467727265262729,
        "typecheck_rate": 1.0
      },
      "k_64": {
        "count": 71,
        "f1_avg": 0.8409656387141586,
        "typecheck_rate": 1.0
      }
    }
  }
}