{
  "meta": {
    "results_path": null,
    "train_results": "kimina_bestof_cycle_lenpen001_temp08_merged_64_128_rescored.json",
    "test_results": "kimina_bestof_cycle_lenpen001_128_20_temp08_merged_start1580_2280_rescored.json",
    "folds": 5,
    "model": "ridge",
    "ridge": 0.001,
    "gbrt_estimators": 200,
    "gbrt_learning_rate": 0.05,
    "gbrt_depth": 3,
    "baseline_feature": false,
    "forward_feature": false,
    "embed_consensus": false,
    "context_interactions": false,
    "extra_candidate_features": true,
    "embed_model_id": null,
    "embed_batch_size": null,
    "embed_max_length": null,
    "embed_device": null
  },
  "summary": {
    "count": 687,
    "baseline_f1_avg": 0.7782621332067705,
    "learned_f1_avg": 0.8439653013384303,
    "learned_tc_f1_avg": 0.8399192779126116,
    "learned_typecheck_rate": 0.9796215429403202,
    "learned_tc_typecheck_rate": 0.9956331877729258,
    "learned_improve_rate": 0.6462882096069869,
    "learned_tc_improve_rate": 0.6433770014556041,
    "avg_weights": [
      0.7135144603899278,
      0.008100419145499395,
      0.05529225849052365,
      0.04257523259382903,
      0.011611383891323374,
      0.015098490547960863,
      0.000424694749748102,
      0.020834711503403873,
      0.02143816378174806,
      0.004850555058612655
    ]
  }
}