{
  "meta": {
    "results_path": "kimina_bestof_cycle_lenpen001_64_20_start1360_temp08_qwen1p5_rescored_cpu.json"
  },
  "summary": {
    "count": 20,
    "pearson_avg": 0.18598998345208628,
    "pearson_median": 0.16944772310029033,
    "spearman_avg": 0.10886942094987764,
    "spearman_median": 0.07881343061814906
  }
}