{
  "meta": {
    "results_path": "kimina_bestof_cycle_lenpen001_64_20_start1020_temp08_qwen1p5_rescored_cpu.json"
  },
  "summary": {
    "alpha_0.0_beta_0.0": {
      "count": 17,
      "all_f1_avg": 0.7994715155672332,
      "all_typecheck_rate": 0.47058823529411764,
      "tc_f1_avg": 0.7663855971027421,
      "tc_typecheck_rate": 1.0
    },
    "alpha_0.0_beta_0.5": {
      "count": 17,
      "all_f1_avg": 0.817735992888191,
      "all_typecheck_rate": 0.4117647058823529,
      "tc_f1_avg": 0.8363442908469423,
      "tc_typecheck_rate": 1.0
    },
    "alpha_0.0_beta_1.0": {
      "count": 17,
      "all_f1_avg": 0.821013094239158,
      "all_typecheck_rate": 0.47058823529411764,
      "tc_f1_avg": 0.855408322957394,
      "tc_typecheck_rate": 1.0
    },
    "alpha_0.0_beta_2.0": {
      "count": 17,
      "all_f1_avg": 0.8426935430579349,
      "all_typecheck_rate": 0.5882352941176471,
      "tc_f1_avg": 0.8751036855601644,
      "tc_typecheck_rate": 1.0
    },
    "alpha_0.0_beta_3.0": {
      "count": 17,
      "all_f1_avg": 0.8363035753314503,
      "all_typecheck_rate": 0.5882352941176471,
      "tc_f1_avg": 0.8772605483052625,
      "tc_typecheck_rate": 1.0
    },
    "alpha_0.001_beta_0.0": {
      "count": 17,
      "all_f1_avg": 0.7975878855887832,
      "all_typecheck_rate": 0.47058823529411764,
      "tc_f1_avg": 0.775204435642943,
      "tc_typecheck_rate": 1.0
    },
    "alpha_0.001_beta_0.5": {
      "count": 17,
      "all_f1_avg": 0.8164553645265414,
      "all_typecheck_rate": 0.4117647058823529,
      "tc_f1_avg": 0.8350636624852928,
      "tc_typecheck_rate": 1.0
    },
    "alpha_0.001_beta_1.0": {
      "count": 17,
      "all_f1_avg": 0.8187652992409586,
      "all_typecheck_rate": 0.47058823529411764,
      "tc_f1_avg": 0.8562977828611554,
      "tc_typecheck_rate": 1.0
    },
    "alpha_0.001_beta_2.0": {
      "count": 17,
      "all_f1_avg": 0.8432718798946549,
      "all_typecheck_rate": 0.5882352941176471,
      "tc_f1_avg": 0.8751036855601644,
      "tc_typecheck_rate": 1.0
    },
    "alpha_0.001_beta_3.0": {
      "count": 17,
      "all_f1_avg": 0.8363035753314503,
      "all_typecheck_rate": 0.5882352941176471,
      "tc_f1_avg": 0.8772605483052625,
      "tc_typecheck_rate": 1.0
    },
    "alpha_0.002_beta_0.0": {
      "count": 17,
      "all_f1_avg": 0.7667334514696839,
      "all_typecheck_rate": 0.4117647058823529,
      "tc_f1_avg": 0.7628840603383495,
      "tc_typecheck_rate": 1.0
    },
    "alpha_0.002_beta_0.5": {
      "count": 17,
      "all_f1_avg": 0.8145717345480915,
      "all_typecheck_rate": 0.4117647058823529,
      "tc_f1_avg": 0.8350636624852928,
      "tc_typecheck_rate": 1.0
    },
    "alpha_0.002_beta_1.0": {
      "count": 17,
      "all_f1_avg": 0.8168816692625086,
      "all_typecheck_rate": 0.47058823529411764,
      "tc_f1_avg": 0.8562977828611554,
      "tc_typecheck_rate": 1.0
    },
    "alpha_0.002_beta_2.0": {
      "count": 17,
      "all_f1_avg": 0.8351200604085456,
      "all_typecheck_rate": 0.5882352941176471,
      "tc_f1_avg": 0.866951866074055,
      "tc_typecheck_rate": 1.0
    },
    "alpha_0.002_beta_3.0": {
      "count": 17,
      "all_f1_avg": 0.8411340427118076,
      "all_typecheck_rate": 0.6470588235294118,
      "tc_f1_avg": 0.8772605483052625,
      "tc_typecheck_rate": 1.0
    },
    "alpha_0.005_beta_0.0": {
      "count": 17,
      "all_f1_avg": 0.6503213359355119,
      "all_typecheck_rate": 0.47058823529411764,
      "tc_f1_avg": 0.6759786992822308,
      "tc_typecheck_rate": 1.0
    },
    "alpha_0.005_beta_0.5": {
      "count": 17,
      "all_f1_avg": 0.7961114861635716,
      "all_typecheck_rate": 0.35294117647058826,
      "tc_f1_avg": 0.7984150608414283,
      "tc_typecheck_rate": 1.0
    },
    "alpha_0.005_beta_1.0": {
      "count": 17,
      "all_f1_avg": 0.8126381615972668,
      "all_typecheck_rate": 0.4117647058823529,
      "tc_f1_avg": 0.8536772888095386,
      "tc_typecheck_rate": 1.0
    },
    "alpha_0.005_beta_2.0": {
      "count": 17,
      "all_f1_avg": 0.8382831808935086,
      "all_typecheck_rate": 0.5882352941176471,
      "tc_f1_avg": 0.8626727487013762,
      "tc_typecheck_rate": 1.0
    },
    "alpha_0.005_beta_3.0": {
      "count": 17,
      "all_f1_avg": 0.8380668978104528,
      "all_typecheck_rate": 0.6470588235294118,
      "tc_f1_avg": 0.8676692824523711,
      "tc_typecheck_rate": 1.0
    },
    "alpha_0.01_beta_0.0": {
      "count": 17,
      "all_f1_avg": 0.6449625519010016,
      "all_typecheck_rate": 0.5294117647058824,
      "tc_f1_avg": 0.6331716938108592,
      "tc_typecheck_rate": 1.0
    },
    "alpha_0.01_beta_0.5": {
      "count": 17,
      "all_f1_avg": 0.786789171825709,
      "all_typecheck_rate": 0.35294117647058826,
      "tc_f1_avg": 0.7141646119757187,
      "tc_typecheck_rate": 1.0
    },
    "alpha_0.01_beta_1.0": {
      "count": 17,
      "all_f1_avg": 0.8041062867594568,
      "all_typecheck_rate": 0.4117647058823529,
      "tc_f1_avg": 0.8089377084416,
      "tc_typecheck_rate": 1.0
    },
    "alpha_0.01_beta_2.0": {
      "count": 17,
      "all_f1_avg": 0.8195686481299863,
      "all_typecheck_rate": 0.5294117647058824,
      "tc_f1_avg": 0.8663547355626169,
      "tc_typecheck_rate": 1.0
    },
    "alpha_0.01_beta_3.0": {
      "count": 17,
      "all_f1_avg": 0.8359553843437847,
      "all_typecheck_rate": 0.5882352941176471,
      "tc_f1_avg": 0.8635785458028256,
      "tc_typecheck_rate": 1.0
    },
    "alpha_0.02_beta_0.0": {
      "count": 17,
      "all_f1_avg": 0.5967579657447404,
      "all_typecheck_rate": 0.6470588235294118,
      "tc_f1_avg": 0.5838896708980047,
      "tc_typecheck_rate": 1.0
    },
    "alpha_0.02_beta_0.5": {
      "count": 17,
      "all_f1_avg": 0.6640245198496733,
      "all_typecheck_rate": 0.5882352941176471,
      "tc_f1_avg": 0.6398986091609379,
      "tc_typecheck_rate": 1.0
    },
    "alpha_0.02_beta_1.0": {
      "count": 17,
      "all_f1_avg": 0.6985531760174473,
      "all_typecheck_rate": 0.5294117647058824,
      "tc_f1_avg": 0.7044922749054227,
      "tc_typecheck_rate": 1.0
    },
    "alpha_0.02_beta_2.0": {
      "count": 17,
      "all_f1_avg": 0.7978403016164021,
      "all_typecheck_rate": 0.4117647058823529,
      "tc_f1_avg": 0.8602702642449317,
      "tc_typecheck_rate": 1.0
    },
    "alpha_0.02_beta_3.0": {
      "count": 17,
      "all_f1_avg": 0.8126072384010756,
      "all_typecheck_rate": 0.5882352941176471,
      "tc_f1_avg": 0.8640520757905973,
      "tc_typecheck_rate": 1.0
    }
  }
}