{
  "meta": {
    "results_paths": [
      "kimina_bestof_cycle_lenpen001_128_20_temp08_merged_start1580_2120_rescored_cpu.json"
    ],
    "feature": "pairwise",
    "direction": "ge",
    "dedupe_id": false,
    "all_consensus_f1_avg": 0.8325512890301109,
    "tc_consensus_f1_avg": 0.8364223016304357
  },
  "summary": {
    "threshold_0.42080280196176717": {
      "count": 182,
      "chosen_f1_avg": 0.8364223016304354,
      "chosen_typecheck_rate": 0.989010989010989
    },
    "threshold_0.6732286431571424": {
      "count": 182,
      "chosen_f1_avg": 0.8324317618433874,
      "chosen_typecheck_rate": 0.9505494505494505
    },
    "threshold_0.7167328665292478": {
      "count": 182,
      "chosen_f1_avg": 0.8333923965492883,
      "chosen_typecheck_rate": 0.9120879120879121
    },
    "threshold_0.7429020775062765": {
      "count": 182,
      "chosen_f1_avg": 0.8332969947544764,
      "chosen_typecheck_rate": 0.8791208791208791
    },
    "threshold_0.7584133955833433": {
      "count": 182,
      "chosen_f1_avg": 0.831239536660111,
      "chosen_typecheck_rate": 0.8626373626373627
    },
    "threshold_0.7839272338057228": {
      "count": 182,
      "chosen_f1_avg": 0.8315688487687826,
      "chosen_typecheck_rate": 0.8461538461538461
    },
    "threshold_0.804840434486935": {
      "count": 182,
      "chosen_f1_avg": 0.8330503122182946,
      "chosen_typecheck_rate": 0.8186813186813187
    },
    "threshold_0.8216158555939785": {
      "count": 182,
      "chosen_f1_avg": 0.8347185022341546,
      "chosen_typecheck_rate": 0.8021978021978022
    },
    "threshold_0.847077962727143": {
      "count": 182,
      "chosen_f1_avg": 0.8331340573989061,
      "chosen_typecheck_rate": 0.7967032967032966
    },
    "threshold_0.8684182477952324": {
      "count": 182,
      "chosen_f1_avg": 0.8326576557426479,
      "chosen_typecheck_rate": 0.7802197802197802
    },
    "threshold_0.9438914017678607": {
      "count": 182,
      "chosen_f1_avg": 0.8325512890301106,
      "chosen_typecheck_rate": 0.7747252747252747
    }
  }
}