{
  "meta": {
    "results_paths": [
      "kimina_bestof_cycle_lenpen001_128_20_temp08_merged_start1580_2200_rescored_cpu.json"
    ],
    "feature": "tc_rate",
    "direction": "ge",
    "dedupe_id": false,
    "all_consensus_f1_avg": 0.8318954051605015,
    "tc_consensus_f1_avg": 0.8339019897801061
  },
  "summary": {
    "threshold_0.333": {
      "count": 261,
      "chosen_f1_avg": 0.8339896427138553,
      "chosen_typecheck_rate": 0.8812260536398467
    }
  }
}