{
  "meta": {
    "results_path": null,
    "train_results": "kimina_bestof_cycle_lenpen001_64_20_start740_temp08_qwen1p5_rescored_cpu.json",
    "test_results": "kimina_bestof_cycle_lenpen001_64_20_start760_temp08_qwen1p5_rescored_cpu.json",
    "folds": 5,
    "ridge": 0.001,
    "baseline_feature": false
  },
  "summary": {
    "count": 17,
    "baseline_f1_avg": 0.7022338889399863,
    "learned_f1_avg": 0.7939545393160325,
    "learned_tc_f1_avg": 0.7579212251172148,
    "learned_typecheck_rate": 0.9411764705882353,
    "learned_tc_typecheck_rate": 1.0,
    "learned_improve_rate": 0.7058823529411765,
    "learned_tc_improve_rate": 0.7058823529411765,
    "avg_weights": [
      0.6763802676586836,
      0.01423756930049189,
      0.0056051911174772925,
      0.05763233976337142,
      0.09530906893260058
    ]
  }
}