{
  "meta": {
    "results_path": "kimina_bestof_cycle_lenpen001_128_20_start2080_temp08_qwen1p5_rescored_cpu.json",
    "ks": [
      4,
      8,
      16,
      32,
      64
    ],
    "score_key": "cycle_score"
  },
  "summary": {
    "all": {
      "k_4": {
        "count": 19,
        "f1_avg": 0.7910298320526937,
        "typecheck_rate": 0.7894736842105263
      },
      "k_8": {
        "count": 19,
        "f1_avg": 0.8247930202151578,
        "typecheck_rate": 0.8421052631578947
      },
      "k_16": {
        "count": 19,
        "f1_avg": 0.8520754885889681,
        "typecheck_rate": 0.8421052631578947
      },
      "k_32": {
        "count": 18,
        "f1_avg": 0.8414889063771213,
        "typecheck_rate": 0.8333333333333334
      },
      "k_64": {
        "count": 16,
        "f1_avg": 0.8487058461393545,
        "typecheck_rate": 0.8125
      }
    },
    "tc_only": {
      "k_4": {
        "count": 19,
        "f1_avg": 0.8179494905471689,
        "typecheck_rate": 1.0
      },
      "k_8": {
        "count": 18,
        "f1_avg": 0.8495082889463546,
        "typecheck_rate": 1.0
      },
      "k_16": {
        "count": 18,
        "f1_avg": 0.8761254233604923,
        "typecheck_rate": 1.0
      },
      "k_32": {
        "count": 14,
        "f1_avg": 0.8636293884716452,
        "typecheck_rate": 1.0
      },
      "k_64": {
        "count": 10,
        "f1_avg": 0.8692393198899415,
        "typecheck_rate": 1.0
      }
    }
  }
}