{
  "meta": {
    "results_path": "kimina_bestof_cycle_lenpen001_64_20_start1180_temp08_qwen1p5_rescored_cpu.json"
  },
  "summary": {
    "count": 19,
    "baseline_f1_avg": 0.7368591392838076,
    "oracle_f1_avg": 0.9168455222732376,
    "oracle_tc_f1_avg": 0.9008231993230914,
    "oracle_typecheck_rate": 0.8947368421052632,
    "oracle_tc_typecheck_rate": 1.0,
    "oracle_improve_rate": 0.9473684210526315,
    "oracle_tc_improve_rate": 0.8947368421052632
  }
}