{
  "meta": {
    "results_paths": [
      "kimina_bestof_cycle_lenpen001_128_20_temp08_merged_start1580_2020_rescored_cpu.json"
    ],
    "feature": "tc_rate",
    "direction": "ge",
    "dedupe_id": false,
    "all_consensus_f1_avg": 0.8353384402668317,
    "tc_consensus_f1_avg": 0.8403639965573493
  },
  "summary": {
    "threshold_0.0": {
      "count": 156,
      "chosen_f1_avg": 0.840363996557349,
      "chosen_typecheck_rate": 0.9935897435897436
    },
    "threshold_0.1485148514851485": {
      "count": 156,
      "chosen_f1_avg": 0.8400842899673174,
      "chosen_typecheck_rate": 0.9166666666666666
    },
    "threshold_0.3671875": {
      "count": 156,
      "chosen_f1_avg": 0.840713400087796,
      "chosen_typecheck_rate": 0.8653846153846154
    },
    "threshold_0.5268817204301075": {
      "count": 156,
      "chosen_f1_avg": 0.838825841499928,
      "chosen_typecheck_rate": 0.8269230769230769
    },
    "threshold_0.6326530612244898": {
      "count": 156,
      "chosen_f1_avg": 0.8381676629115893,
      "chosen_typecheck_rate": 0.8205128205128205
    },
    "threshold_0.7192982456140351": {
      "count": 156,
      "chosen_f1_avg": 0.8385188724741821,
      "chosen_typecheck_rate": 0.8012820512820513
    },
    "threshold_0.7890625": {
      "count": 156,
      "chosen_f1_avg": 0.8364599451577985,
      "chosen_typecheck_rate": 0.8012820512820513
    },
    "threshold_0.8571428571428571": {
      "count": 156,
      "chosen_f1_avg": 0.8358060082142277,
      "chosen_typecheck_rate": 0.7948717948717948
    },
    "threshold_0.9010989010989011": {
      "count": 156,
      "chosen_f1_avg": 0.8356502934836143,
      "chosen_typecheck_rate": 0.7948717948717948
    },
    "threshold_0.9565217391304348": {
      "count": 156,
      "chosen_f1_avg": 0.8353384402668315,
      "chosen_typecheck_rate": 0.7948717948717948
    },
    "threshold_1.0": {
      "count": 156,
      "chosen_f1_avg": 0.8353384402668315,
      "chosen_typecheck_rate": 0.7948717948717948
    }
  }
}