{
  "meta": {
    "results_path": "kimina_bestof_cycle_lenpen001_64_20_temp08_merged_start740_1460_rescored_cpu.json",
    "train_results": null,
    "test_results": null,
    "folds": 5,
    "model": "ridge",
    "ridge": 0.001,
    "gbrt_estimators": 200,
    "gbrt_learning_rate": 0.05,
    "gbrt_depth": 3,
    "baseline_feature": false,
    "forward_feature": false,
    "embed_consensus": false,
    "context_interactions": false,
    "extra_candidate_features": true,
    "numeric_features": false,
    "nl_number_features": false,
    "nl_number_detail": false,
    "nl_number_missing_extra": true,
    "embed_model_id": null,
    "embed_batch_size": null,
    "embed_max_length": null,
    "embed_device": null
  },
  "summary": {
    "count": 172,
    "baseline_f1_avg": 0.7573946441610524,
    "learned_f1_avg": 0.8231711070506607,
    "learned_tc_f1_avg": 0.818818034971784,
    "learned_typecheck_rate": 0.9709302325581395,
    "learned_tc_typecheck_rate": 0.9941860465116279,
    "learned_improve_rate": 0.6569767441860465,
    "learned_tc_improve_rate": 0.6569767441860465,
    "feature_names": [
      "bias",
      "len_z",
      "cons_z",
      "typecheck",
      "lenpen_z",
      "cycle_rank",
      "len_rank",
      "cons_rank",
      "tc_cons_z",
      "tc_cons_rank",
      "nl_num_missing_z",
      "nl_num_extra_z"
    ],
    "avg_weights": [
      0.6826293075607741,
      0.015233688804972306,
      0.058657394434107814,
      0.06217760588527978,
      0.009309962966844162,
      0.00795292882544329,
      0.017311167629703323,
      0.02293884577068576,
      0.016365902052248294,
      0.017801655694648935,
      -0.009823855892949002,
      -0.005469876675752386
    ]
  }
}