{
  "meta": {
    "results_path": "kimina_bestof_cycle_lenpen001_128_20_temp08_merged_start1580_2100_rescored_cpu.json"
  },
  "summary": {
    "count": 163,
    "baseline_f1_avg": 0.7664657067062505,
    "consensus_f1_avg": 0.8342580643229547,
    "consensus_tc_f1_avg": 0.8388771140827722,
    "consensus_typecheck_rate": 0.7730061349693251,
    "consensus_tc_typecheck_rate": 0.9938650306748467
  }
}