{
  "meta": {
    "results_path": "kimina_bestof_cycle_lenpen001_64_20_temp08_merged_start740_1460_rescored_cpu.json",
    "folds": 5,
    "model": "gbrt",
    "extra_stats": false,
    "tune_threshold": true,
    "param_grid": {
      "n_estimators": [
        100,
        200,
        400
      ],
      "learning_rate": [
        0.05,
        0.1
      ],
      "max_depth": [
        2,
        3
      ]
    }
  },
  "best": {
    "params": {
      "n_estimators": 200,
      "learning_rate": 0.05,
      "max_depth": 2
    },
    "summary": {
      "count": 172,
      "gate_f1_avg": 0.8278356755897712,
      "all_f1_avg": 0.8223287408071902,
      "tc_f1_avg": 0.8223773514840438,
      "gate_typecheck_rate": 0.8488372093023255,
      "choose_tc_rate": 0.5058139534883721,
      "choose_all_rate": 0.4941860465116279,
      "avg_threshold": 0.003589694173740555,
      "avg_importances": [
        0.0,
        0.1959997549566568,
        0.0919110211616669,
        0.15888698852338373,
        0.18816995822656596,
        0.2834644097987527,
        0.08156786733297387
      ]
    }
  },
  "results": [
    {
      "params": {
        "n_estimators": 100,
        "learning_rate": 0.05,
        "max_depth": 2
      },
      "summary": {
        "count": 172,
        "gate_f1_avg": 0.8267879664226655,
        "all_f1_avg": 0.8223287408071902,
        "tc_f1_avg": 0.8223773514840438,
        "gate_typecheck_rate": 0.9069767441860465,
        "choose_tc_rate": 0.8023255813953488,
        "choose_all_rate": 0.19767441860465118,
        "avg_threshold": -0.005372233190326194,
        "avg_importances": [
          0.0,
          0.20490668002855497,
          0.09727703097442646,
          0.14499086155330304,
          0.18106165261853552,
          0.29004274178814826,
          0.08172103303703171
        ]
      }
    },
    {
      "params": {
        "n_estimators": 100,
        "learning_rate": 0.05,
        "max_depth": 3
      },
      "summary": {
        "count": 172,
        "gate_f1_avg": 0.8269434164441531,
        "all_f1_avg": 0.8223287408071902,
        "tc_f1_avg": 0.8223773514840438,
        "gate_typecheck_rate": 0.872093023255814,
        "choose_tc_rate": 0.5697674418604651,
        "choose_all_rate": 0.43023255813953487,
        "avg_threshold": 0.000829121493260966,
        "avg_importances": [
          0.0,
          0.16439591607740942,
          0.10075381877732555,
          0.15937241821207493,
          0.20000962142635698,
          0.2825441414730186,
          0.09292408403381454
        ]
      }
    },
    {
      "params": {
        "n_estimators": 100,
        "learning_rate": 0.1,
        "max_depth": 2
      },
      "summary": {
        "count": 172,
        "gate_f1_avg": 0.8260065316654839,
        "all_f1_avg": 0.8223287408071902,
        "tc_f1_avg": 0.8223773514840438,
        "gate_typecheck_rate": 0.8546511627906976,
        "choose_tc_rate": 0.5697674418604651,
        "choose_all_rate": 0.43023255813953487,
        "avg_threshold": 0.0006838673181703622,
        "avg_importances": [
          0.0,
          0.18592951734929503,
          0.09268569650716454,
          0.15089318197954002,
          0.19608229726673485,
          0.2918436126074171,
          0.0825656942898484
        ]
      }
    },
    {
      "params": {
        "n_estimators": 100,
        "learning_rate": 0.1,
        "max_depth": 3
      },
      "summary": {
        "count": 172,
        "gate_f1_avg": 0.8265765694646585,
        "all_f1_avg": 0.8223287408071902,
        "tc_f1_avg": 0.8223773514840438,
        "gate_typecheck_rate": 0.8895348837209303,
        "choose_tc_rate": 0.7034883720930233,
        "choose_all_rate": 0.2965116279069767,
        "avg_threshold": -0.0031768452582967947,
        "avg_importances": [
          0.0,
          0.16659109877162384,
          0.09870419581258022,
          0.17821065414738438,
          0.18918376640952422,
          0.28136741339119914,
          0.0859428714676882
        ]
      }
    },
    {
      "params": {
        "n_estimators": 200,
        "learning_rate": 0.05,
        "max_depth": 2
      },
      "summary": {
        "count": 172,
        "gate_f1_avg": 0.8278356755897712,
        "all_f1_avg": 0.8223287408071902,
        "tc_f1_avg": 0.8223773514840438,
        "gate_typecheck_rate": 0.8488372093023255,
        "choose_tc_rate": 0.5058139534883721,
        "choose_all_rate": 0.4941860465116279,
        "avg_threshold": 0.003589694173740555,
        "avg_importances": [
          0.0,
          0.1959997549566568,
          0.0919110211616669,
          0.15888698852338373,
          0.18816995822656596,
          0.2834644097987527,
          0.08156786733297387
        ]
      }
    },
    {
      "params": {
        "n_estimators": 200,
        "learning_rate": 0.05,
        "max_depth": 3
      },
      "summary": {
        "count": 172,
        "gate_f1_avg": 0.8274892189374157,
        "all_f1_avg": 0.8223287408071902,
        "tc_f1_avg": 0.8223773514840438,
        "gate_typecheck_rate": 0.8895348837209303,
        "choose_tc_rate": 0.7209302325581395,
        "choose_all_rate": 0.2790697674418605,
        "avg_threshold": -0.0029868119463141844,
        "avg_importances": [
          0.0,
          0.1619899282468294,
          0.0994818475252741,
          0.16115974814736728,
          0.19964505241084832,
          0.2839907181352751,
          0.09373270553440582
        ]
      }
    },
    {
      "params": {
        "n_estimators": 200,
        "learning_rate": 0.1,
        "max_depth": 2
      },
      "summary": {
        "count": 172,
        "gate_f1_avg": 0.8220967463590291,
        "all_f1_avg": 0.8223287408071902,
        "tc_f1_avg": 0.8223773514840438,
        "gate_typecheck_rate": 0.8837209302325582,
        "choose_tc_rate": 0.6162790697674418,
        "choose_all_rate": 0.38372093023255816,
        "avg_threshold": 0.0003834615960136386,
        "avg_importances": [
          0.0,
          0.1799597973474693,
          0.09105958867394487,
          0.15495097755411388,
          0.1956186632767299,
          0.2950018108921317,
          0.08340916225561043
        ]
      }
    },
    {
      "params": {
        "n_estimators": 200,
        "learning_rate": 0.1,
        "max_depth": 3
      },
      "summary": {
        "count": 172,
        "gate_f1_avg": 0.8257582321646426,
        "all_f1_avg": 0.8223287408071902,
        "tc_f1_avg": 0.8223773514840438,
        "gate_typecheck_rate": 0.877906976744186,
        "choose_tc_rate": 0.622093023255814,
        "choose_all_rate": 0.37790697674418605,
        "avg_threshold": -0.0010012100232977955,
        "avg_importances": [
          0.0,
          0.16567965305629545,
          0.09852110968791569,
          0.17944363717614015,
          0.18964292793956858,
          0.2809441303944196,
          0.08576854174566059
        ]
      }
    },
    {
      "params": {
        "n_estimators": 400,
        "learning_rate": 0.05,
        "max_depth": 2
      },
      "summary": {
        "count": 172,
        "gate_f1_avg": 0.8236862168712723,
        "all_f1_avg": 0.8223287408071902,
        "tc_f1_avg": 0.8223773514840438,
        "gate_typecheck_rate": 0.877906976744186,
        "choose_tc_rate": 0.5813953488372093,
        "choose_all_rate": 0.41860465116279066,
        "avg_threshold": 0.0006335158492299327,
        "avg_importances": [
          0.0,
          0.19002834100945756,
          0.09065421811412329,
          0.16326114875056125,
          0.19035357776459264,
          0.2845877445055821,
          0.08111496985568317
        ]
      }
    },
    {
      "params": {
        "n_estimators": 400,
        "learning_rate": 0.05,
        "max_depth": 3
      },
      "summary": {
        "count": 172,
        "gate_f1_avg": 0.825962393893951,
        "all_f1_avg": 0.8223287408071902,
        "tc_f1_avg": 0.8223773514840438,
        "gate_typecheck_rate": 0.872093023255814,