{
  "meta": {
    "results_path": "kimina_bestof_cycle_lenpen001_128_20_temp08_merged_start1580_1940_rescored_cpu.json",
    "ks": [
      4,
      8,
      16,
      32,
      64
    ],
    "score_key": "cycle_score"
  },
  "summary": {
    "all": {
      "k_4": {
        "count": 147,
        "f1_avg": 0.7947800879750798,
        "typecheck_rate": 0.6054421768707483
      },
      "k_8": {
        "count": 147,
        "f1_avg": 0.8181225232103003,
        "typecheck_rate": 0.7074829931972789
      },
      "k_16": {
        "count": 147,
        "f1_avg": 0.8273882933414761,
        "typecheck_rate": 0.7074829931972789
      },
      "k_32": {
        "count": 141,
        "f1_avg": 0.8302084792097076,
        "typecheck_rate": 0.7588652482269503
      },
      "k_64": {
        "count": 124,
        "f1_avg": 0.8289337437515291,
        "typecheck_rate": 0.7580645161290323
      }
    },
    "tc_only": {
      "k_4": {
        "count": 144,
        "f1_avg": 0.8158553515188323,
        "typecheck_rate": 1.0
      },
      "k_8": {
        "count": 141,
        "f1_avg": 0.8217263851726201,
        "typecheck_rate": 1.0
      },
      "k_16": {
        "count": 132,
        "f1_avg": 0.8472528612707586,
        "typecheck_rate": 1.0
      },
      "k_32": {
        "count": 111,
        "f1_avg": 0.8505364346889684,
        "typecheck_rate": 1.0
      },
      "k_64": {
        "count": 68,
        "f1_avg": 0.8463291372994055,
        "typecheck_rate": 1.0
      }
    }
  }
}