{
  "meta": {
    "results_path": "kimina_bestof_cycle_lenpen001_64_20_start1120_temp08_qwen1p5_rescored_cpu.json"
  },
  "summary": {
    "count": 18,
    "pearson_avg": 0.3282452531615807,
    "pearson_median": 0.34739871834016967,
    "spearman_avg": 0.1985353410253533,
    "spearman_median": 0.21728092121653925
  }
}