{
  "meta": {
    "results_paths": [
      "kimina_bestof_cycle_lenpen001_128_20_start1720_temp08_qwen1p5_rescored_cpu.json"
    ],
    "dedupe_id": false
  },
  "summary": {
    "count": 18,
    "all_consensus_f1_avg": 0.8516126783347547,
    "tc_consensus_f1_avg": 0.8583899516262791,
    "tc_better_rate": 0.2222222222222222,
    "diff_vs_tc_rate": -0.6699980899090235,
    "diff_vs_tc_count": -0.4860324334965828
  }
}