{
  "meta": {
    "results_paths": [
      "kimina_bestof_cycle_lenpen001_128_20_start1920_temp08_qwen1p5_rescored_cpu.json"
    ],
    "dedupe_id": false
  },
  "summary": {
    "count": 18,
    "baseline_f1_avg": 0.7705761376681783,
    "consensus_f1_avg": 0.8291877745130857,
    "oracle_f1_avg": 0.9394310588334351,
    "consensus_improve_rate": 0.6666666666666666,
    "correlations": {
      "improve_vs_count": 0.4515636832806763,
      "improve_vs_tc_rate": -0.3246134243080944,
      "improve_vs_pairwise": 0.2347142543888599,
      "improve_vs_pairwise_tc": 0.010522258632871097,
      "improve_vs_consensus_margin": -0.07240354729447386,
      "improve_vs_baseline_f1": -0.3996482068769261,
      "oracle_improve_vs_count": 0.4476831184104121,
      "oracle_improve_vs_pairwise": -0.4401158261996862
    }
  }
}