{
  "meta": {
    "results_path": null,
    "train_results": "kimina_bestof_cycle_lenpen001_64_20_start1280_temp08_qwen1p5_rescored_cpu.json",
    "test_results": "kimina_bestof_cycle_lenpen001_64_20_start740_temp08_qwen1p5_rescored_cpu.json",
    "folds": 5,
    "ridge": 0.001,
    "baseline_feature": false
  },
  "summary": {
    "count": 18,
    "baseline_f1_avg": 0.7458911421215128,
    "learned_f1_avg": 0.8247945167897104,
    "learned_tc_f1_avg": 0.8247945167897104,
    "learned_typecheck_rate": 1.0,
    "learned_tc_typecheck_rate": 1.0,
    "learned_improve_rate": 0.8333333333333334,
    "learned_tc_improve_rate": 0.8333333333333334,
    "avg_weights": [
      0.6886891005363358,
      0.017098549421431096,
      0.031510214800853455,
      0.06612866916496508,
      0.07775487320823554
    ]
  }
}