{
  "meta": {
    "results_paths": [
      "kimina_bestof_cycle_lenpen001_128_20_temp08_merged_start1580_1980_rescored_cpu.json"
    ],
    "feature": "tc_count",
    "direction": "ge",
    "dedupe_id": false,
    "all_consensus_f1_avg": 0.833731323611103,
    "tc_consensus_f1_avg": 0.839439867239483
  },
  "summary": {
    "threshold_0.0": {
      "count": 151,
      "chosen_f1_avg": 0.8394398672394825,
      "chosen_typecheck_rate": 0.9933774834437086
    },
    "threshold_15.0": {
      "count": 151,
      "chosen_f1_avg": 0.8370205847603646,
      "chosen_typecheck_rate": 0.9205298013245033
    },
    "threshold_25.0": {
      "count": 151,
      "chosen_f1_avg": 0.8367853521060273,
      "chosen_typecheck_rate": 0.8874172185430463
    },
    "threshold_41.0": {
      "count": 151,
      "chosen_f1_avg": 0.8378614459425678,
      "chosen_typecheck_rate": 0.8410596026490066
    },
    "threshold_49.0": {
      "count": 151,
      "chosen_f1_avg": 0.8352988870646623,
      "chosen_typecheck_rate": 0.8079470198675497
    },
    "threshold_58.0": {
      "count": 151,
      "chosen_f1_avg": 0.8348549717375123,
      "chosen_typecheck_rate": 0.8079470198675497
    },
    "threshold_70.0": {
      "count": 151,
      "chosen_f1_avg": 0.8342678769900287,
      "chosen_typecheck_rate": 0.8079470198675497
    },
    "threshold_78.0": {
      "count": 151,
      "chosen_f1_avg": 0.8352893068675998,
      "chosen_typecheck_rate": 0.7947019867549668
    },
    "threshold_86.0": {
      "count": 151,
      "chosen_f1_avg": 0.8339252398925195,
      "chosen_typecheck_rate": 0.7947019867549668
    },
    "threshold_104.0": {
      "count": 151,
      "chosen_f1_avg": 0.8337950331241714,
      "chosen_typecheck_rate": 0.7947019867549668
    },
    "threshold_124.0": {
      "count": 151,
      "chosen_f1_avg": 0.8337313236111028,
      "chosen_typecheck_rate": 0.7947019867549668
    }
  }
}