{
  "meta": {
    "results_paths": [
      "kimina_bestof_cycle_lenpen001_128_20_start1680_temp08_qwen1p5_rescored_cpu.json"
    ],
    "feature": "tc_count",
    "direction": "ge",
    "dedupe_id": false,
    "all_consensus_f1_avg": 0.8361019499160453,
    "tc_consensus_f1_avg": 0.8384936997893335
  },
  "summary": {
    "threshold_6.0": {
      "count": 17,
      "chosen_f1_avg": 0.8384936997893336,
      "chosen_typecheck_rate": 1.0
    },
    "threshold_25.0": {
      "count": 17,
      "chosen_f1_avg": 0.8265781643443864,
      "chosen_typecheck_rate": 0.9411764705882353
    },
    "threshold_45.0": {
      "count": 17,
      "chosen_f1_avg": 0.8293392687861632,
      "chosen_typecheck_rate": 0.8823529411764706
    },
    "threshold_54.0": {
      "count": 17,
      "chosen_f1_avg": 0.8371364164604569,
      "chosen_typecheck_rate": 0.8235294117647058
    },
    "threshold_56.0": {
      "count": 17,
      "chosen_f1_avg": 0.8371364164604569,
      "chosen_typecheck_rate": 0.8235294117647058
    },
    "threshold_72.0": {
      "count": 17,
      "chosen_f1_avg": 0.8371364164604569,
      "chosen_typecheck_rate": 0.8235294117647058
    },
    "threshold_77.0": {
      "count": 17,
      "chosen_f1_avg": 0.8361019499160454,
      "chosen_typecheck_rate": 0.8235294117647058
    },
    "threshold_104.0": {
      "count": 17,
      "chosen_f1_avg": 0.8361019499160454,
      "chosen_typecheck_rate": 0.8235294117647058
    },
    "threshold_108.0": {
      "count": 17,
      "chosen_f1_avg": 0.8361019499160454,
      "chosen_typecheck_rate": 0.8235294117647058
    },
    "threshold_119.0": {
      "count": 17,
      "chosen_f1_avg": 0.8361019499160454,
      "chosen_typecheck_rate": 0.8235294117647058
    },
    "threshold_122.0": {
      "count": 17,
      "chosen_f1_avg": 0.8361019499160454,
      "chosen_typecheck_rate": 0.8235294117647058
    }
  }
}