{
  "meta": {
    "results_path": "kimina_bestof_cycle_lenpen001_temp08_merged_64_128_rescored.json",
    "alphas": [
      0.0,
      0.5,
      1.0,
      2.0
    ],
    "betas": [
      0.0,
      0.5,
      1.0,
      2.0
    ]
  },
  "summary": {
    "alpha_0.0_beta_0.0": {
      "count": 859,
      "f1_avg": 0.8330117695445595,
      "digits_count": 558,
      "digits_f1_avg": 0.8273222263534372,
      "nodigits_count": 301,
      "nodigits_f1_avg": 0.8435591619055094
    },
    "alpha_0.0_beta_0.5": {
      "count": 859,
      "f1_avg": 0.8162604157123772,
      "digits_count": 558,
      "digits_f1_avg": 0.801534747963036,
      "nodigits_count": 301,
      "nodigits_f1_avg": 0.8435591619055094
    },
    "alpha_0.0_beta_1.0": {
      "count": 859,
      "f1_avg": 0.8014609327314612,
      "digits_count": 558,
      "digits_f1_avg": 0.7787520313311244,
      "nodigits_count": 301,
      "nodigits_f1_avg": 0.8435591619055094
    },
    "alpha_0.0_beta_2.0": {
      "count": 859,
      "f1_avg": 0.7811394911387275,
      "digits_count": 558,
      "digits_f1_avg": 0.7474686651516294,
      "nodigits_count": 301,
      "nodigits_f1_avg": 0.8435591619055094
    },
    "alpha_0.5_beta_0.0": {
      "count": 859,
      "f1_avg": 0.8203206047917562,
      "digits_count": 558,
      "digits_f1_avg": 0.8077851107214351,
      "nodigits_count": 301,
      "nodigits_f1_avg": 0.8435591619055094
    },
    "alpha_0.5_beta_0.5": {
      "count": 859,
      "f1_avg": 0.8115164819971967,
      "digits_count": 558,
      "digits_f1_avg": 0.7942318105771236,
      "nodigits_count": 301,
      "nodigits_f1_avg": 0.8435591619055094
    },
    "alpha_0.5_beta_1.0": {
      "count": 859,
      "f1_avg": 0.8060848469513384,
      "digits_count": 558,
      "digits_f1_avg": 0.7858702075226572,
      "nodigits_count": 301,
      "nodigits_f1_avg": 0.8435591619055094
    },
    "alpha_0.5_beta_2.0": {
      "count": 859,
      "f1_avg": 0.7913951099036494,
      "digits_count": 558,
      "digits_f1_avg": 0.7632564366911784,
      "nodigits_count": 301,
      "nodigits_f1_avg": 0.8435591619055094
    },
    "alpha_1.0_beta_0.0": {
      "count": 859,
      "f1_avg": 0.8154627744567938,
      "digits_count": 558,
      "digits_f1_avg": 0.8003068378581157,
      "nodigits_count": 301,
      "nodigits_f1_avg": 0.8435591619055094
    },
    "alpha_1.0_beta_0.5": {
      "count": 859,
      "f1_avg": 0.8093405508702779,
      "digits_count": 558,
      "digits_f1_avg": 0.7908821244874765,
      "nodigits_count": 301,
      "nodigits_f1_avg": 0.8435591619055094
    },
    "alpha_1.0_beta_1.0": {
      "count": 859,
      "f1_avg": 0.8082950118972928,
      "digits_count": 558,
      "digits_f1_avg": 0.7892725940613218,
      "nodigits_count": 301,
      "nodigits_f1_avg": 0.8435591619055094
    },
    "alpha_1.0_beta_2.0": {
      "count": 859,
      "f1_avg": 0.7940405942338935,
      "digits_count": 558,
      "digits_f1_avg": 0.7673289654361247,
      "nodigits_count": 301,
      "nodigits_f1_avg": 0.8435591619055094
    },
    "alpha_2.0_beta_0.0": {
      "count": 859,
      "f1_avg": 0.8124973965019893,
      "digits_count": 558,
      "digits_f1_avg": 0.7957418563828876,
      "nodigits_count": 301,
      "nodigits_f1_avg": 0.8435591619055094
    },
    "alpha_2.0_beta_0.5": {
      "count": 859,
      "f1_avg": 0.8046125407714434,
      "digits_count": 558,
      "digits_f1_avg": 0.7836037003389119,
      "nodigits_count": 301,
      "nodigits_f1_avg": 0.8435591619055094
    },
    "alpha_2.0_beta_1.0": {
      "count": 859,
      "f1_avg": 0.8059527099711448,
      "digits_count": 558,
      "digits_f1_avg": 0.7856667923506386,
      "nodigits_count": 301,
      "nodigits_f1_avg": 0.8435591619055094
    },
    "alpha_2.0_beta_2.0": {
      "count": 859,
      "f1_avg": 0.8033931764983985,
      "digits_count": 558,
      "digits_f1_avg": 0.7817265786354253,
      "nodigits_count": 301,
      "nodigits_f1_avg": 0.8435591619055094
    }
  }
}