{
  "meta": {
    "results_path": "kimina_bestof_cycle_lenpen001_64_20_start1300_temp08_qwen1p5_rescored_cpu.json"
  },
  "summary": {
    "count": 19,
    "pearson_avg": 0.33064810302406566,
    "pearson_median": 0.29830305174416605,
    "spearman_avg": 0.12417109972036151,
    "spearman_median": 0.1295694079080572
  }
}