{
  "meta": {
    "results_paths": [
      "kimina_bestof_cycle_lenpen001_64_20_start960_temp08_qwen1p5_rescored_cpu.json"
    ],
    "dedupe_id": false
  },
  "summary": {
    "count": 17,
    "all_consensus_f1_avg": 0.8368362182902732,
    "tc_consensus_f1_avg": 0.83808071972019,
    "tc_better_rate": 0.11764705882352941,
    "diff_vs_tc_rate": -0.11717520761672119,
    "diff_vs_tc_count": -0.2056294428420955
  }
}