{
  "meta": {
    "results_path": "kimina_bestof_cycle_lenpen001_128_20_start1860_temp08_qwen1p5_rescored_cpu.json",
    "ks": [
      4,
      8,
      16,
      32,
      64
    ],
    "score_key": "length_penalized_score"
  },
  "summary": {
    "all": {
      "k_4": {
        "count": 18,
        "f1_avg": 0.7887493524504041,
        "typecheck_rate": 0.8333333333333334
      },
      "k_8": {
        "count": 18,
        "f1_avg": 0.801578802317592,
        "typecheck_rate": 0.7777777777777778
      },
      "k_16": {
        "count": 18,
        "f1_avg": 0.8068479647673008,
        "typecheck_rate": 0.7777777777777778
      },
      "k_32": {
        "count": 16,
        "f1_avg": 0.8276769489182292,
        "typecheck_rate": 0.875
      },
      "k_64": {
        "count": 13,
        "f1_avg": 0.8183009200607171,
        "typecheck_rate": 0.9230769230769231
      }
    },
    "tc_only": {
      "k_4": {
        "count": 18,
        "f1_avg": 0.8009657650865469,
        "typecheck_rate": 1.0
      },
      "k_8": {
        "count": 18,
        "f1_avg": 0.8091292332180591,
        "typecheck_rate": 1.0
      },
      "k_16": {
        "count": 18,
        "f1_avg": 0.8038571938254557,
        "typecheck_rate": 1.0
      },
      "k_32": {
        "count": 16,
        "f1_avg": 0.8274191986998407,
        "typecheck_rate": 1.0
      },
      "k_64": {
        "count": 6,
        "f1_avg": 0.7716962031902609,
        "typecheck_rate": 1.0
      }
    }
  }
}