{
  "meta": {
    "results_path": "kimina_bestof_cycle_lenpen001_temp08_merged_64_128_rescored.json",
    "train_results": null,
    "test_results": null,
    "folds": 5,
    "model": "ridge",
    "ridge": 0.001,
    "gbrt_estimators": 200,
    "gbrt_learning_rate": 0.05,
    "gbrt_depth": 3,
    "baseline_feature": false,
    "forward_feature": false,
    "embed_consensus": false,
    "context_interactions": false,
    "extra_candidate_features": true,
    "numeric_features": false,
    "nl_number_features": true,
    "nl_number_detail": true,
    "embed_model_id": null,
    "embed_batch_size": null,
    "embed_max_length": null,
    "embed_device": null
  },
  "summary": {
    "count": 859,
    "baseline_f1_avg": 0.7740837768437162,
    "learned_f1_avg": 0.8395555153954611,
    "learned_tc_f1_avg": 0.834781607346511,
    "learned_typecheck_rate": 0.9720605355064028,
    "learned_tc_typecheck_rate": 0.9953434225844005,
    "learned_improve_rate": 0.6495925494761351,
    "learned_tc_improve_rate": 0.6472642607683353,
    "feature_names": [
      "bias",
      "len_z",
      "cons_z",
      "typecheck",
      "lenpen_z",
      "cycle_rank",
      "len_rank",
      "cons_rank",
      "tc_cons_z",
      "tc_cons_rank",
      "nl_num_f1_z",
      "nl_num_prec_z",
      "nl_num_rec_z",
      "nl_num_abs_delta_z"
    ],
    "avg_weights": [
      0.7198159401994031,
      0.006076120048789257,
      0.054108162569798834,
      0.04258361681197449,
      0.009395847051967176,
      0.010943989398685674,
      -0.0028262151786720216,
      0.018741405632414956,
      0.0198715268801483,
      0.0017368128941482757,
      -0.007416917942777096,
      0.011945851956299759,
      0.006342219520930993,
      0.0010443044170797841
    ]
  }
}