{
  "meta": {
    "results_path": "kimina_bestof_cycle_16_20_temp04.json"
  },
  "summary": {
    "alpha_0.0": {
      "count": 20,
      "all_f1_avg": 0.8012942571323183,
      "all_typecheck_rate": 0.8,
      "tc_f1_avg": 0.7911552267330711,
      "tc_typecheck_rate": 1.0
    },
    "alpha_0.001": {
      "count": 20,
      "all_f1_avg": 0.8012942571323183,
      "all_typecheck_rate": 0.8,
      "tc_f1_avg": 0.7911552267330711,
      "tc_typecheck_rate": 1.0
    },
    "alpha_0.002": {
      "count": 20,
      "all_f1_avg": 0.8009596706661529,
      "all_typecheck_rate": 0.75,
      "tc_f1_avg": 0.7934171314949761,
      "tc_typecheck_rate": 1.0
    },
    "alpha_0.005": {
      "count": 20,
      "all_f1_avg": 0.811581100352921,
      "all_typecheck_rate": 0.75,
      "tc_f1_avg": 0.7916716769495215,
      "tc_typecheck_rate": 1.0
    },
    "alpha_0.01": {
      "count": 20,
      "all_f1_avg": 0.8095384205058636,
      "all_typecheck_rate": 0.75,
      "tc_f1_avg": 0.7896463672605324,
      "tc_typecheck_rate": 1.0
    },
    "alpha_0.02": {
      "count": 20,
      "all_f1_avg": 0.8117919012192226,
      "all_typecheck_rate": 0.7,
      "tc_f1_avg": 0.7955431130398327,
      "tc_typecheck_rate": 1.0
    }
  }
}