{
  "meta": {
    "results_path": "kimina_bestof_cycle_lenpen001_128_20_start1900_temp08_qwen1p5_rescored_cpu.json"
  },
  "summary": {
    "count": 20,
    "pearson_avg": 0.308012469645751,
    "pearson_median": 0.3688273506970745,
    "spearman_avg": 0.18099947194301547,
    "spearman_median": 0.18589197701836402
  }
}