{
  "meta": {
    "results_paths": [
      "kimina_bestof_cycle_lenpen001_128_20_start1760_temp08_qwen1p5_rescored_cpu.json"
    ],
    "feature": "tc_count",
    "direction": "ge",
    "dedupe_id": false,
    "all_consensus_f1_avg": 0.8434492384652735,
    "tc_consensus_f1_avg": 0.8239092842843934
  },
  "summary": {
    "threshold_14.0": {
      "count": 18,
      "chosen_f1_avg": 0.8239092842843934,
      "chosen_typecheck_rate": 1.0
    },
    "threshold_20.0": {
      "count": 18,
      "chosen_f1_avg": 0.8341044215620568,
      "chosen_typecheck_rate": 0.8888888888888888
    },
    "threshold_22.0": {
      "count": 18,
      "chosen_f1_avg": 0.8327511452087804,
      "chosen_typecheck_rate": 0.8888888888888888
    },
    "threshold_35.0": {
      "count": 18,
      "chosen_f1_avg": 0.8322546395039412,
      "chosen_typecheck_rate": 0.8333333333333334
    },
    "threshold_45.0": {
      "count": 18,
      "chosen_f1_avg": 0.8297589220959432,
      "chosen_typecheck_rate": 0.7777777777777778
    },
    "threshold_53.0": {
      "count": 18,
      "chosen_f1_avg": 0.8288931212301422,
      "chosen_typecheck_rate": 0.7222222222222222
    },
    "threshold_69.0": {
      "count": 18,
      "chosen_f1_avg": 0.8288931212301422,
      "chosen_typecheck_rate": 0.7222222222222222
    },
    "threshold_89.0": {
      "count": 18,
      "chosen_f1_avg": 0.8300260188336281,
      "chosen_typecheck_rate": 0.7222222222222222
    },
    "threshold_100.0": {
      "count": 18,
      "chosen_f1_avg": 0.8300260188336281,
      "chosen_typecheck_rate": 0.7222222222222222
    },
    "threshold_109.0": {
      "count": 18,
      "chosen_f1_avg": 0.8300260188336281,
      "chosen_typecheck_rate": 0.7222222222222222
    },
    "threshold_118.0": {
      "count": 18,
      "chosen_f1_avg": 0.8434492384652734,
      "chosen_typecheck_rate": 0.7222222222222222
    }
  }
}