{
  "meta": {
    "results_path": "kimina_bestof_cycle_lenpen001_16_50_start400_rescored.json"
  },
  "summary": {
    "count": 41,
    "baseline_f1_avg": 0.7872323328314255,
    "consensus_f1_avg": 0.7972897232950966,
    "consensus_tc_f1_avg": 0.8028377961594122,
    "consensus_typecheck_rate": 0.9024390243902439,
    "consensus_tc_typecheck_rate": 0.926829268292683
  }
}