{
  "meta": {
    "results_paths": [
      "kimina_bestof_cycle_lenpen001_128_20_start2220_temp08_qwen1p5_rescored_cpu.json"
    ],
    "dedupe_id": false
  },
  "summary": {
    "count": 19,
    "all_consensus_f1_avg": 0.7867371232476311,
    "tc_consensus_f1_avg": 0.780485494187972,
    "tc_better_rate": 0.3157894736842105,
    "diff_vs_tc_rate": 0.14194553297353743,
    "diff_vs_tc_count": 0.12205214129049041
  }
}