{
  "meta": {
    "results_path": "kimina_bestof_cycle_lenpen001_64_20_start820_temp08_qwen1p5_rescored_cpu.json"
  },
  "summary": {
    "count": 19,
    "baseline_f1_avg": 0.8152668142972772,
    "oracle_f1_avg": 0.9249953582668766,
    "oracle_tc_f1_avg": 0.8989679872903067,
    "oracle_typecheck_rate": 0.7368421052631579,
    "oracle_tc_typecheck_rate": 1.0,
    "oracle_improve_rate": 0.9473684210526315,
    "oracle_tc_improve_rate": 0.8421052631578947
  }
}