{
  "meta": {
    "results_paths": [
      "kimina_bestof_cycle_lenpen001_64_20_start780_temp08_qwen1p5_rescored_cpu.json"
    ],
    "dedupe_id": false
  },
  "summary": {
    "count": 20,
    "baseline_f1_avg": 0.7592260281762612,
    "consensus_f1_avg": 0.8261448029393769,
    "oracle_f1_avg": 0.9255887529008655,
    "consensus_improve_rate": 0.8,
    "correlations": {
      "improve_vs_count": -0.03262382445761358,
      "improve_vs_tc_rate": 0.12012526005870716,
      "improve_vs_pairwise": 0.37754070141444657,
      "improve_vs_pairwise_tc": 0.24414020594376865,
      "improve_vs_consensus_margin": 0.18796185290351686,
      "improve_vs_baseline_f1": -0.44741191461008867,
      "oracle_improve_vs_count": 0.06910875156890793,
      "oracle_improve_vs_pairwise": -0.09936974041660038
    }
  }
}