{
  "meta": {
    "results_path": "kimina_bestof_cycle_lenpen001_128_20_start1900_temp08_qwen1p5_rescored_cpu.json"
  },
  "summary": {
    "records": 20,
    "candidate_typecheck_rate": 0.6777777777777778,
    "tc_candidate_f1_avg": 0.7904338677597088,
    "non_tc_candidate_f1_avg": 0.7074684582973814,
    "max_tc_f1_avg": 0.9398147236267466,
    "max_non_tc_f1_avg": 0.8608556897242844,
    "records_with_tc": 20,
    "records_with_non_tc": 20,
    "records_with_both": 20
  }
}