{
  "meta": {
    "results_paths": [
      "kimina_bestof_cycle_lenpen001_128_20_start1920_temp08_qwen1p5_rescored_cpu.json"
    ],
    "feature": "tc_rate",
    "direction": "ge",
    "dedupe_id": false,
    "all_consensus_f1_avg": 0.8291877745130856,
    "tc_consensus_f1_avg": 0.7716229976732245
  },
  "summary": {
    "threshold_0.008403361344537815": {
      "count": 18,
      "chosen_f1_avg": 0.7716229976732246,
      "chosen_typecheck_rate": 1.0
    },
    "threshold_0.6532258064516129": {
      "count": 18,
      "chosen_f1_avg": 0.8298151421068585,
      "chosen_typecheck_rate": 0.8888888888888888
    },
    "threshold_0.6705882352941176": {
      "count": 18,
      "chosen_f1_avg": 0.8298151421068585,
      "chosen_typecheck_rate": 0.8888888888888888
    },
    "threshold_0.6923076923076923": {
      "count": 18,
      "chosen_f1_avg": 0.8298151421068585,
      "chosen_typecheck_rate": 0.8888888888888888
    },
    "threshold_0.7627118644067796": {
      "count": 18,
      "chosen_f1_avg": 0.8281474331220763,
      "chosen_typecheck_rate": 0.8333333333333334
    },
    "threshold_0.7634408602150538": {
      "count": 18,
      "chosen_f1_avg": 0.8281474331220763,
      "chosen_typecheck_rate": 0.8333333333333334
    },
    "threshold_0.7848101265822784": {
      "count": 18,
      "chosen_f1_avg": 0.8281474331220763,
      "chosen_typecheck_rate": 0.8333333333333334
    },
    "threshold_0.8991596638655462": {
      "count": 18,
      "chosen_f1_avg": 0.8281474331220763,
      "chosen_typecheck_rate": 0.8333333333333334
    },
    "threshold_0.9411764705882353": {
      "count": 18,
      "chosen_f1_avg": 0.8291877745130857,
      "chosen_typecheck_rate": 0.8333333333333334
    },
    "threshold_0.95": {
      "count": 18,
      "chosen_f1_avg": 0.8291877745130857,
      "chosen_typecheck_rate": 0.8333333333333334
    },
    "threshold_0.9761904761904762": {
      "count": 18,
      "chosen_f1_avg": 0.8291877745130857,
      "chosen_typecheck_rate": 0.8333333333333334
    }
  }
}