{
  "meta": {
    "results_path": "kimina_bestof_cycle_lenpen001_128_20_start1920_temp08_qwen1p5_rescored_cpu.json",
    "ks": [
      4,
      8,
      16,
      32,
      64
    ],
    "trials": 30,
    "seed": 0
  },
  "summary": {
    "all": {
      "k_4": {
        "count": 540,
        "f1_avg": 0.8092188295242502,
        "typecheck_rate": 0.8611111111111112
      },
      "k_8": {
        "count": 540,
        "f1_avg": 0.8217154688902883,
        "typecheck_rate": 0.8851851851851852
      },
      "k_16": {
        "count": 540,
        "f1_avg": 0.8291317549218868,
        "typecheck_rate": 0.8814814814814815
      },
      "k_32": {
        "count": 540,
        "f1_avg": 0.8302850817844507,
        "typecheck_rate": 0.8740740740740741
      },
      "k_64": {
        "count": 450,
        "f1_avg": 0.831304956985581,
        "typecheck_rate": 0.8733333333333333
      }
    },
    "tc_only": {
      "k_4": {
        "count": 510,
        "f1_avg": 0.8098404460584282,
        "typecheck_rate": 1.0
      },
      "k_8": {
        "count": 510,
        "f1_avg": 0.8195933209377188,
        "typecheck_rate": 1.0
      },
      "k_16": {
        "count": 510,
        "f1_avg": 0.819148843978469,
        "typecheck_rate": 1.0
      },
      "k_32": {
        "count": 510,
        "f1_avg": 0.8212990053739896,
        "typecheck_rate": 1.0
      },
      "k_64": {
        "count": 330,
        "f1_avg": 0.7900044049829035,
        "typecheck_rate": 1.0
      }
    }
  }
}