{
  "meta": {
    "results_path": "kimina_bestof_cycle_lenpen001_128_20_temp08_merged_start1580_2280_rescored.json",
    "alphas": [
      0.0,
      0.001,
      0.002,
      0.005,
      0.01,
      0.02
    ],
    "betas": [
      0.0,
      0.5,
      1.0,
      2.0,
      3.0
    ],
    "prepared_records": 687
  },
  "summary": {
    "alpha_0.0_beta_0.0": {
      "count": 687,
      "all_f1_avg": 0.7384983070669265,
      "all_typecheck_rate": 0.5254730713245997,
      "tc_f1_avg": 0.7744723285250054,
      "tc_typecheck_rate": 0.9956331877729258
    },
    "alpha_0.0_beta_0.5": {
      "count": 687,
      "all_f1_avg": 0.7788048041450927,
      "all_typecheck_rate": 0.5924308588064047,
      "tc_f1_avg": 0.8002575821589365,
      "tc_typecheck_rate": 0.9956331877729258
    },
    "alpha_0.0_beta_1.0": {
      "count": 687,
      "all_f1_avg": 0.8001335281410952,
      "all_typecheck_rate": 0.653566229985444,
      "tc_f1_avg": 0.813022051682799,
      "tc_typecheck_rate": 0.9956331877729258
    },
    "alpha_0.0_beta_2.0": {
      "count": 687,
      "all_f1_avg": 0.8194954224045614,
      "all_typecheck_rate": 0.7147016011644832,
      "tc_f1_avg": 0.8263576484510143,
      "tc_typecheck_rate": 0.9956331877729258
    },
    "alpha_0.0_beta_3.0": {
      "count": 687,
      "all_f1_avg": 0.8264972469266689,
      "all_typecheck_rate": 0.7554585152838428,
      "tc_f1_avg": 0.8312050207770455,
      "tc_typecheck_rate": 0.9956331877729258
    },
    "alpha_0.001_beta_0.0": {
      "count": 687,
      "all_f1_avg": 0.7399483686541337,
      "all_typecheck_rate": 0.5138282387190685,
      "tc_f1_avg": 0.771197143318601,
      "tc_typecheck_rate": 0.9956331877729258
    },
    "alpha_0.001_beta_0.5": {
      "count": 687,
      "all_f1_avg": 0.7763775195771693,
      "all_typecheck_rate": 0.5938864628820961,
      "tc_f1_avg": 0.7993529753982727,
      "tc_typecheck_rate": 0.9956331877729258
    },
    "alpha_0.001_beta_1.0": {
      "count": 687,
      "all_f1_avg": 0.7997725047478452,
      "all_typecheck_rate": 0.6462882096069869,
      "tc_f1_avg": 0.8136661323776493,
      "tc_typecheck_rate": 0.9956331877729258
    },
    "alpha_0.001_beta_2.0": {
      "count": 687,
      "all_f1_avg": 0.8185050553316174,
      "all_typecheck_rate": 0.7117903930131004,
      "tc_f1_avg": 0.8255708741862778,
      "tc_typecheck_rate": 0.9956331877729258
    },
    "alpha_0.001_beta_3.0": {
      "count": 687,
      "all_f1_avg": 0.8255021052241153,
      "all_typecheck_rate": 0.7510917030567685,
      "tc_f1_avg": 0.8306906549234069,
      "tc_typecheck_rate": 0.9956331877729258
    },
    "alpha_0.002_beta_0.0": {
      "count": 687,
      "all_f1_avg": 0.7379045651834519,
      "all_typecheck_rate": 0.5094614264919942,
      "tc_f1_avg": 0.7728010070386186,
      "tc_typecheck_rate": 0.9956331877729258
    },
    "alpha_0.002_beta_0.5": {
      "count": 687,
      "all_f1_avg": 0.7746882156509377,
      "all_typecheck_rate": 0.5953420669577875,
      "tc_f1_avg": 0.8007856422344136,
      "tc_typecheck_rate": 0.9956331877729258
    },
    "alpha_0.002_beta_1.0": {
      "count": 687,
      "all_f1_avg": 0.7972749039138685,
      "all_typecheck_rate": 0.636098981077147,
      "tc_f1_avg": 0.8119493350293444,
      "tc_typecheck_rate": 0.9956331877729258
    },
    "alpha_0.002_beta_2.0": {
      "count": 687,
      "all_f1_avg": 0.8171329285273822,
      "all_typecheck_rate": 0.7045123726346434,
      "tc_f1_avg": 0.8245578640129372,
      "tc_typecheck_rate": 0.9956331877729258
    },
    "alpha_0.002_beta_3.0": {
      "count": 687,
      "all_f1_avg": 0.8245145430806141,
      "all_typecheck_rate": 0.745269286754003,
      "tc_f1_avg": 0.8304779907251427,
      "tc_typecheck_rate": 0.9956331877729258
    },
    "alpha_0.005_beta_0.0": {
      "count": 687,
      "all_f1_avg": 0.7088059515127636,
      "all_typecheck_rate": 0.5036390101892285,
      "tc_f1_avg": 0.7313616716907951,
      "tc_typecheck_rate": 0.9956331877729258
    },
    "alpha_0.005_beta_0.5": {
      "count": 687,
      "all_f1_avg": 0.7696004613442138,
      "all_typecheck_rate": 0.5618631732168851,
      "tc_f1_avg": 0.7981432738672527,
      "tc_typecheck_rate": 0.9956331877729258
    },
    "alpha_0.005_beta_1.0": {
      "count": 687,
      "all_f1_avg": 0.7902666094006692,
      "all_typecheck_rate": 0.6273653566229985,
      "tc_f1_avg": 0.8112397918560332,
      "tc_typecheck_rate": 0.9956331877729258
    },
    "alpha_0.005_beta_2.0": {
      "count": 687,
      "all_f1_avg": 0.8128792264410167,
      "all_typecheck_rate": 0.6899563318777293,
      "tc_f1_avg": 0.8208677996353051,
      "tc_typecheck_rate": 0.9956331877729258
    },
    "alpha_0.005_beta_3.0": {
      "count": 687,
      "all_f1_avg": 0.8205958560578807,
      "all_typecheck_rate": 0.735080058224163,
      "tc_f1_avg": 0.827512405703522,
      "tc_typecheck_rate": 0.9956331877729258
    },
    "alpha_0.01_beta_0.0": {
      "count": 687,
      "all_f1_avg": 0.6497340054088683,
      "all_typecheck_rate": 0.50509461426492,
      "tc_f1_avg": 0.6792411550088936,
      "tc_typecheck_rate": 0.9956331877729258
    },
    "alpha_0.01_beta_0.5": {
      "count": 687,
      "all_f1_avg": 0.7450158134895977,
      "all_typecheck_rate": 0.5269286754002911,
      "tc_f1_avg": 0.7623425255479316,
      "tc_typecheck_rate": 0.9956331877729258
    },
    "alpha_0.01_beta_1.0": {
      "count": 687,
      "all_f1_avg": 0.7782179445755155,
      "all_typecheck_rate": 0.5836972343522562,
      "tc_f1_avg": 0.8039009184404226,
      "tc_typecheck_rate": 0.9956331877729258
    },
    "alpha_0.01_beta_2.0": {
      "count": 687,
      "all_f1_avg": 0.8003908940816837,
      "all_typecheck_rate": 0.6710334788937409,
      "tc_f1_avg": 0.8167000006890435,
      "tc_typecheck_rate": 0.9956331877729258
    },
    "alpha_0.01_beta_3.0": {
      "count": 687,
      "all_f1_avg": 0.8151886972317092,
      "all_typecheck_rate": 0.7176128093158661,
      "tc_f1_avg": 0.8235129093592543,
      "tc_typecheck_rate": 0.9956331877729258
    },
    "alpha_0.02_beta_0.0": {
      "count": 687,
      "all_f1_avg": 0.5725716931658915,
      "all_typecheck_rate": 0.5065502183406113,
      "tc_f1_avg": 0.6132151494353786,
      "tc_typecheck_rate": 0.9956331877729258
    },
    "alpha_0.02_beta_0.5": {
      "count": 687,
      "all_f1_avg": 0.6373497098577877,
      "all_typecheck_rate": 0.5225618631732168,
      "tc_f1_avg": 0.6623660094969753,
      "tc_typecheck_rate": 0.9956331877729258
    },
    "alpha_0.02_beta_1.0": {
      "count": 687,
      "all_f1_avg": 0.706640087337945,
      "all_typecheck_rate": 0.537117903930131,
      "tc_f1_avg": 0.7259620322374469,
      "tc_typecheck_rate": 0.9956331877729258
    },
    "alpha_0.02_beta_2.0": {
      "count": 687,
      "all_f1_avg": 0.7815769722416094,
      "all_typecheck_rate": 0.5924308588064047,
      "tc_f1_avg": 0.8072113631049738,
      "tc_typecheck_rate": 0.9956331877729258
    },
    "alpha_0.02_beta_3.0": {
      "count": 687,
      "all_f1_avg": 0.8001195308714707,
      "all_typecheck_rate": 0.660844250363901,
      "tc_f1_avg": 0.8193222136624223,
      "tc_typecheck_rate": 0.9956331877729258
    }
  }
}