{
  "meta": {
    "results_path": "kimina_bestof_cycle_lenpen001_128_20_start1820_temp08_qwen1p5_rescored_cpu.json",
    "ks": [
      4,
      8,
      16,
      32,
      64
    ],
    "score_key": "length_penalized_score"
  },
  "summary": {
    "all": {
      "k_4": {
        "count": 18,
        "f1_avg": 0.783764019450397,
        "typecheck_rate": 0.6666666666666666
      },
      "k_8": {
        "count": 18,
        "f1_avg": 0.8018138573523449,
        "typecheck_rate": 0.8333333333333334
      },
      "k_16": {
        "count": 18,
        "f1_avg": 0.8270969554492444,
        "typecheck_rate": 0.7777777777777778
      },
      "k_32": {
        "count": 18,
        "f1_avg": 0.8341675910339538,
        "typecheck_rate": 0.7222222222222222
      },
      "k_64": {
        "count": 18,
        "f1_avg": 0.8392129287849023,
        "typecheck_rate": 0.8888888888888888
      }
    },
    "tc_only": {
      "k_4": {
        "count": 17,
        "f1_avg": 0.804278061791076,
        "typecheck_rate": 1.0
      },
      "k_8": {
        "count": 17,
        "f1_avg": 0.8121133242374474,
        "typecheck_rate": 1.0
      },
      "k_16": {
        "count": 17,
        "f1_avg": 0.8302963533044669,
        "typecheck_rate": 1.0
      },
      "k_32": {
        "count": 16,
        "f1_avg": 0.8448634591887662,
        "typecheck_rate": 1.0
      },
      "k_64": {
        "count": 12,
        "f1_avg": 0.8210719678277668,
        "typecheck_rate": 1.0
      }
    }
  }
}