{
  "meta": {
    "results_path": "kimina_bestof_cycle_lenpen001_128_20_start1640_temp08_qwen1p5_rescored_cpu.json",
    "ks": [
      4,
      8,
      16,
      32,
      64,
      128
    ],
    "score_key": "cycle_score"
  },
  "summary": {
    "all": {
      "k_4": {
        "count": 20,
        "f1_avg": 0.8095411324440459,
        "typecheck_rate": 0.7
      },
      "k_8": {
        "count": 20,
        "f1_avg": 0.8125421779450122,
        "typecheck_rate": 0.75
      },
      "k_16": {
        "count": 20,
        "f1_avg": 0.8285264319787814,
        "typecheck_rate": 0.7
      },
      "k_32": {
        "count": 19,
        "f1_avg": 0.8568935292240549,
        "typecheck_rate": 0.8421052631578947
      },
      "k_64": {
        "count": 14,
        "f1_avg": 0.85683771642935,
        "typecheck_rate": 0.8571428571428571
      },
      "k_128": {
        "count": 1,
        "f1_avg": 0.8152866242038216,
        "typecheck_rate": 1.0
      }
    },
    "tc_only": {
      "k_4": {
        "count": 20,
        "f1_avg": 0.8199201836307022,
        "typecheck_rate": 1.0
      },
      "k_8": {
        "count": 19,
        "f1_avg": 0.8487888755938566,
        "typecheck_rate": 1.0
      },
      "k_16": {
        "count": 18,
        "f1_avg": 0.8672131061742111,
        "typecheck_rate": 1.0
      },
      "k_32": {
        "count": 17,
        "f1_avg": 0.864624710779945,
        "typecheck_rate": 1.0
      },
      "k_64": {
        "count": 7,
        "f1_avg": 0.8537061798433597,
        "typecheck_rate": 1.0
      },
      "k_128": {
        "count": 0,
        "f1_avg": 0.0,
        "typecheck_rate": 0.0
      }
    }
  }
}