{
  "meta": {
    "results_paths": [
      "kimina_bestof_cycle_lenpen001_128_20_start1860_temp08_qwen1p5_rescored_cpu.json"
    ],
    "feature": "tc_rate",
    "direction": "ge",
    "dedupe_id": false,
    "all_consensus_f1_avg": 0.822872243854654,
    "tc_consensus_f1_avg": 0.821455510537881
  },
  "summary": {
    "threshold_0.3865546218487395": {
      "count": 18,
      "chosen_f1_avg": 0.8214555105378811,
      "chosen_typecheck_rate": 1.0
    },
    "threshold_0.45098039215686275": {
      "count": 18,
      "chosen_f1_avg": 0.8220676929682453,
      "chosen_typecheck_rate": 1.0
    },
    "threshold_0.5866666666666667": {
      "count": 18,
      "chosen_f1_avg": 0.8220676929682453,
      "chosen_typecheck_rate": 1.0
    },
    "threshold_0.627906976744186": {
      "count": 18,
      "chosen_f1_avg": 0.8220676929682453,
      "chosen_typecheck_rate": 1.0
    },
    "threshold_0.6875": {
      "count": 18,
      "chosen_f1_avg": 0.8198337572252734,
      "chosen_typecheck_rate": 1.0
    },
    "threshold_0.7051282051282052": {
      "count": 18,
      "chosen_f1_avg": 0.8204212634624972,
      "chosen_typecheck_rate": 1.0
    },
    "threshold_0.7333333333333333": {
      "count": 18,
      "chosen_f1_avg": 0.8204212634624972,
      "chosen_typecheck_rate": 1.0
    },
    "threshold_0.8148148148148148": {
      "count": 18,
      "chosen_f1_avg": 0.8228722438546541,
      "chosen_typecheck_rate": 1.0
    },
    "threshold_0.9065420560747663": {
      "count": 18,
      "chosen_f1_avg": 0.8228722438546541,
      "chosen_typecheck_rate": 1.0
    },
    "threshold_0.92": {
      "count": 18,
      "chosen_f1_avg": 0.8228722438546541,
      "chosen_typecheck_rate": 1.0
    },
    "threshold_0.984251968503937": {
      "count": 18,
      "chosen_f1_avg": 0.8228722438546541,
      "chosen_typecheck_rate": 1.0
    }
  }
}