{
  "meta": {
    "results_paths": [
      "kimina_bestof_cycle_lenpen001_64_20_start780_temp08_qwen1p5_rescored_cpu.json"
    ],
    "dedupe_id": false
  },
  "summary": {
    "count": 20,
    "all_consensus_f1_avg": 0.8261448029393769,
    "tc_consensus_f1_avg": 0.8141263698804154,
    "tc_better_rate": 0.15,
    "diff_vs_tc_rate": 0.4802213257750523,
    "diff_vs_tc_count": 0.36001658575708284
  }
}