{
  "meta": {
    "results_path": "kimina_bestof_cycle_lenpen001_128_20_start2080_temp08_qwen1p5_rescored_cpu.json",
    "train_results": null,
    "test_results": null,
    "folds": 5,
    "model": "ridge",
    "ridge": 0.001,
    "gbrt_estimators": 200,
    "gbrt_learning_rate": 0.05,
    "gbrt_depth": 3,
    "baseline_feature": false
  },
  "summary": {
    "count": 19,
    "baseline_f1_avg": 0.7792077900971288,
    "learned_f1_avg": 0.8523904334892847,
    "learned_tc_f1_avg": 0.8726413689944573,
    "learned_typecheck_rate": 0.9473684210526315,
    "learned_tc_typecheck_rate": 1.0,
    "learned_improve_rate": 0.8421052631578947,
    "learned_tc_improve_rate": 0.8421052631578947,
    "avg_weights": [
      0.7264527927400063,
      0.013629006250188952,
      0.06663420394646993,
      0.08383801832952445
    ]
  }
}