{
  "meta": {
    "results_paths": [
      "kimina_bestof_cycle_lenpen001_128_20_temp08_merged_start1580_2100_rescored_cpu.json"
    ],
    "feature": "tc_rate",
    "direction": "ge",
    "dedupe_id": false,
    "all_consensus_f1_avg": 0.834258064322955,
    "tc_consensus_f1_avg": 0.8388771140827725
  },
  "summary": {
    "threshold_0.0": {
      "count": 163,
      "chosen_f1_avg": 0.8388771140827722,
      "chosen_typecheck_rate": 0.9938650306748467
    },
    "threshold_0.13953488372093023": {
      "count": 163,
      "chosen_f1_avg": 0.8383141074369408,
      "chosen_typecheck_rate": 0.9141104294478528
    },
    "threshold_0.32786885245901637": {
      "count": 163,
      "chosen_f1_avg": 0.8379393514577115,
      "chosen_typecheck_rate": 0.852760736196319
    },
    "threshold_0.5185185185185185": {
      "count": 163,
      "chosen_f1_avg": 0.8358646468212196,
      "chosen_typecheck_rate": 0.8098159509202454
    },
    "threshold_0.6260162601626016": {
      "count": 163,
      "chosen_f1_avg": 0.8353563206048386,
      "chosen_typecheck_rate": 0.803680981595092
    },
    "threshold_0.7052631578947368": {
      "count": 163,
      "chosen_f1_avg": 0.8355824797744563,
      "chosen_typecheck_rate": 0.7914110429447853
    },
    "threshold_0.7739130434782608": {
      "count": 163,
      "chosen_f1_avg": 0.8363414318648708,
      "chosen_typecheck_rate": 0.7791411042944786
    },
    "threshold_0.8478260869565217": {
      "count": 163,
      "chosen_f1_avg": 0.8348261736592392,
      "chosen_typecheck_rate": 0.7730061349693251
    },
    "threshold_0.898989898989899": {
      "count": 163,
      "chosen_f1_avg": 0.8345565250703051,
      "chosen_typecheck_rate": 0.7730061349693251
    },
    "threshold_0.9553571428571429": {
      "count": 163,
      "chosen_f1_avg": 0.8342580643229547,
      "chosen_typecheck_rate": 0.7730061349693251
    },
    "threshold_1.0": {
      "count": 163,
      "chosen_f1_avg": 0.8342580643229547,
      "chosen_typecheck_rate": 0.7730061349693251
    }
  }
}