{
  "meta": {
    "results_path": "kimina_bestof_cycle_lenpen001_128_20_start1960_temp08_qwen1p5_rescored_cpu.json"
  },
  "summary": {
    "count": 19,
    "baseline_f1_avg": 0.7643161032510352,
    "oracle_f1_avg": 0.9460258494251804,
    "oracle_tc_f1_avg": 0.9376989042795095,
    "oracle_typecheck_rate": 0.7894736842105263,
    "oracle_tc_typecheck_rate": 1.0,
    "oracle_improve_rate": 0.8421052631578947,
    "oracle_tc_improve_rate": 0.8421052631578947
  }
}