{
  "meta": {
    "results_path": "kimina_bestof_cycle_lenpen001_16_50_start600_temp06_qwen1p5_rescored.json"
  },
  "summary": {
    "alpha_0.0": {
      "count": 44,
      "all_f1_avg": 0.7516878133884876,
      "all_typecheck_rate": 0.7727272727272727,
      "tc_f1_avg": 0.7516878133884876,
      "tc_typecheck_rate": 0.7727272727272727
    },
    "alpha_0.001": {
      "count": 44,
      "all_f1_avg": 0.7516878133884876,
      "all_typecheck_rate": 0.7727272727272727,
      "tc_f1_avg": 0.7516878133884876,
      "tc_typecheck_rate": 0.7727272727272727
    },
    "alpha_0.002": {
      "count": 44,
      "all_f1_avg": 0.7516878133884876,
      "all_typecheck_rate": 0.7727272727272727,
      "tc_f1_avg": 0.7516878133884876,
      "tc_typecheck_rate": 0.7727272727272727
    },
    "alpha_0.005": {
      "count": 44,
      "all_f1_avg": 0.7516878133884876,
      "all_typecheck_rate": 0.7727272727272727,
      "tc_f1_avg": 0.7516878133884876,
      "tc_typecheck_rate": 0.7727272727272727
    },
    "alpha_0.01": {
      "count": 44,
      "all_f1_avg": 0.7516878133884876,
      "all_typecheck_rate": 0.7727272727272727,
      "tc_f1_avg": 0.7516878133884876,
      "tc_typecheck_rate": 0.7727272727272727
    },
    "alpha_0.02": {
      "count": 44,
      "all_f1_avg": 0.7516878133884876,
      "all_typecheck_rate": 0.7727272727272727,
      "tc_f1_avg": 0.7516878133884876,
      "tc_typecheck_rate": 0.7727272727272727
    }
  }
}