{
  "meta": {
    "results_path": null,
    "train_results": "kimina_bestof_cycle_lenpen001_64_20_start780_temp08_qwen1p5_rescored_cpu.json",
    "test_results": "kimina_bestof_cycle_lenpen001_64_20_start740_temp08_qwen1p5_rescored_cpu.json",
    "folds": 5,
    "ridge": 0.001,
    "baseline_feature": false
  },
  "summary": {
    "count": 18,
    "baseline_f1_avg": 0.7458911421215128,
    "learned_f1_avg": 0.8069136691947972,
    "learned_tc_f1_avg": 0.8069136691947972,
    "learned_typecheck_rate": 1.0,
    "learned_tc_typecheck_rate": 1.0,
    "learned_improve_rate": 0.7222222222222222,
    "learned_tc_improve_rate": 0.7222222222222222,
    "avg_weights": [
      0.7265468315023423,
      0.008786762275741631,
      0.013275037821765838,
      0.05862328872980013,
      0.06979570640877014
    ]
  }
}