{
  "meta": {
    "results_path": null,
    "train_results": "kimina_bestof_cycle_lenpen001_128_20_temp08_merged_start1580_1600_1640_rescored_cpu.json",
    "test_results": "kimina_bestof_cycle_lenpen001_128_20_start1620_temp08_qwen1p5_rescored_cpu.json",
    "folds": 5,
    "model": "ridge",
    "ridge": 0.001,
    "gbrt_estimators": 200,
    "gbrt_learning_rate": 0.05,
    "gbrt_depth": 3,
    "baseline_feature": false
  },
  "summary": {
    "count": 20,
    "baseline_f1_avg": 0.6768138177712002,
    "learned_f1_avg": 0.7870750558767512,
    "learned_tc_f1_avg": 0.7870750558767512,
    "learned_typecheck_rate": 0.95,
    "learned_tc_typecheck_rate": 0.95,
    "learned_improve_rate": 0.55,
    "learned_tc_improve_rate": 0.55,
    "avg_weights": [
      0.7647407249315537,
      0.003957474777265684,
      0.08350216767196603,
      0.03645126891932284
    ]
  }
}