{
  "meta": {
    "results_path": "kimina_bestof_cycle_lenpen001_temp08_merged_64_128_rescored.json"
  },
  "summary": {
    "count": 859,
    "baseline_f1_avg": 0.7740837768437153,
    "consensus_f1_avg": 0.8330117695445595,
    "consensus_tc_f1_avg": 0.8323951177123415,
    "consensus_typecheck_rate": 0.8125727590221188,
    "consensus_tc_typecheck_rate": 0.9953434225844005
  }
}