{
  "meta": {
    "results_path": "kimina_bestof_cycle_lenpen001_128_20_start2020_temp08_qwen1p5_rescored_cpu.json",
    "ks": [
      4,
      8,
      16,
      32,
      64
    ],
    "score_key": "cycle_score"
  },
  "summary": {
    "all": {
      "k_4": {
        "count": 19,
        "f1_avg": 0.8027395202427559,
        "typecheck_rate": 0.631578947368421
      },
      "k_8": {
        "count": 19,
        "f1_avg": 0.8660168518374062,
        "typecheck_rate": 0.8421052631578947
      },
      "k_16": {
        "count": 19,
        "f1_avg": 0.8771534874790676,
        "typecheck_rate": 0.7894736842105263
      },
      "k_32": {
        "count": 18,
        "f1_avg": 0.8981421824656532,
        "typecheck_rate": 0.8333333333333334
      },
      "k_64": {
        "count": 14,
        "f1_avg": 0.8598925291318623,
        "typecheck_rate": 0.7857142857142857
      }
    },
    "tc_only": {
      "k_4": {
        "count": 19,
        "f1_avg": 0.8243627050228977,
        "typecheck_rate": 1.0
      },
      "k_8": {
        "count": 19,
        "f1_avg": 0.8753953096409129,
        "typecheck_rate": 1.0
      },
      "k_16": {
        "count": 19,
        "f1_avg": 0.8829459778604081,
        "typecheck_rate": 1.0
      },
      "k_32": {
        "count": 15,
        "f1_avg": 0.8972932488229215,
        "typecheck_rate": 1.0
      },
      "k_64": {
        "count": 7,
        "f1_avg": 0.8820734228176096,
        "typecheck_rate": 1.0
      }
    }
  }
}