{
  "meta": {
    "results_path": null,
    "train_results": "kimina_bestof_cycle_lenpen001_64_20_start740_temp08_qwen1p5_rescored_cpu.json",
    "test_results": "kimina_bestof_cycle_lenpen001_64_20_start1380_temp08_qwen1p5_rescored_cpu.json",
    "folds": 5,
    "ridge": 0.001,
    "baseline_feature": false
  },
  "summary": {
    "count": 19,
    "baseline_f1_avg": 0.7676224288680821,
    "learned_f1_avg": 0.8443915893294995,
    "learned_tc_f1_avg": 0.8443915893294995,
    "learned_typecheck_rate": 1.0,
    "learned_tc_typecheck_rate": 1.0,
    "learned_improve_rate": 0.8421052631578947,
    "learned_tc_improve_rate": 0.8421052631578947,
    "avg_weights": [
      0.6763802676586836,
      0.01423756930049189,
      0.0056051911174772925,
      0.05763233976337142,
      0.09530906893260058
    ]
  }
}