{
  "meta": {
    "results_path": "kimina_bestof_cycle_lenpen001_128_20_temp08_merged_start1580_2040_rescored_cpu.json"
  },
  "summary": {
    "count": 158,
    "baseline_f1_avg": 0.7684160354697588,
    "consensus_f1_avg": 0.8362321768134663,
    "consensus_tc_f1_avg": 0.8394082852702692,
    "consensus_typecheck_rate": 0.7848101265822784,
    "consensus_tc_typecheck_rate": 0.9936708860759493
  }
}