{
  "meta": {
    "results_paths": [
      "kimina_bestof_cycle_lenpen001_128_20_temp08_merged_start1580_2100_rescored_cpu.json"
    ],
    "feature": "tc_rate",
    "direction": "le",
    "dedupe_id": false,
    "all_consensus_f1_avg": 0.834258064322955,
    "tc_consensus_f1_avg": 0.8388771140827725
  },
  "summary": {
    "threshold_0.0": {
      "count": 163,
      "chosen_f1_avg": 0.8342580643229547,
      "chosen_typecheck_rate": 0.7730061349693251
    },
    "threshold_0.13953488372093023": {
      "count": 163,
      "chosen_f1_avg": 0.8344571503594663,
      "chosen_typecheck_rate": 0.852760736196319
    },
    "threshold_0.32786885245901637": {
      "count": 163,
      "chosen_f1_avg": 0.8353145922344065,
      "chosen_typecheck_rate": 0.9202453987730062
    },
    "threshold_0.5185185185185185": {
      "count": 163,
      "chosen_f1_avg": 0.837270531584507,
      "chosen_typecheck_rate": 0.9570552147239264
    },
    "threshold_0.6260162601626016": {
      "count": 163,
      "chosen_f1_avg": 0.8376537525440615,
      "chosen_typecheck_rate": 0.9631901840490797
    },
    "threshold_0.7052631578947368": {
      "count": 163,
      "chosen_f1_avg": 0.8375526986312704,
      "chosen_typecheck_rate": 0.9754601226993865
    },
    "threshold_0.7739130434782608": {
      "count": 163,
      "chosen_f1_avg": 0.8367937465408558,
      "chosen_typecheck_rate": 0.9877300613496932
    },
    "threshold_0.8478260869565217": {
      "count": 163,
      "chosen_f1_avg": 0.8383090047464875,
      "chosen_typecheck_rate": 0.9938650306748467
    },
    "threshold_0.898989898989899": {
      "count": 163,
      "chosen_f1_avg": 0.8385786533354217,
      "chosen_typecheck_rate": 0.9938650306748467
    },
    "threshold_0.9553571428571429": {
      "count": 163,
      "chosen_f1_avg": 0.8388771140827722,
      "chosen_typecheck_rate": 0.9938650306748467
    },
    "threshold_1.0": {
      "count": 163,
      "chosen_f1_avg": 0.8388771140827722,
      "chosen_typecheck_rate": 0.9938650306748467
    }
  }
}