{
  "meta": {
    "results_path": "kimina_bestof_cycle_lenpen001_128_20_start1640_temp08_qwen1p5_rescored_cpu.json",
    "train_results": null,
    "test_results": null,
    "folds": 5,
    "model": "ridge",
    "ridge": 0.001,
    "gbrt_estimators": 200,
    "gbrt_learning_rate": 0.05,
    "gbrt_depth": 3,
    "baseline_feature": false
  },
  "summary": {
    "count": 20,
    "baseline_f1_avg": 0.7960940806753438,
    "learned_f1_avg": 0.8620937196968244,
    "learned_tc_f1_avg": 0.8689967899434908,
    "learned_typecheck_rate": 0.9,
    "learned_tc_typecheck_rate": 1.0,
    "learned_improve_rate": 0.6,
    "learned_tc_improve_rate": 0.65,
    "avg_weights": [
      0.7705670584982787,
      0.006365071481225367,
      0.09048660781189567,
      0.020669567393280158
    ]
  }
}