{
  "meta": {
    "results_paths": [
      "kimina_bestof_cycle_lenpen001_128_20_start1580_temp08_qwen1p5_rescored_cpu.json",
      "kimina_bestof_cycle_lenpen001_128_20_start1600_temp08_qwen1p5_rescored_cpu.json",
      "kimina_bestof_cycle_lenpen001_128_20_start1620_temp08_qwen1p5_rescored_cpu.json",
      "kimina_bestof_cycle_lenpen001_128_20_start1640_temp08_qwen1p5_rescored_cpu.json",
      "kimina_bestof_cycle_lenpen001_128_20_start1660_temp08_qwen1p5_rescored_cpu.json",
      "kimina_bestof_cycle_lenpen001_128_20_start1680_temp08_qwen1p5_rescored_cpu.json",
      "kimina_bestof_cycle_lenpen001_128_20_start1700_temp08_qwen1p5_rescored_cpu.json",
      "kimina_bestof_cycle_lenpen001_128_20_start1720_temp08_qwen1p5_rescored_cpu.json",
      "kimina_bestof_cycle_lenpen001_128_20_start1740_temp08_qwen1p5_rescored_cpu.json"
    ],
    "feature": "tc_rate",
    "direction": "ge",
    "dedupe_id": false,
    "all_consensus_f1_avg": 0.8369383655859082,
    "tc_consensus_f1_avg": 0.842115623397263
  },
  "summary": {
    "threshold_0.0": {
      "count": 170,
      "chosen_f1_avg": 0.8421156233972634,
      "chosen_typecheck_rate": 0.9941176470588236
    },
    "threshold_0.1937984496124031": {
      "count": 170,
      "chosen_f1_avg": 0.8457012762372403,
      "chosen_typecheck_rate": 0.9117647058823529
    },
    "threshold_0.41739130434782606": {
      "count": 170,
      "chosen_f1_avg": 0.842639214124282,
      "chosen_typecheck_rate": 0.8529411764705882
    },
    "threshold_0.5748031496062992": {
      "count": 170,
      "chosen_f1_avg": 0.8421770486974396,
      "chosen_typecheck_rate": 0.8176470588235294
    },
    "threshold_0.6637931034482759": {
      "count": 170,
      "chosen_f1_avg": 0.8412500939427642,
      "chosen_typecheck_rate": 0.8117647058823529
    },
    "threshold_0.7380952380952381": {
      "count": 170,
      "chosen_f1_avg": 0.8398224582289554,
      "chosen_typecheck_rate": 0.8058823529411765
    },
    "threshold_0.8372093023255814": {
      "count": 170,
      "chosen_f1_avg": 0.8374491646765011,
      "chosen_typecheck_rate": 0.8
    },
    "threshold_0.8869565217391304": {
      "count": 170,
      "chosen_f1_avg": 0.837312437780078,
      "chosen_typecheck_rate": 0.8
    },
    "threshold_0.9344262295081968": {
      "count": 170,
      "chosen_f1_avg": 0.8368833754283496,
      "chosen_typecheck_rate": 0.8
    },
    "threshold_0.9682539682539683": {
      "count": 170,
      "chosen_f1_avg": 0.8369383655859084,
      "chosen_typecheck_rate": 0.8
    },
    "threshold_1.0": {
      "count": 170,
      "chosen_f1_avg": 0.8369383655859084,
      "chosen_typecheck_rate": 0.8
    }
  }
}