{
  "meta": {
    "results_path": "kimina_bestof_cycle_lenpen001_128_20_start2080_temp08_qwen1p5_rescored_cpu.json",
    "ks": [
      4,
      8,
      16,
      32,
      64
    ],
    "score_key": "length_penalized_score"
  },
  "summary": {
    "all": {
      "k_4": {
        "count": 19,
        "f1_avg": 0.7816638043328655,
        "typecheck_rate": 0.7894736842105263
      },
      "k_8": {
        "count": 19,
        "f1_avg": 0.8347134603283337,
        "typecheck_rate": 0.7894736842105263
      },
      "k_16": {
        "count": 19,
        "f1_avg": 0.8542397281936872,
        "typecheck_rate": 0.8421052631578947
      },
      "k_32": {
        "count": 18,
        "f1_avg": 0.8333866459459276,
        "typecheck_rate": 0.8333333333333334
      },
      "k_64": {
        "count": 16,
        "f1_avg": 0.8487058461393545,
        "typecheck_rate": 0.8125
      }
    },
    "tc_only": {
      "k_4": {
        "count": 19,
        "f1_avg": 0.8306347364969507,
        "typecheck_rate": 1.0
      },
      "k_8": {
        "count": 18,
        "f1_avg": 0.8605002901961174,
        "typecheck_rate": 1.0
      },
      "k_16": {
        "count": 18,
        "f1_avg": 0.8793022738964978,
        "typecheck_rate": 1.0
      },
      "k_32": {
        "count": 14,
        "f1_avg": 0.865113317405361,
        "typecheck_rate": 1.0
      },
      "k_64": {
        "count": 10,
        "f1_avg": 0.8789954174509171,
        "typecheck_rate": 1.0
      }
    }
  }
}