{
  "meta": {
    "results_paths": [
      "kimina_bestof_cycle_lenpen001_128_20_temp08_merged_start1580_2160_rescored_cpu.json"
    ],
    "feature": "pairwise",
    "direction": "le",
    "dedupe_id": false,
    "all_consensus_f1_avg": 0.8288044734296626,
    "tc_consensus_f1_avg": 0.8320590887613791
  },
  "summary": {
    "threshold_0.42080280196176717": {
      "count": 221,
      "chosen_f1_avg": 0.8292980974526978,
      "chosen_typecheck_rate": 0.8054298642533937
    },
    "threshold_0.6732286431571424": {
      "count": 221,
      "chosen_f1_avg": 0.8320908003131131,
      "chosen_typecheck_rate": 0.8371040723981901
    },
    "threshold_0.7123594465230627": {
      "count": 221,
      "chosen_f1_avg": 0.8310618569100194,
      "chosen_typecheck_rate": 0.8687782805429864
    },
    "threshold_0.7416907654087662": {
      "count": 221,
      "chosen_f1_avg": 0.8315415643313699,
      "chosen_typecheck_rate": 0.8914027149321267
    },
    "threshold_0.7587713880949939": {
      "count": 221,
      "chosen_f1_avg": 0.833084334550987,
      "chosen_typecheck_rate": 0.9095022624434389
    },
    "threshold_0.7864751613099198": {
      "count": 221,
      "chosen_f1_avg": 0.8325517720438711,
      "chosen_typecheck_rate": 0.9230769230769231
    },
    "threshold_0.804840434486935": {
      "count": 221,
      "chosen_f1_avg": 0.8315382122083232,
      "chosen_typecheck_rate": 0.9502262443438914
    },
    "threshold_0.8216158555939785": {
      "count": 221,
      "chosen_f1_avg": 0.8301644086658503,
      "chosen_typecheck_rate": 0.9638009049773756
    },
    "threshold_0.847077962727143": {
      "count": 221,
      "chosen_f1_avg": 0.8314692455889962,
      "chosen_typecheck_rate": 0.9683257918552036
    },
    "threshold_0.8709934566549208": {
      "count": 221,
      "chosen_f1_avg": 0.8318615763647382,
      "chosen_typecheck_rate": 0.9819004524886877
    },
    "threshold_0.9438914017678607": {
      "count": 221,
      "chosen_f1_avg": 0.8320590887613785,
      "chosen_typecheck_rate": 0.9864253393665159
    }
  }
}