{
  "meta": {
    "results_path": "kimina_bestof_cycle_lenpen001_128_20_start1920_temp08_qwen1p5_rescored_cpu.json"
  },
  "summary": {
    "count": 18,
    "baseline_f1_avg": 0.7705761376681783,
    "oracle_f1_avg": 0.9394310588334351,
    "oracle_tc_f1_avg": 0.8857030096696137,
    "oracle_typecheck_rate": 0.8888888888888888,
    "oracle_tc_typecheck_rate": 1.0,
    "oracle_improve_rate": 0.9444444444444444,
    "oracle_tc_improve_rate": 0.8888888888888888
  }
}