{
  "meta": {
    "results_path": "kimina_bestof_cycle_lenpen001_128_20_temp08_merged_start1580_1840_rescored_cpu.json",
    "ks": [
      4,
      8,
      16,
      32,
      64
    ],
    "trials": 30,
    "seed": 0
  },
  "summary": {
    "all": {
      "k_4": {
        "count": 3780,
        "f1_avg": 0.8077820649973313,
        "typecheck_rate": 0.7166666666666667
      },
      "k_8": {
        "count": 3780,
        "f1_avg": 0.8230561624694185,
        "typecheck_rate": 0.7462962962962963
      },
      "k_16": {
        "count": 3780,
        "f1_avg": 0.8307083587923473,
        "typecheck_rate": 0.7701058201058201
      },
      "k_32": {
        "count": 3630,
        "f1_avg": 0.8382046092325363,
        "typecheck_rate": 0.7862258953168044
      },
      "k_64": {
        "count": 3210,
        "f1_avg": 0.8351282229252036,
        "typecheck_rate": 0.7700934579439253
      }
    },
    "tc_only": {
      "k_4": {
        "count": 3690,
        "f1_avg": 0.8201954810819605,
        "typecheck_rate": 1.0
      },
      "k_8": {
        "count": 3660,
        "f1_avg": 0.8331956929694285,
        "typecheck_rate": 1.0
      },
      "k_16": {
        "count": 3450,
        "f1_avg": 0.8452423745942471,
        "typecheck_rate": 1.0
      },
      "k_32": {
        "count": 2880,
        "f1_avg": 0.8525267915503245,
        "typecheck_rate": 1.0
      },
      "k_64": {
        "count": 1770,
        "f1_avg": 0.850682676662258,
        "typecheck_rate": 1.0
      }
    }
  }
}