{
  "meta": {
    "results_paths": [
      "kimina_bestof_cycle_lenpen001_64_20_start1540_temp08_qwen1p5_rescored_cpu.json"
    ],
    "dedupe_id": false
  },
  "summary": {
    "count": 18,
    "all_consensus_f1_avg": 0.8330151955199755,
    "tc_consensus_f1_avg": 0.8274664417985131,
    "tc_better_rate": 0.05555555555555555,
    "diff_vs_tc_rate": -0.11690902000809131,
    "diff_vs_tc_count": -0.10364468745070836
  }
}