{
  "meta": {
    "results_paths": [
      "kimina_bestof_cycle_lenpen001_128_20_temp08_merged_start1580_2040_rescored_cpu.json"
    ],
    "feature": "tc_rate",
    "direction": "ge",
    "dedupe_id": false,
    "all_consensus_f1_avg": 0.8362321768134665,
    "tc_consensus_f1_avg": 0.8394082852702696
  },
  "summary": {
    "threshold_0.333": {
      "count": 158,
      "chosen_f1_avg": 0.8399074366950079,
      "chosen_typecheck_rate": 0.8607594936708861
    }
  }
}