{
  "meta": {
    "results_path": "kimina_bestof_cycle_lenpen001_64_20_start1080_temp08_qwen1p5_rescored_cpu.json"
  },
  "summary": {
    "count": 19,
    "pearson_avg": 0.19670855351174946,
    "pearson_median": 0.21344295239553385,
    "spearman_avg": 0.08618375020832562,
    "spearman_median": 0.1046772305460096
  }
}