{
  "meta": {
    "results_path": "kimina_bestof_cycle_lenpen001_128_20_start1920_temp08_qwen1p5_rescored_cpu.json"
  },
  "summary": {
    "records": 18,
    "candidate_typecheck_rate": 0.7387802071346375,
    "tc_candidate_f1_avg": 0.7650266875555815,
    "non_tc_candidate_f1_avg": 0.7674651086334467,
    "max_tc_f1_avg": 0.8857030096696137,
    "max_non_tc_f1_avg": 0.8446530234066547,
    "records_with_tc": 18,
    "records_with_non_tc": 18,
    "records_with_both": 18
  }
}