{
  "meta": {
    "results_path": "kimina_bestof_cycle_lenpen001_128_20_start2060_temp08_qwen1p5_rescored_cpu.json",
    "ks": [
      4,
      8,
      16,
      32,
      64
    ],
    "score_key": "length_penalized_score"
  },
  "summary": {
    "all": {
      "k_4": {
        "count": 19,
        "f1_avg": 0.823240508174612,
        "typecheck_rate": 0.6842105263157895
      },
      "k_8": {
        "count": 19,
        "f1_avg": 0.8551908062139858,
        "typecheck_rate": 0.7368421052631579
      },
      "k_16": {
        "count": 19,
        "f1_avg": 0.8634075049788027,
        "typecheck_rate": 0.7894736842105263
      },
      "k_32": {
        "count": 19,
        "f1_avg": 0.8608822944263624,
        "typecheck_rate": 0.8947368421052632
      },
      "k_64": {
        "count": 14,
        "f1_avg": 0.8362174270306973,
        "typecheck_rate": 0.9285714285714286
      }
    },
    "tc_only": {
      "k_4": {
        "count": 19,
        "f1_avg": 0.8455619910994905,
        "typecheck_rate": 1.0
      },
      "k_8": {
        "count": 18,
        "f1_avg": 0.8748703489148717,
        "typecheck_rate": 1.0
      },
      "k_16": {
        "count": 18,
        "f1_avg": 0.8733482576364856,
        "typecheck_rate": 1.0
      },
      "k_32": {
        "count": 15,
        "f1_avg": 0.8797479007399699,
        "typecheck_rate": 1.0
      },
      "k_64": {
        "count": 10,
        "f1_avg": 0.8449778341335902,
        "typecheck_rate": 1.0
      }
    }
  }
}