{
  "meta": {
    "results_path": "kimina_bestof_cycle_lenpen001_64_20_start1200_temp08_qwen1p5_rescored_cpu.json"
  },
  "summary": {
    "alpha_0.0": {
      "count": 20,
      "all_f1_avg": 0.7722356238624046,
      "all_typecheck_rate": 0.7,
      "tc_f1_avg": 0.7986580791333582,
      "tc_typecheck_rate": 1.0
    },
    "alpha_0.001": {
      "count": 20,
      "all_f1_avg": 0.7616026831866126,
      "all_typecheck_rate": 0.65,
      "tc_f1_avg": 0.767552114764444,
      "tc_typecheck_rate": 1.0
    },
    "alpha_0.002": {
      "count": 20,
      "all_f1_avg": 0.7587524084613378,
      "all_typecheck_rate": 0.65,
      "tc_f1_avg": 0.767552114764444,
      "tc_typecheck_rate": 1.0
    },
    "alpha_0.005": {
      "count": 20,
      "all_f1_avg": 0.6592381624951292,
      "all_typecheck_rate": 0.7,
      "tc_f1_avg": 0.7260444828782812,
      "tc_typecheck_rate": 1.0
    },
    "alpha_0.01": {
      "count": 20,
      "all_f1_avg": 0.6413837989453769,
      "all_typecheck_rate": 0.65,
      "tc_f1_avg": 0.7149267955584656,
      "tc_typecheck_rate": 1.0
    },
    "alpha_0.02": {
      "count": 20,
      "all_f1_avg": 0.5785934141605077,
      "all_typecheck_rate": 0.6,
      "tc_f1_avg": 0.6685359088063874,
      "tc_typecheck_rate": 1.0
    }
  }
}