{
  "meta": {
    "results_paths": [
      "kimina_bestof_cycle_lenpen001_128_20_temp08_merged_start1580_2240_rescored_cpu.json"
    ],
    "feature": "pairwise",
    "direction": "ge",
    "dedupe_id": false,
    "all_consensus_f1_avg": 0.8366424493576269,
    "tc_consensus_f1_avg": 0.8362946379006857
  },
  "summary": {
    "threshold_0.42080280196176717": {
      "count": 650,
      "chosen_f1_avg": 0.8362946379006871,
      "chosen_typecheck_rate": 0.9953846153846154
    },
    "threshold_0.6769808424067127": {
      "count": 650,
      "chosen_f1_avg": 0.8334166121347532,
      "chosen_typecheck_rate": 0.9569230769230769
    },
    "threshold_0.7199670057594706": {
      "count": 650,
      "chosen_f1_avg": 0.833579660147269,
      "chosen_typecheck_rate": 0.9353846153846154
    },
    "threshold_0.7473636599326239": {
      "count": 650,
      "chosen_f1_avg": 0.8332995487563534,
      "chosen_typecheck_rate": 0.916923076923077
    },
    "threshold_0.7721563561375648": {
      "count": 650,
      "chosen_f1_avg": 0.833204158956238,
      "chosen_typecheck_rate": 0.9076923076923077
    },
    "threshold_0.791220428338768": {
      "count": 650,
      "chosen_f1_avg": 0.8361683215381528,
      "chosen_typecheck_rate": 0.8830769230769231
    },
    "threshold_0.8094893445503898": {
      "count": 650,
      "chosen_f1_avg": 0.8381515463967876,
      "chosen_typecheck_rate": 0.8692307692307693
    },
    "threshold_0.8362326580520075": {
      "count": 650,
      "chosen_f1_avg": 0.8382823079295092,
      "chosen_typecheck_rate": 0.86
    },
    "threshold_0.8520072874662724": {
      "count": 650,
      "chosen_f1_avg": 0.8368881087289758,
      "chosen_typecheck_rate": 0.84
    },
    "threshold_0.8747875330818274": {
      "count": 650,
      "chosen_f1_avg": 0.8368648173691904,
      "chosen_typecheck_rate": 0.8292307692307692
    },
    "threshold_0.9438914017678607": {
      "count": 650,
      "chosen_f1_avg": 0.836642449357628,
      "chosen_typecheck_rate": 0.8246153846153846
    }
  }
}