{
  "meta": {
    "results_path": "kimina_bestof_cycle_lenpen001_128_20_start2140_temp08_qwen1p5_rescored_cpu.json"
  },
  "summary": {
    "alpha_0.0": {
      "count": 19,
      "all_f1_avg": 0.7805618926673623,
      "all_typecheck_rate": 0.7368421052631579,
      "tc_f1_avg": 0.7880155277006057,
      "tc_typecheck_rate": 0.9473684210526315
    },
    "alpha_0.001": {
      "count": 19,
      "all_f1_avg": 0.7681926151033641,
      "all_typecheck_rate": 0.6842105263157895,
      "tc_f1_avg": 0.7891018347996226,
      "tc_typecheck_rate": 0.9473684210526315
    },
    "alpha_0.002": {
      "count": 19,
      "all_f1_avg": 0.7730120146649534,
      "all_typecheck_rate": 0.7368421052631579,
      "tc_f1_avg": 0.7956725481913622,
      "tc_typecheck_rate": 0.9473684210526315
    },
    "alpha_0.005": {
      "count": 19,
      "all_f1_avg": 0.7356819747680362,
      "all_typecheck_rate": 0.6842105263157895,
      "tc_f1_avg": 0.7403999245623877,
      "tc_typecheck_rate": 0.9473684210526315
    },
    "alpha_0.01": {
      "count": 19,
      "all_f1_avg": 0.6888633671379345,
      "all_typecheck_rate": 0.6842105263157895,
      "tc_f1_avg": 0.6862727728280061,
      "tc_typecheck_rate": 0.9473684210526315
    },
    "alpha_0.02": {
      "count": 19,
      "all_f1_avg": 0.6026241929879855,
      "all_typecheck_rate": 0.5263157894736842,
      "tc_f1_avg": 0.6261255316172027,
      "tc_typecheck_rate": 0.9473684210526315
    }
  }
}