{
  "meta": {
    "results_path": "kimina_bestof_cycle_lenpen001_temp08_merged_64_128_rescored.json",
    "train_results": null,
    "test_results": null,
    "folds": 5,
    "model": "ridge",
    "ridge": 0.001,
    "gbrt_estimators": 200,
    "gbrt_learning_rate": 0.05,
    "gbrt_depth": 3,
    "baseline_feature": false,
    "forward_feature": false,
    "embed_consensus": false,
    "context_interactions": false,
    "extra_candidate_features": true,
    "numeric_features": false,
    "nl_number_features": true,
    "nl_number_detail": false,
    "embed_model_id": null,
    "embed_batch_size": null,
    "embed_max_length": null,
    "embed_device": null
  },
  "summary": {
    "count": 859,
    "baseline_f1_avg": 0.7740837768437162,
    "learned_f1_avg": 0.8413167269741154,
    "learned_tc_f1_avg": 0.8366339913095452,
    "learned_typecheck_rate": 0.9720605355064028,
    "learned_tc_typecheck_rate": 0.9953434225844005,
    "learned_improve_rate": 0.6519208381839348,
    "learned_tc_improve_rate": 0.6495925494761351,
    "feature_names": [
      "bias",
      "len_z",
      "cons_z",
      "typecheck",
      "lenpen_z",
      "cycle_rank",
      "len_rank",
      "cons_rank",
      "tc_cons_z",
      "tc_cons_rank",
      "nl_num_f1_z"
    ],
    "avg_weights": [
      0.7176582413827169,
      0.00727878294370479,
      0.054148820168374676,
      0.04260047356663536,
      0.009888180388007034,
      0.012146003820902047,
      -0.0006874568444552616,
      0.019084386951889576,
      0.0203905741640312,
      0.002346160479182564,
      0.007336700663209836
    ]
  }
}