{
  "meta": {
    "results_paths": [
      "kimina_bestof_cycle_lenpen001_128_20_start1740_temp08_qwen1p5_rescored_cpu.json"
    ],
    "feature": "tc_count",
    "direction": "ge",
    "dedupe_id": false,
    "all_consensus_f1_avg": 0.8247617519853796,
    "tc_consensus_f1_avg": 0.8264202174391087
  },
  "summary": {
    "threshold_2.0": {
      "count": 18,
      "chosen_f1_avg": 0.8264202174391085,
      "chosen_typecheck_rate": 1.0
    },
    "threshold_20.0": {
      "count": 18,
      "chosen_f1_avg": 0.8371763115941013,
      "chosen_typecheck_rate": 0.8888888888888888
    },
    "threshold_27.0": {
      "count": 18,
      "chosen_f1_avg": 0.8371763115941013,
      "chosen_typecheck_rate": 0.8888888888888888
    },
    "threshold_49.0": {
      "count": 18,
      "chosen_f1_avg": 0.8280299701306867,
      "chosen_typecheck_rate": 0.8888888888888888
    },
    "threshold_65.0": {
      "count": 18,
      "chosen_f1_avg": 0.8234075589172053,
      "chosen_typecheck_rate": 0.8333333333333334
    },
    "threshold_67.0": {
      "count": 18,
      "chosen_f1_avg": 0.8234075589172053,
      "chosen_typecheck_rate": 0.8333333333333334
    },
    "threshold_86.0": {
      "count": 18,
      "chosen_f1_avg": 0.8234075589172053,
      "chosen_typecheck_rate": 0.8333333333333334
    },
    "threshold_100.0": {
      "count": 18,
      "chosen_f1_avg": 0.8258540420976334,
      "chosen_typecheck_rate": 0.8333333333333334
    },
    "threshold_102.0": {
      "count": 18,
      "chosen_f1_avg": 0.8247617519853796,
      "chosen_typecheck_rate": 0.8333333333333334
    },
    "threshold_108.0": {
      "count": 18,
      "chosen_f1_avg": 0.8247617519853796,
      "chosen_typecheck_rate": 0.8333333333333334
    },
    "threshold_120.0": {
      "count": 18,
      "chosen_f1_avg": 0.8247617519853796,
      "chosen_typecheck_rate": 0.8333333333333334
    }
  }
}