{
  "meta": {
    "results_paths": [
      "kimina_bestof_cycle_lenpen001_128_20_start1580_temp08_qwen1p5_rescored_cpu.json",
      "kimina_bestof_cycle_lenpen001_128_20_start1600_temp08_qwen1p5_rescored_cpu.json",
      "kimina_bestof_cycle_lenpen001_128_20_start1620_temp08_qwen1p5_rescored_cpu.json",
      "kimina_bestof_cycle_lenpen001_128_20_start1640_temp08_qwen1p5_rescored_cpu.json",
      "kimina_bestof_cycle_lenpen001_128_20_start1660_temp08_qwen1p5_rescored_cpu.json",
      "kimina_bestof_cycle_lenpen001_128_20_start1680_temp08_qwen1p5_rescored_cpu.json",
      "kimina_bestof_cycle_lenpen001_128_20_start1700_temp08_qwen1p5_rescored_cpu.json",
      "kimina_bestof_cycle_lenpen001_128_20_start1720_temp08_qwen1p5_rescored_cpu.json"
    ],
    "feature": "tc_rate",
    "direction": "ge",
    "dedupe_id": false,
    "all_consensus_f1_avg": 0.8383803329859708,
    "tc_consensus_f1_avg": 0.8439742898923075
  },
  "summary": {
    "threshold_0.0": {
      "count": 152,
      "chosen_f1_avg": 0.8439742898923075,
      "chosen_typecheck_rate": 0.993421052631579
    },
    "threshold_0.1937984496124031": {
      "count": 152,
      "chosen_f1_avg": 0.8467108115239272,
      "chosen_typecheck_rate": 0.9144736842105263
    },
    "threshold_0.37254901960784315": {
      "count": 152,
      "chosen_f1_avg": 0.8443768110908074,
      "chosen_typecheck_rate": 0.8552631578947368
    },
    "threshold_0.532608695652174": {
      "count": 152,
      "chosen_f1_avg": 0.8424423057120238,
      "chosen_typecheck_rate": 0.8157894736842105
    },
    "threshold_0.6623376623376623": {
      "count": 152,
      "chosen_f1_avg": 0.8419972869646203,
      "chosen_typecheck_rate": 0.8157894736842105
    },
    "threshold_0.7321428571428571": {
      "count": 152,
      "chosen_f1_avg": 0.8408239346473861,
      "chosen_typecheck_rate": 0.8026315789473685
    },
    "threshold_0.8333333333333334": {
      "count": 152,
      "chosen_f1_avg": 0.8392778422271645,
      "chosen_typecheck_rate": 0.8026315789473685
    },
    "threshold_0.90625": {
      "count": 152,
      "chosen_f1_avg": 0.8386388907164516,
      "chosen_typecheck_rate": 0.7960526315789473
    },
    "threshold_0.9351851851851852": {
      "count": 152,
      "chosen_f1_avg": 0.8383803329859705,
      "chosen_typecheck_rate": 0.7960526315789473
    },
    "threshold_0.9722222222222222": {
      "count": 152,
      "chosen_f1_avg": 0.8383803329859705,
      "chosen_typecheck_rate": 0.7960526315789473
    },
    "threshold_1.0": {
      "count": 152,
      "chosen_f1_avg": 0.8383803329859705,
      "chosen_typecheck_rate": 0.7960526315789473
    }
  }
}