{
  "meta": {
    "results_path": "kimina_bestof_cycle_lenpen001_128_20_temp08_merged_start1580_1800_rescored_cpu.json"
  },
  "summary": {
    "count": 116,
    "baseline_f1_avg": 0.7723059810036738,
    "consensus_f1_avg": 0.8390933401046852,
    "consensus_tc_f1_avg": 0.844353546323052,
    "consensus_typecheck_rate": 0.7844827586206896,
    "consensus_tc_typecheck_rate": 0.9913793103448276
  }
}