{
  "meta": {
    "results_path": "kimina_bestof_cycle_lenpen001_128_20_start2120_temp08_qwen1p5_rescored_cpu.json"
  },
  "summary": {
    "count": 19,
    "pearson_avg": 0.34997103347070596,
    "pearson_median": 0.40358530768606615,
    "spearman_avg": 0.1484198547113232,
    "spearman_median": 0.1550142773867654
  }
}