{
  "meta": {
    "results_paths": [
      "kimina_bestof_cycle_lenpen001_128_20_start1980_temp08_qwen1p5_rescored_cpu.json"
    ],
    "dedupe_id": false
  },
  "summary": {
    "count": 20,
    "all_consensus_f1_avg": 0.7896241689833599,
    "tc_consensus_f1_avg": 0.8088527115896678,
    "tc_better_rate": 0.2,
    "diff_vs_tc_rate": -0.4163908848620488,
    "diff_vs_tc_count": -0.32283538175898846
  }
}