{
  "meta": {
    "results_path": "kimina_bestof_cycle_lenpen001_128_20_start1620_temp08_qwen1p5_rescored_cpu.json"
  },
  "summary": {
    "alpha_0.0": {
      "count": 20,
      "all_f1_avg": 0.7325830025706712,
      "all_typecheck_rate": 0.35,
      "tc_f1_avg": 0.7402385792666324,
      "tc_typecheck_rate": 0.95
    },
    "alpha_0.001": {
      "count": 20,
      "all_f1_avg": 0.7205737494777877,
      "all_typecheck_rate": 0.3,
      "tc_f1_avg": 0.7402385792666324,
      "tc_typecheck_rate": 0.95
    },
    "alpha_0.002": {
      "count": 20,
      "all_f1_avg": 0.7165259684593525,
      "all_typecheck_rate": 0.25,
      "tc_f1_avg": 0.7402385792666324,
      "tc_typecheck_rate": 0.95
    },
    "alpha_0.005": {
      "count": 20,
      "all_f1_avg": 0.7217403269552327,
      "all_typecheck_rate": 0.35,
      "tc_f1_avg": 0.7431712225793624,
      "tc_typecheck_rate": 0.95
    },
    "alpha_0.01": {
      "count": 20,
      "all_f1_avg": 0.672757634909262,
      "all_typecheck_rate": 0.45,
      "tc_f1_avg": 0.7017716504249092,
      "tc_typecheck_rate": 0.95
    },
    "alpha_0.02": {
      "count": 20,
      "all_f1_avg": 0.5818231187711798,
      "all_typecheck_rate": 0.55,
      "tc_f1_avg": 0.5807901192372066,
      "tc_typecheck_rate": 0.95
    }
  }
}