{
  "meta": {
    "results_paths": [
      "kimina_bestof_cycle_lenpen001_64_20_start860_temp08_qwen1p5_rescored_cpu.json"
    ],
    "dedupe_id": false
  },
  "summary": {
    "count": 20,
    "all_consensus_f1_avg": 0.8407612197499296,
    "tc_consensus_f1_avg": 0.8548836726932396,
    "tc_better_rate": 0.3,
    "diff_vs_tc_rate": -0.4754457185019766,
    "diff_vs_tc_count": -0.3478997124711061
  }
}