{
  "meta": {
    "results_path": "kimina_bestof_cycle_lenpen001_128_20_start1700_temp08_qwen1p5_rescored_cpu.json"
  },
  "summary": {
    "count": 19,
    "baseline_f1_avg": 0.7673047688846943,
    "consensus_f1_avg": 0.7990340374340527,
    "consensus_tc_f1_avg": 0.8041206207665381,
    "consensus_typecheck_rate": 0.7368421052631579,
    "consensus_tc_typecheck_rate": 1.0
  }
}