{
  "meta": {
    "results_path": "kimina_bestof_cycle_lenpen001_16_100_start500_rescored_qwen7b.json"
  },
  "summary": {
    "alpha_0.0": {
      "count": 72,
      "all_f1_avg": 0.7502582177607097,
      "all_typecheck_rate": 0.6805555555555556,
      "tc_f1_avg": 0.75841505169192,
      "tc_typecheck_rate": 0.8472222222222222
    },
    "alpha_0.001": {
      "count": 72,
      "all_f1_avg": 0.7499881372767253,
      "all_typecheck_rate": 0.6805555555555556,
      "tc_f1_avg": 0.7581449712079358,
      "tc_typecheck_rate": 0.8472222222222222
    },
    "alpha_0.002": {
      "count": 72,
      "all_f1_avg": 0.749828609365309,
      "all_typecheck_rate": 0.6666666666666666,
      "tc_f1_avg": 0.7586558657047829,
      "tc_typecheck_rate": 0.8472222222222222
    },
    "alpha_0.005": {
      "count": 72,
      "all_f1_avg": 0.7561621470077934,
      "all_typecheck_rate": 0.7083333333333334,
      "tc_f1_avg": 0.754961182174448,
      "tc_typecheck_rate": 0.8472222222222222
    },
    "alpha_0.01": {
      "count": 72,
      "all_f1_avg": 0.7525558574290392,
      "all_typecheck_rate": 0.6944444444444444,
      "tc_f1_avg": 0.7535151344231035,
      "tc_typecheck_rate": 0.8472222222222222
    },
    "alpha_0.02": {
      "count": 72,
      "all_f1_avg": 0.7517906759393134,
      "all_typecheck_rate": 0.6805555555555556,
      "tc_f1_avg": 0.7499306715123139,
      "tc_typecheck_rate": 0.8472222222222222
    }
  }
}