{
  "meta": {
    "results_path": "kimina_bestof_cycle_lenpen001_16_100_start500_qwen1p5.json"
  },
  "summary": {
    "alpha_0.0": {
      "count": 72,
      "all_f1_avg": 0.7648476483574662,
      "all_typecheck_rate": 0.7361111111111112,
      "tc_f1_avg": 0.7603642000454027,
      "tc_typecheck_rate": 0.8472222222222222
    },
    "alpha_0.001": {
      "count": 72,
      "all_f1_avg": 0.744958481661222,
      "all_typecheck_rate": 0.7083333333333334,
      "tc_f1_avg": 0.7522975587879416,
      "tc_typecheck_rate": 0.8472222222222222
    },
    "alpha_0.002": {
      "count": 72,
      "all_f1_avg": 0.744958481661222,
      "all_typecheck_rate": 0.7083333333333334,
      "tc_f1_avg": 0.7522975587879416,
      "tc_typecheck_rate": 0.8472222222222222
    },
    "alpha_0.005": {
      "count": 72,
      "all_f1_avg": 0.744958481661222,
      "all_typecheck_rate": 0.7083333333333334,
      "tc_f1_avg": 0.7522975587879416,
      "tc_typecheck_rate": 0.8472222222222222
    },
    "alpha_0.01": {
      "count": 72,
      "all_f1_avg": 0.744958481661222,
      "all_typecheck_rate": 0.7083333333333334,
      "tc_f1_avg": 0.7522975587879416,
      "tc_typecheck_rate": 0.8472222222222222
    },
    "alpha_0.02": {
      "count": 72,
      "all_f1_avg": 0.744958481661222,
      "all_typecheck_rate": 0.7083333333333334,
      "tc_f1_avg": 0.7522975587879416,
      "tc_typecheck_rate": 0.8472222222222222
    }
  }
}