{
  "meta": {
    "results_paths": [
      "kimina_bestof_cycle_lenpen001_128_20_temp08_merged_start1580_2260_rescored_cpu.json"
    ],
    "feature": "tc_rate",
    "direction": "ge",
    "dedupe_id": false,
    "all_consensus_f1_avg": 0.8354716107569197,
    "tc_consensus_f1_avg": 0.8350599926671755
  },
  "summary": {
    "threshold_0.0": {
      "count": 668,
      "chosen_f1_avg": 0.8350599926671766,
      "chosen_typecheck_rate": 0.9955089820359282
    },
    "threshold_0.23255813953488372": {
      "count": 668,
      "chosen_f1_avg": 0.8383506216983165,
      "chosen_typecheck_rate": 0.9161676646706587
    },
    "threshold_0.44776119402985076": {
      "count": 668,
      "chosen_f1_avg": 0.8359181236495539,
      "chosen_typecheck_rate": 0.8607784431137725
    },
    "threshold_0.6046511627906976": {
      "count": 668,
      "chosen_f1_avg": 0.8356239863448761,
      "chosen_typecheck_rate": 0.8473053892215568
    },
    "threshold_0.7051282051282052": {
      "count": 668,
      "chosen_f1_avg": 0.835189804349863,
      "chosen_typecheck_rate": 0.8353293413173652
    },
    "threshold_0.78125": {
      "count": 668,
      "chosen_f1_avg": 0.835093026010101,
      "chosen_typecheck_rate": 0.8293413173652695
    },
    "threshold_0.85": {
      "count": 668,
      "chosen_f1_avg": 0.8348233254605009,
      "chosen_typecheck_rate": 0.8263473053892215
    },
    "threshold_0.889763779527559": {
      "count": 668,
      "chosen_f1_avg": 0.8348318680743964,
      "chosen_typecheck_rate": 0.8263473053892215
    },
    "threshold_0.9298245614035088": {
      "count": 668,
      "chosen_f1_avg": 0.8349517096528553,
      "chosen_typecheck_rate": 0.8263473053892215
    },
    "threshold_0.9682539682539683": {
      "count": 668,
      "chosen_f1_avg": 0.8354716107569204,
      "chosen_typecheck_rate": 0.8263473053892215
    },
    "threshold_1.0": {
      "count": 668,
      "chosen_f1_avg": 0.8354716107569204,
      "chosen_typecheck_rate": 0.8263473053892215
    }
  }
}