{
  "meta": {
    "results_path": "kimina_bestof_cycle_lenpen001_64_20_start1420_temp08_qwen1p5_rescored_cpu.json"
  },
  "summary": {
    "alpha_0.0": {
      "count": 19,
      "all_f1_avg": 0.7628260578732946,
      "all_typecheck_rate": 0.5263157894736842,
      "tc_f1_avg": 0.8011158899656787,
      "tc_typecheck_rate": 1.0
    },
    "alpha_0.001": {
      "count": 19,
      "all_f1_avg": 0.7523990187519602,
      "all_typecheck_rate": 0.5789473684210527,
      "tc_f1_avg": 0.7932688842864581,
      "tc_typecheck_rate": 1.0
    },
    "alpha_0.002": {
      "count": 19,
      "all_f1_avg": 0.756916868158535,
      "all_typecheck_rate": 0.5789473684210527,
      "tc_f1_avg": 0.7996275753066192,
      "tc_typecheck_rate": 1.0
    },
    "alpha_0.005": {
      "count": 19,
      "all_f1_avg": 0.7360898452312702,
      "all_typecheck_rate": 0.5263157894736842,
      "tc_f1_avg": 0.7991264220941757,
      "tc_typecheck_rate": 1.0
    },
    "alpha_0.01": {
      "count": 19,
      "all_f1_avg": 0.6561369717079725,
      "all_typecheck_rate": 0.3684210526315789,
      "tc_f1_avg": 0.7464422781394879,
      "tc_typecheck_rate": 1.0
    },
    "alpha_0.02": {
      "count": 19,
      "all_f1_avg": 0.6331684702490791,
      "all_typecheck_rate": 0.42105263157894735,
      "tc_f1_avg": 0.7102974932422615,
      "tc_typecheck_rate": 1.0
    }
  }
}