{
  "meta": {
    "results_path": "kimina_bestof_cycle_lenpen001_128_20_start1740_temp08_qwen1p5_rescored_cpu.json"
  },
  "summary": {
    "count": 18,
    "baseline_f1_avg": 0.8103249274160841,
    "consensus_f1_avg": 0.8247617519853796,
    "consensus_tc_f1_avg": 0.8264202174391085,
    "consensus_typecheck_rate": 0.8333333333333334,
    "consensus_tc_typecheck_rate": 1.0
  }
}