{
  "meta": {
    "results_path": "kimina_bestof_cycle_lenpen001_128_20_start2220_temp08_qwen1p5_rescored_cpu.json"
  },
  "summary": {
    "count": 19,
    "baseline_f1_avg": 0.7608924196464966,
    "oracle_f1_avg": 0.9095830491336008,
    "oracle_tc_f1_avg": 0.8619326073285557,
    "oracle_typecheck_rate": 0.7368421052631579,
    "oracle_tc_typecheck_rate": 1.0,
    "oracle_improve_rate": 0.8421052631578947,
    "oracle_tc_improve_rate": 0.7368421052631579
  }
}