{
  "meta": {
    "results_path": "kimina_bestof_cycle_lenpen001_128_20_start2240_temp08_qwen1p5_rescored_cpu.json",
    "ks": [
      4,
      8,
      16,
      32,
      64
    ],
    "trials": 30,
    "seed": 0
  },
  "summary": {
    "all": {
      "k_4": {
        "count": 600,
        "f1_avg": 0.8534979709207045,
        "typecheck_rate": 0.8516666666666667
      },
      "k_8": {
        "count": 600,
        "f1_avg": 0.8652713503344355,
        "typecheck_rate": 0.865
      },
      "k_16": {
        "count": 600,
        "f1_avg": 0.8696652765850909,
        "typecheck_rate": 0.8666666666666667
      },
      "k_32": {
        "count": 510,
        "f1_avg": 0.8619345434891864,
        "typecheck_rate": 0.8313725490196079
      },
      "k_64": {
        "count": 390,
        "f1_avg": 0.859659171842429,
        "typecheck_rate": 0.8128205128205128
      }
    },
    "tc_only": {
      "k_4": {
        "count": 600,
        "f1_avg": 0.8581771400351723,
        "typecheck_rate": 1.0
      },
      "k_8": {
        "count": 600,
        "f1_avg": 0.8698629988882491,
        "typecheck_rate": 1.0
      },
      "k_16": {
        "count": 600,
        "f1_avg": 0.8786280385600702,
        "typecheck_rate": 1.0
      },
      "k_32": {
        "count": 450,
        "f1_avg": 0.8600425235292631,
        "typecheck_rate": 1.0
      },
      "k_64": {
        "count": 240,
        "f1_avg": 0.8906053460369618,
        "typecheck_rate": 1.0
      }
    }
  }
}