{
  "meta": {
    "results_paths": [
      "kimina_bestof_cycle_lenpen001_64_20_start1120_temp08_qwen1p5_rescored_cpu.json"
    ],
    "dedupe_id": false
  },
  "summary": {
    "count": 18,
    "baseline_f1_avg": 0.8032118631568306,
    "consensus_f1_avg": 0.8622545667005133,
    "oracle_f1_avg": 0.9332142599351552,
    "consensus_improve_rate": 0.6666666666666666,
    "correlations": {
      "improve_vs_count": 0.338618185787735,
      "improve_vs_tc_rate": 0.018330435740447754,
      "improve_vs_pairwise": 0.006621386094108626,
      "improve_vs_pairwise_tc": -0.15449924969285628,
      "improve_vs_consensus_margin": 0.2624294537865069,
      "improve_vs_baseline_f1": -0.5359494424272933,
      "oracle_improve_vs_count": 0.3313219563575692,
      "oracle_improve_vs_pairwise": -0.683947260166819
    }
  }
}