{
  "meta": {
    "results_path": "kimina_bestof_cycle_lenpen001_16_100_start500_rescored_qwen7b.json"
  },
  "summary": {
    "count": 72,
    "baseline_f1_avg": 0.7461279227432389,
    "oracle_f1_avg": 0.8025436580491249,
    "oracle_tc_f1_avg": 0.7930191639940518,
    "oracle_typecheck_rate": 0.7777777777777778,
    "oracle_tc_typecheck_rate": 0.8472222222222222,
    "oracle_improve_rate": 0.6111111111111112,
    "oracle_tc_improve_rate": 0.5694444444444444
  }
}