{
  "meta": {
    "results_path": "kimina_bestof_cycle_lenpen001_16_100_start500_rescored_qwen7b.json"
  },
  "summary": {
    "count": 72,
    "baseline_f1_avg": 0.7461279227432389,
    "consensus_f1_avg": 0.7523069857903963,
    "consensus_tc_f1_avg": 0.7620462360682513,
    "consensus_typecheck_rate": 0.75,
    "consensus_tc_typecheck_rate": 0.8472222222222222
  }
}