{
  "meta": {
    "results_paths": [
      "kimina_bestof_cycle_lenpen001_64_20_start800_temp08_qwen1p5_rescored_cpu.json"
    ],
    "dedupe_id": false
  },
  "summary": {
    "count": 18,
    "all_consensus_f1_avg": 0.7927060178589653,
    "tc_consensus_f1_avg": 0.7935623252942201,
    "tc_better_rate": 0.11764705882352941,
    "diff_vs_tc_rate": -0.3521626627530212,
    "diff_vs_tc_count": -0.2664296811204989
  }
}