{
  "meta": {
    "results_paths": [
      "kimina_bestof_cycle_lenpen001_128_20_temp08_merged_start1580_2020_rescored_cpu.json"
    ],
    "feature": "tc_rate",
    "direction": "ge",
    "dedupe_id": false,
    "all_consensus_f1_avg": 0.8353384402668317,
    "tc_consensus_f1_avg": 0.8403639965573493
  },
  "summary": {
    "threshold_0.333": {
      "count": 156,
      "chosen_f1_avg": 0.8408695473593278,
      "chosen_typecheck_rate": 0.8653846153846154
    }
  }
}