{
  "meta": {
    "results_path": "kimina_bestof_cycle_lenpen001_128_20_start2060_temp08_qwen1p5_rescored_cpu.json"
  },
  "summary": {
    "count": 19,
    "baseline_f1_avg": 0.7552331974247328,
    "consensus_f1_avg": 0.8644198793860903,
    "consensus_tc_f1_avg": 0.8531775215067703,
    "consensus_typecheck_rate": 0.8947368421052632,
    "consensus_tc_typecheck_rate": 1.0
  }
}