{
  "meta": {
    "results_paths": [
      "kimina_bestof_cycle_lenpen001_128_20_start2020_temp08_qwen1p5_rescored_cpu.json"
    ],
    "feature": "tc_count",
    "direction": "ge",
    "dedupe_id": false,
    "all_consensus_f1_avg": 0.8859841481660025,
    "tc_consensus_f1_avg": 0.8767213897398084
  },
  "summary": {
    "threshold_17.0": {
      "count": 19,
      "chosen_f1_avg": 0.8767213897398084,
      "chosen_typecheck_rate": 1.0
    },
    "threshold_24.0": {
      "count": 19,
      "chosen_f1_avg": 0.8753454007477202,
      "chosen_typecheck_rate": 0.9473684210526315
    },
    "threshold_37.0": {
      "count": 19,
      "chosen_f1_avg": 0.8782546761748155,
      "chosen_typecheck_rate": 0.8947368421052632
    },
    "threshold_38.0": {
      "count": 19,
      "chosen_f1_avg": 0.8782546761748155,
      "chosen_typecheck_rate": 0.8421052631578947
    },
    "threshold_47.0": {
      "count": 19,
      "chosen_f1_avg": 0.8782546761748155,
      "chosen_typecheck_rate": 0.8421052631578947
    },
    "threshold_52.0": {
      "count": 19,
      "chosen_f1_avg": 0.8782546761748155,
      "chosen_typecheck_rate": 0.8421052631578947
    },
    "threshold_61.0": {
      "count": 19,
      "chosen_f1_avg": 0.8859841481660025,
      "chosen_typecheck_rate": 0.7894736842105263
    },
    "threshold_87.0": {
      "count": 19,
      "chosen_f1_avg": 0.8859841481660025,
      "chosen_typecheck_rate": 0.7894736842105263
    },
    "threshold_88.0": {
      "count": 19,
      "chosen_f1_avg": 0.8859841481660025,
      "chosen_typecheck_rate": 0.7894736842105263
    },
    "threshold_93.0": {
      "count": 19,
      "chosen_f1_avg": 0.8859841481660025,
      "chosen_typecheck_rate": 0.7894736842105263
    },
    "threshold_97.0": {
      "count": 19,
      "chosen_f1_avg": 0.8859841481660025,
      "chosen_typecheck_rate": 0.7894736842105263
    }
  }
}