{
  "meta": {
    "results_path": "kimina_bestof_cycle_lenpen001_64_20_start1020_temp08_qwen1p5_rescored_cpu.json"
  },
  "summary": {
    "count": 17,
    "pearson_avg": 0.3410348474815428,
    "pearson_median": 0.29846763236175444,
    "spearman_avg": 0.2583898044741279,
    "spearman_median": 0.2841774896074712
  }
}