{
  "meta": {
    "train_paths": [
      "kimina_bestof_cycle_lenpen001_128_20_temp08_merged_start1580_2260_rescored_cpu.json"
    ],
    "test_paths": [
      "kimina_bestof_cycle_lenpen001_64_20_temp08_merged_start740_1460_rescored_cpu.json"
    ],
    "model": "ridge",
    "ridge": 0.001,
    "gbrt_params": {
      "n_estimators": 200,
      "learning_rate": 0.05,
      "max_depth": 3
    },
    "extra_stats": false,
    "tune_threshold": true
  },
  "summary": {
    "count": 172,
    "gate_f1_avg": 0.8280511685534507,
    "all_f1_avg": 0.82232874080719,
    "tc_f1_avg": 0.8223773514840435,
    "gate_typecheck_rate": 0.9534883720930233,
    "choose_tc_rate": 0.7674418604651163,
    "choose_all_rate": 0.2325581395348837,
    "threshold": -0.004952767008197987,
    "weights": [
      0.0,
      -0.03963213061723429,
      0.042810023604034825,
      -0.044594877101285645,
      -0.03353968397719956,
      0.05408631451095937,
      0.004930372032919126
    ]
  }
}