{
  "meta": {
    "results_path": "kimina_bestof_cycle_lenpen001_128_20_start1920_temp08_qwen1p5_rescored_cpu.json"
  },
  "summary": {
    "count": 18,
    "baseline_f1_avg": 0.7705761376681783,
    "consensus_f1_avg": 0.8291877745130857,
    "consensus_tc_f1_avg": 0.7716229976732246,
    "consensus_typecheck_rate": 0.8333333333333334,
    "consensus_tc_typecheck_rate": 1.0
  }
}