{
  "meta": {
    "results_path": null,
    "train_results": "kimina_bestof_cycle_lenpen001_64_20_temp08_merged_start740_1460_rescored_cpu.json",
    "test_results": "kimina_bestof_cycle_lenpen001_128_20_temp08_merged_start1580_2280_rescored.json",
    "folds": 5,
    "model": "ridge",
    "ridge": 0.001,
    "gbrt_estimators": 200,
    "gbrt_learning_rate": 0.05,
    "gbrt_depth": 3,
    "baseline_feature": false,
    "forward_feature": false,
    "embed_consensus": false,
    "context_interactions": false,
    "extra_candidate_features": true,
    "numeric_features": false,
    "nl_number_features": false,
    "nl_number_detail": false,
    "nl_number_missing_extra": true,
    "nl_number_missing_extra_ratio": false,
    "nl_number_missing_extra_signed": true,
    "embed_model_id": null,
    "embed_batch_size": null,
    "embed_max_length": null,
    "embed_device": null
  },
  "summary": {
    "count": 687,
    "baseline_f1_avg": 0.7782621332067705,
    "learned_f1_avg": 0.8433394219619753,
    "learned_tc_f1_avg": 0.838732976473699,
    "learned_typecheck_rate": 0.982532751091703,
    "learned_tc_typecheck_rate": 0.9956331877729258,
    "learned_improve_rate": 0.6404657933042213,
    "learned_tc_improve_rate": 0.6346433770014556,
    "feature_names": [
      "bias",
      "len_z",
      "cons_z",
      "typecheck",
      "lenpen_z",
      "cycle_rank",
      "len_rank",
      "cons_rank",
      "tc_cons_z",
      "tc_cons_rank",
      "nl_num_missing_z",
      "nl_num_extra_z",
      "nl_num_signed_delta_z"
    ],
    "avg_weights": [
      0.6825795607987618,
      0.015068023813133243,
      0.05899876081253261,
      0.06228852182203411,
      0.009291816235136825,
      0.007783516207520334,
      0.01693318086235423,
      0.02351519166311199,
      0.016185247286921958,
      0.01770397492676243,
      -0.007898082003532812,
      -0.006968527331149002,
      0.0032807585481576976
    ]
  }
}