{
  "meta": {
    "results_path": "kimina_bestof_cycle_lenpen001_128_20_start2200_temp08_qwen1p5_rescored_cpu.json"
  },
  "summary": {
    "count": 20,
    "pearson_avg": 0.24207555647980655,
    "pearson_median": 0.2604436282003548,
    "spearman_avg": 0.10427143700335324,
    "spearman_median": 0.0955804251857366
  }
}