{
  "meta": {
    "results_paths": [
      "kimina_bestof_cycle_lenpen001_128_20_temp08_merged_start1580_2080_rescored_cpu.json"
    ],
    "feature": "tc_rate",
    "direction": "ge",
    "dedupe_id": false,
    "all_consensus_f1_avg": 0.8363282526199621,
    "tc_consensus_f1_avg": 0.8393757180366167
  },
  "summary": {
    "threshold_0.0": {
      "count": 161,
      "chosen_f1_avg": 0.8393757180366164,
      "chosen_typecheck_rate": 0.9937888198757764
    },
    "threshold_0.13953488372093023": {
      "count": 161,
      "chosen_f1_avg": 0.8388057175194082,
      "chosen_typecheck_rate": 0.9130434782608695
    },
    "threshold_0.3508771929824561": {
      "count": 161,
      "chosen_f1_avg": 0.8397837314207358,
      "chosen_typecheck_rate": 0.8571428571428571
    },
    "threshold_0.5268817204301075": {
      "count": 161,
      "chosen_f1_avg": 0.8379547926647891,
      "chosen_typecheck_rate": 0.8198757763975155
    },
    "threshold_0.627906976744186": {
      "count": 161,
      "chosen_f1_avg": 0.8375668111964204,
      "chosen_typecheck_rate": 0.8136645962732919
    },
    "threshold_0.7076923076923077": {
      "count": 161,
      "chosen_f1_avg": 0.8376691204373207,
      "chosen_typecheck_rate": 0.8012422360248447
    },
    "threshold_0.7741935483870968": {
      "count": 161,
      "chosen_f1_avg": 0.8384375005040134,
      "chosen_typecheck_rate": 0.7888198757763976
    },
    "threshold_0.8547008547008547": {
      "count": 161,
      "chosen_f1_avg": 0.8369034192150822,
      "chosen_typecheck_rate": 0.782608695652174
    },
    "threshold_0.898989898989899": {
      "count": 161,
      "chosen_f1_avg": 0.8366304209542358,
      "chosen_typecheck_rate": 0.782608695652174
    },
    "threshold_0.9553571428571429": {
      "count": 161,
      "chosen_f1_avg": 0.8363282526199618,
      "chosen_typecheck_rate": 0.782608695652174
    },
    "threshold_1.0": {
      "count": 161,
      "chosen_f1_avg": 0.8363282526199618,
      "chosen_typecheck_rate": 0.782608695652174
    }
  }
}