{
  "meta": {
    "results_paths": [
      "kimina_bestof_cycle_lenpen001_128_20_start2260_temp08_qwen1p5_rescored_cpu.json"
    ],
    "feature": "tc_count",
    "direction": "ge",
    "dedupe_id": false,
    "all_consensus_f1_avg": 0.7931913279536028,
    "tc_consensus_f1_avg": 0.7904755814570809
  },
  "summary": {
    "threshold_12.0": {
      "count": 18,
      "chosen_f1_avg": 0.7904755814570807,
      "chosen_typecheck_rate": 1.0
    },
    "threshold_23.0": {
      "count": 18,
      "chosen_f1_avg": 0.7902052746588648,
      "chosen_typecheck_rate": 0.9444444444444444
    },
    "threshold_43.0": {
      "count": 18,
      "chosen_f1_avg": 0.7902052746588648,
      "chosen_typecheck_rate": 0.9444444444444444
    },
    "threshold_60.0": {
      "count": 18,
      "chosen_f1_avg": 0.7902052746588648,
      "chosen_typecheck_rate": 0.9444444444444444
    },
    "threshold_63.0": {
      "count": 18,
      "chosen_f1_avg": 0.7906731627597315,
      "chosen_typecheck_rate": 0.9444444444444444
    },
    "threshold_67.0": {
      "count": 18,
      "chosen_f1_avg": 0.793257142087897,
      "chosen_typecheck_rate": 0.9444444444444444
    },
    "threshold_79.0": {
      "count": 18,
      "chosen_f1_avg": 0.7916698405005954,
      "chosen_typecheck_rate": 0.8888888888888888
    },
    "threshold_87.0": {
      "count": 18,
      "chosen_f1_avg": 0.7928255116232631,
      "chosen_typecheck_rate": 0.8888888888888888
    },
    "threshold_97.0": {
      "count": 18,
      "chosen_f1_avg": 0.7928255116232631,
      "chosen_typecheck_rate": 0.8888888888888888
    },
    "threshold_103.0": {
      "count": 18,
      "chosen_f1_avg": 0.7928255116232631,
      "chosen_typecheck_rate": 0.8888888888888888
    },
    "threshold_125.0": {
      "count": 18,
      "chosen_f1_avg": 0.7931913279536027,
      "chosen_typecheck_rate": 0.8888888888888888
    }
  }
}