{
  "meta": {
    "results_path": "kimina_bestof_cycle_lenpen001_128_20_start1920_temp08_qwen1p5_rescored_cpu.json",
    "train_results": null,
    "test_results": null,
    "folds": 5,
    "model": "ridge",
    "ridge": 0.001,
    "gbrt_estimators": 200,
    "gbrt_learning_rate": 0.05,
    "gbrt_depth": 3,
    "baseline_feature": false
  },
  "summary": {
    "count": 18,
    "baseline_f1_avg": 0.7705761376681782,
    "learned_f1_avg": 0.815043056155952,
    "learned_tc_f1_avg": 0.7841290830788298,
    "learned_typecheck_rate": 0.2222222222222222,
    "learned_tc_typecheck_rate": 1.0,
    "learned_improve_rate": 0.6666666666666666,
    "learned_tc_improve_rate": 0.6666666666666666,
    "avg_weights": [
      0.7989185279218931,
      0.009607248928618214,
      0.0898223395449881,
      -0.04540231850366222
    ]
  }
}