{
  "meta": {
    "results_paths": [
      "kimina_bestof_cycle_lenpen001_128_20_start1860_temp08_qwen1p5_rescored_cpu.json"
    ],
    "feature": "tc_count",
    "direction": "ge",
    "dedupe_id": false,
    "all_consensus_f1_avg": 0.822872243854654,
    "tc_consensus_f1_avg": 0.821455510537881
  },
  "summary": {
    "threshold_22.0": {
      "count": 18,
      "chosen_f1_avg": 0.8214555105378811,
      "chosen_typecheck_rate": 1.0
    },
    "threshold_33.0": {
      "count": 18,
      "chosen_f1_avg": 0.8214555105378811,
      "chosen_typecheck_rate": 1.0
    },
    "threshold_44.0": {
      "count": 18,
      "chosen_f1_avg": 0.8214555105378811,
      "chosen_typecheck_rate": 1.0
    },
    "threshold_46.0": {
      "count": 18,
      "chosen_f1_avg": 0.823906490930038,
      "chosen_typecheck_rate": 1.0
    },
    "threshold_50.0": {
      "count": 18,
      "chosen_f1_avg": 0.8245186733604022,
      "chosen_typecheck_rate": 1.0
    },
    "threshold_55.0": {
      "count": 18,
      "chosen_f1_avg": 0.8245186733604022,
      "chosen_typecheck_rate": 1.0
    },
    "threshold_58.0": {
      "count": 18,
      "chosen_f1_avg": 0.8245186733604022,
      "chosen_typecheck_rate": 1.0
    },
    "threshold_81.0": {
      "count": 18,
      "chosen_f1_avg": 0.8245186733604022,
      "chosen_typecheck_rate": 1.0
    },
    "threshold_89.0": {
      "count": 18,
      "chosen_f1_avg": 0.8228722438546541,
      "chosen_typecheck_rate": 1.0
    },
    "threshold_95.0": {
      "count": 18,
      "chosen_f1_avg": 0.8228722438546541,
      "chosen_typecheck_rate": 1.0
    },
    "threshold_125.0": {
      "count": 18,
      "chosen_f1_avg": 0.8228722438546541,
      "chosen_typecheck_rate": 1.0
    }
  }
}