{
  "meta": {
    "results_path": "kimina_bestof_cycle_lenpen001_128_20_temp08_merged_start1580_1960_rescored_cpu.json",
    "ks": [
      4,
      8,
      16,
      32,
      64
    ],
    "score_key": "length_penalized_score"
  },
  "summary": {
    "all": {
      "k_4": {
        "count": 150,
        "f1_avg": 0.7924460140748915,
        "typecheck_rate": 0.6066666666666667
      },
      "k_8": {
        "count": 150,
        "f1_avg": 0.8165467753183916,
        "typecheck_rate": 0.6666666666666666
      },
      "k_16": {
        "count": 150,
        "f1_avg": 0.8237918079519608,
        "typecheck_rate": 0.6933333333333334
      },
      "k_32": {
        "count": 144,
        "f1_avg": 0.8282899513537506,
        "typecheck_rate": 0.7222222222222222
      },
      "k_64": {
        "count": 127,
        "f1_avg": 0.8253207246093217,
        "typecheck_rate": 0.7637795275590551
      }
    },
    "tc_only": {
      "k_4": {
        "count": 147,
        "f1_avg": 0.8204861313972305,
        "typecheck_rate": 1.0
      },
      "k_8": {
        "count": 144,
        "f1_avg": 0.824498625129948,
        "typecheck_rate": 1.0
      },
      "k_16": {
        "count": 134,
        "f1_avg": 0.8446147556002987,
        "typecheck_rate": 1.0
      },
      "k_32": {
        "count": 113,
        "f1_avg": 0.850244237933862,
        "typecheck_rate": 1.0
      },
      "k_64": {
        "count": 70,
        "f1_avg": 0.8473246716481704,
        "typecheck_rate": 1.0
      }
    }
  }
}