{
  "meta": {
    "results_path": "kimina_bestof_cycle_lenpen001_128_20_start1980_temp08_qwen1p5_rescored_cpu.json",
    "ks": [
      4,
      8,
      16,
      32,
      64
    ],
    "score_key": "cycle_score"
  },
  "summary": {
    "all": {
      "k_4": {
        "count": 20,
        "f1_avg": 0.7399999133650613,
        "typecheck_rate": 0.65
      },
      "k_8": {
        "count": 20,
        "f1_avg": 0.7626294293171835,
        "typecheck_rate": 0.7
      },
      "k_16": {
        "count": 20,
        "f1_avg": 0.7790554904543058,
        "typecheck_rate": 0.7
      },
      "k_32": {
        "count": 19,
        "f1_avg": 0.7774650668976973,
        "typecheck_rate": 0.7894736842105263
      },
      "k_64": {
        "count": 16,
        "f1_avg": 0.7653837987842593,
        "typecheck_rate": 0.9375
      }
    },
    "tc_only": {
      "k_4": {
        "count": 20,
        "f1_avg": 0.7866782561490013,
        "typecheck_rate": 1.0
      },
      "k_8": {
        "count": 20,
        "f1_avg": 0.7992965298549366,
        "typecheck_rate": 1.0
      },
      "k_16": {
        "count": 17,
        "f1_avg": 0.7972030884233686,
        "typecheck_rate": 1.0
      },
      "k_32": {
        "count": 16,
        "f1_avg": 0.7864876805985344,
        "typecheck_rate": 1.0
      },
      "k_64": {
        "count": 9,
        "f1_avg": 0.712440182361974,
        "typecheck_rate": 1.0
      }
    }
  }
}