{
  "meta": {
    "results_path": "kimina_bestof_cycle_lenpen001_64_20_start1100_temp08_qwen1p5_rescored_cpu.json"
  },
  "summary": {
    "records": 20,
    "candidate_typecheck_rate": 0.5792452830188679,
    "tc_candidate_f1_avg": 0.7648140954695176,
    "non_tc_candidate_f1_avg": 0.6977793329576004,
    "max_tc_f1_avg": 0.8852925364611897,
    "max_non_tc_f1_avg": 0.793468980958177,
    "records_with_tc": 20,
    "records_with_non_tc": 20,
    "records_with_both": 20
  }
}