{
  "meta": {
    "results_path": "kimina_bestof_cycle_lenpen001_128_20_start1760_temp08_qwen1p5_rescored_cpu.json",
    "train_results": null,
    "test_results": null,
    "folds": 5,
    "model": "ridge",
    "ridge": 0.001,
    "gbrt_estimators": 200,
    "gbrt_learning_rate": 0.05,
    "gbrt_depth": 3,
    "baseline_feature": false
  },
  "summary": {
    "count": 18,
    "baseline_f1_avg": 0.7811755680099078,
    "learned_f1_avg": 0.8407431314770817,
    "learned_tc_f1_avg": 0.8355682047335274,
    "learned_typecheck_rate": 0.9444444444444444,
    "learned_tc_typecheck_rate": 1.0,
    "learned_improve_rate": 0.7777777777777778,
    "learned_tc_improve_rate": 0.7222222222222222,
    "avg_weights": [
      0.7417680783846381,
      0.00880511002592255,
      0.08446448753054053,
      0.006470212431110985
    ]
  }
}