{
  "meta": {
    "results_path": "kimina_bestof_cycle_lenpen001_128_20_temp08_merged_start1580_1940_rescored_cpu.json",
    "ks": [
      4,
      8,
      16,
      32,
      64
    ],
    "score_key": "length_penalized_score"
  },
  "summary": {
    "all": {
      "k_4": {
        "count": 147,
        "f1_avg": 0.7954871076940906,
        "typecheck_rate": 0.6122448979591837
      },
      "k_8": {
        "count": 147,
        "f1_avg": 0.8180444740689325,
        "typecheck_rate": 0.6666666666666666
      },
      "k_16": {
        "count": 147,
        "f1_avg": 0.8246299593667479,
        "typecheck_rate": 0.6938775510204082
      },
      "k_32": {
        "count": 141,
        "f1_avg": 0.8294175335895921,
        "typecheck_rate": 0.723404255319149
      },
      "k_64": {
        "count": 124,
        "f1_avg": 0.8261273151751926,
        "typecheck_rate": 0.7661290322580645
      }
    },
    "tc_only": {
      "k_4": {
        "count": 144,
        "f1_avg": 0.8228564571666688,
        "typecheck_rate": 1.0
      },
      "k_8": {
        "count": 141,
        "f1_avg": 0.8269048506470753,
        "typecheck_rate": 1.0
      },
      "k_16": {
        "count": 132,
        "f1_avg": 0.8448062167490428,
        "typecheck_rate": 1.0
      },
      "k_32": {
        "count": 111,
        "f1_avg": 0.8501610510297674,
        "typecheck_rate": 1.0
      },
      "k_64": {
        "count": 68,
        "f1_avg": 0.8463291372994055,
        "typecheck_rate": 1.0
      }
    }
  }
}