{
  "meta": {
    "results_path": "kimina_bestof_cycle_lenpen001_temp08_merged_64_128_rescored.json",
    "train_results": null,
    "test_results": null,
    "folds": 5,
    "model": "ridge",
    "ridge": 0.001,
    "gbrt_estimators": 200,
    "gbrt_learning_rate": 0.05,
    "gbrt_depth": 3,
    "baseline_feature": false,
    "forward_feature": false,
    "embed_consensus": false,
    "context_interactions": false,
    "extra_candidate_features": true,
    "numeric_features": false,
    "nl_number_features": false,
    "nl_number_detail": false,
    "nl_number_missing_extra": true,
    "nl_number_missing_extra_ratio": true,
    "embed_model_id": null,
    "embed_batch_size": null,
    "embed_max_length": null,
    "embed_device": null
  },
  "summary": {
    "count": 859,
    "baseline_f1_avg": 0.7740837768437162,
    "learned_f1_avg": 0.8413436340197098,
    "learned_tc_f1_avg": 0.8367860991598757,
    "learned_typecheck_rate": 0.9732246798603027,
    "learned_tc_typecheck_rate": 0.9953434225844005,
    "learned_improve_rate": 0.6519208381839348,
    "learned_tc_improve_rate": 0.6495925494761351,
    "feature_names": [
      "bias",
      "len_z",
      "cons_z",
      "typecheck",
      "lenpen_z",
      "cycle_rank",
      "len_rank",
      "cons_rank",
      "tc_cons_z",
      "tc_cons_rank",
      "nl_num_missing_z",
      "nl_num_extra_z",
      "nl_num_missing_ratio_z",
      "nl_num_extra_ratio_z"
    ],
    "avg_weights": [
      0.7171287361989286,
      0.007688678949010661,
      0.054179974911883554,
      0.042557574895141684,
      0.009680079510138398,
      0.011842157174236636,
      0.00028950068711957965,
      0.019198007082266,
      0.020312404443155564,
      0.0026751333708645865,
      -0.0036716848869638337,
      -0.0018557604583065237,
      -0.0036716847233978084,
      -0.0021755049408446773
    ]
  }
}