{
  "meta": {
    "results_paths": [
      "kimina_bestof_cycle_lenpen001_64_20_start1300_temp08_qwen1p5_rescored_cpu.json"
    ],
    "dedupe_id": false
  },
  "summary": {
    "count": 19,
    "all_consensus_f1_avg": 0.8167015686994795,
    "tc_consensus_f1_avg": 0.8198463837013974,
    "tc_better_rate": 0.21052631578947367,
    "diff_vs_tc_rate": 0.12597404021395425,
    "diff_vs_tc_count": 0.1988852781085364
  }
}