{
  "meta": {
    "results_paths": [
      "kimina_bestof_cycle_lenpen001_64_20_start1040_temp08_qwen1p5_rescored_cpu.json"
    ],
    "dedupe_id": false
  },
  "summary": {
    "count": 20,
    "baseline_f1_avg": 0.7595870053408508,
    "consensus_f1_avg": 0.768079397651421,
    "oracle_f1_avg": 0.9236381753433202,
    "consensus_improve_rate": 0.6,
    "correlations": {
      "improve_vs_count": 0.38824295189472946,
      "improve_vs_tc_rate": -0.08123025877228894,
      "improve_vs_pairwise": 0.018396949333567527,
      "improve_vs_pairwise_tc": -0.1666976168618399,
      "improve_vs_consensus_margin": 0.21216926887580623,
      "improve_vs_baseline_f1": -0.47716491779849624,
      "oracle_improve_vs_count": 0.5455425695475242,
      "oracle_improve_vs_pairwise": -0.5067930812808142
    }
  }
}