{
  "meta": {
    "results_path": "kimina_bestof_cycle_lenpen001_64_20_start1060_temp08_qwen1p5_rescored_cpu.json",
    "ks": [
      4,
      8,
      16,
      32,
      64
    ],
    "trials": 30,
    "seed": 0
  },
  "summary": {
    "all": {
      "k_4": {
        "count": 540,
        "f1_avg": 0.8067184193442252,
        "typecheck_rate": 0.7444444444444445
      },
      "k_8": {
        "count": 540,
        "f1_avg": 0.8171899746525624,
        "typecheck_rate": 0.7611111111111111
      },
      "k_16": {
        "count": 540,
        "f1_avg": 0.8191224752814718,
        "typecheck_rate": 0.75
      },
      "k_32": {
        "count": 510,
        "f1_avg": 0.8131717866008518,
        "typecheck_rate": 0.7392156862745098
      },
      "k_64": {
        "count": 150,
        "f1_avg": 0.8350146740378049,
        "typecheck_rate": 0.8
      }
    },
    "tc_only": {
      "k_4": {
        "count": 540,
        "f1_avg": 0.8084450615303206,
        "typecheck_rate": 1.0
      },
      "k_8": {
        "count": 540,
        "f1_avg": 0.819774779623187,
        "typecheck_rate": 1.0
      },
      "k_16": {
        "count": 480,
        "f1_avg": 0.8205647594017415,
        "typecheck_rate": 1.0
      },
      "k_32": {
        "count": 330,
        "f1_avg": 0.8038429332499678,
        "typecheck_rate": 1.0
      },
      "k_64": {
        "count": 30,
        "f1_avg": 0.8293501048218028,
        "typecheck_rate": 1.0
      }
    }
  }
}