{
  "meta": {
    "results_paths": [
      "kimina_bestof_cycle_lenpen001_128_20_start2200_temp08_qwen1p5_rescored_cpu.json"
    ],
    "dedupe_id": false
  },
  "summary": {
    "count": 20,
    "baseline_f1_avg": 0.7840092127670706,
    "consensus_f1_avg": 0.8411443718098385,
    "oracle_f1_avg": 0.9269487066371003,
    "consensus_improve_rate": 0.7,
    "correlations": {
      "improve_vs_count": 0.37007698300621306,
      "improve_vs_tc_rate": -0.19995817200590962,
      "improve_vs_pairwise": -0.23461915207517975,
      "improve_vs_pairwise_tc": -0.6159751315563377,
      "improve_vs_consensus_margin": 0.23567383371119996,
      "improve_vs_baseline_f1": -0.4966651743036486,
      "oracle_improve_vs_count": 0.43121168164351104,
      "oracle_improve_vs_pairwise": -0.3926019105744976
    }
  }
}