{
  "meta": {
    "results_path": "kimina_bestof_cycle_lenpen001_128_20_start1620_temp08_qwen1p5_rescored_cpu.json"
  },
  "summary": {
    "records": 20,
    "candidate_typecheck_rate": 0.5853094274146906,
    "tc_candidate_f1_avg": 0.7312323518736438,
    "non_tc_candidate_f1_avg": 0.6556378225117235,
    "max_tc_f1_avg": 0.907721581342513,
    "max_non_tc_f1_avg": 0.8462276172165236,
    "records_with_tc": 19,
    "records_with_non_tc": 19,
    "records_with_both": 18
  }
}