{
  "meta": {
    "results_paths": [
      "kimina_bestof_cycle_lenpen001_128_20_temp08_merged_start1580_1960_rescored_cpu.json"
    ],
    "feature": "tc_rate",
    "direction": "ge",
    "dedupe_id": false,
    "all_consensus_f1_avg": 0.8365944969741842,
    "tc_consensus_f1_avg": 0.8423410975600866
  },
  "summary": {
    "threshold_0.0": {
      "count": 150,
      "chosen_f1_avg": 0.8423410975600862,
      "chosen_typecheck_rate": 0.9933333333333333
    },
    "threshold_0.13953488372093023": {
      "count": 150,
      "chosen_f1_avg": 0.841654742310993,
      "chosen_typecheck_rate": 0.9133333333333333
    },
    "threshold_0.3671875": {
      "count": 150,
      "chosen_f1_avg": 0.8425917217701586,
      "chosen_typecheck_rate": 0.86
    },
    "threshold_0.5274725274725275": {
      "count": 150,
      "chosen_f1_avg": 0.8402213942566045,
      "chosen_typecheck_rate": 0.8266666666666667
    },
    "threshold_0.6326530612244898": {
      "count": 150,
      "chosen_f1_avg": 0.839536888524732,
      "chosen_typecheck_rate": 0.82
    },
    "threshold_0.7076923076923077": {
      "count": 150,
      "chosen_f1_avg": 0.839914772732455,
      "chosen_typecheck_rate": 0.8066666666666666
    },
    "threshold_0.7863247863247863": {
      "count": 150,
      "chosen_f1_avg": 0.8377608620607897,
      "chosen_typecheck_rate": 0.8
    },
    "threshold_0.8547008547008547": {
      "count": 150,
      "chosen_f1_avg": 0.8372118424529464,
      "chosen_typecheck_rate": 0.7933333333333333
    },
    "threshold_0.9010989010989011": {
      "count": 150,
      "chosen_f1_avg": 0.836918824319638,
      "chosen_typecheck_rate": 0.7933333333333333
    },
    "threshold_0.9553571428571429": {
      "count": 150,
      "chosen_f1_avg": 0.8365944969741839,
      "chosen_typecheck_rate": 0.7933333333333333
    },
    "threshold_1.0": {
      "count": 150,
      "chosen_f1_avg": 0.8365944969741839,
      "chosen_typecheck_rate": 0.7933333333333333
    }
  }
}