{
  "meta": {
    "results_path": "kimina_bestof_cycle_lenpen001_128_20_start2200_temp08_qwen1p5_rescored_cpu.json"
  },
  "summary": {
    "records": 20,
    "candidate_typecheck_rate": 0.650761421319797,
    "tc_candidate_f1_avg": 0.7723507228003159,
    "non_tc_candidate_f1_avg": 0.7502238908720457,
    "max_tc_f1_avg": 0.9167600189542785,
    "max_non_tc_f1_avg": 0.8446160877867082,
    "records_with_tc": 20,
    "records_with_non_tc": 20,
    "records_with_both": 20
  }
}