{
  "meta": {
    "results_path": "kimina_bestof_cycle_lenpen001_128_20_start2000_temp08_qwen1p5_rescored_cpu.json"
  },
  "summary": {
    "count": 19,
    "baseline_f1_avg": 0.7609783511603677,
    "consensus_f1_avg": 0.8291902306084898,
    "consensus_tc_f1_avg": 0.7849279305008696,
    "consensus_typecheck_rate": 0.7368421052631579,
    "consensus_tc_typecheck_rate": 1.0
  }
}