{
  "meta": {
    "results_path": "kimina_bestof_cycle_lenpen001_128_20_temp08_merged_start1580_2240_rescored_cpu.json",
    "ks": [
      4,
      8,
      16,
      32,
      64
    ],
    "trials": 30,
    "seed": 0
  },
  "summary": {
    "all": {
      "k_4": {
        "count": 19500,
        "f1_avg": 0.8096222950487977,
        "typecheck_rate": 0.7598461538461538
      },
      "k_8": {
        "count": 19500,
        "f1_avg": 0.822325697108414,
        "typecheck_rate": 0.7903076923076923
      },
      "k_16": {
        "count": 19440,
        "f1_avg": 0.8293034899686028,
        "typecheck_rate": 0.8122942386831276
      },
      "k_32": {
        "count": 18390,
        "f1_avg": 0.8339310315000986,
        "typecheck_rate": 0.8180532898314301
      },
      "k_64": {
        "count": 15690,
        "f1_avg": 0.8275176265730618,
        "typecheck_rate": 0.8054811982154239
      }
    },
    "tc_only": {
      "k_4": {
        "count": 19200,
        "f1_avg": 0.8208098404665984,
        "typecheck_rate": 1.0
      },
      "k_8": {
        "count": 18900,
        "f1_avg": 0.8333731090172204,
        "typecheck_rate": 1.0
      },
      "k_16": {
        "count": 18000,
        "f1_avg": 0.8407497941828636,
        "typecheck_rate": 1.0
      },
      "k_32": {
        "count": 15360,
        "f1_avg": 0.8428644863926936,
        "typecheck_rate": 1.0
      },
      "k_64": {
        "count": 9210,
        "f1_avg": 0.8350523955718029,
        "typecheck_rate": 1.0
      }
    }
  }
}