{
  "meta": {
    "results_path": "kimina_bestof_cycle_lenpen001_128_20_start1700_temp08_qwen1p5_rescored_cpu.json"
  },
  "summary": {
    "records": 19,
    "candidate_typecheck_rate": 0.6052023121387283,
    "tc_candidate_f1_avg": 0.7845139701827607,
    "non_tc_candidate_f1_avg": 0.6777697872440706,
    "max_tc_f1_avg": 0.9284132014863682,
    "max_non_tc_f1_avg": 0.8679631146327474,
    "records_with_tc": 19,
    "records_with_non_tc": 18,
    "records_with_both": 18
  }
}