{
  "meta": {
    "results_paths": [
      "kimina_bestof_cycle_lenpen001_128_20_start1740_temp08_qwen1p5_rescored_cpu.json"
    ],
    "dedupe_id": false
  },
  "summary": {
    "count": 18,
    "all_consensus_f1_avg": 0.8247617519853796,
    "tc_consensus_f1_avg": 0.7928454972284437,
    "tc_better_rate": 0.2777777777777778,
    "diff_vs_tc_rate": 0.6009226777476785,
    "diff_vs_tc_count": 0.3822923030059434
  }
}