{
  "meta": {
    "results_path": "kimina_bestof_cycle_lenpen001_128_20_temp08_merged_start1580_2040_rescored_cpu.json",
    "ks": [
      4,
      8,
      16,
      32,
      64
    ],
    "score_key": "length_penalized_score"
  },
  "summary": {
    "all": {
      "k_4": {
        "count": 158,
        "f1_avg": 0.7883970506308668,
        "typecheck_rate": 0.6075949367088608
      },
      "k_8": {
        "count": 158,
        "f1_avg": 0.8127375293732991,
        "typecheck_rate": 0.6645569620253164
      },
      "k_16": {
        "count": 158,
        "f1_avg": 0.8203795458776428,
        "typecheck_rate": 0.6962025316455697
      },
      "k_32": {
        "count": 152,
        "f1_avg": 0.8256080373142011,
        "typecheck_rate": 0.7171052631578947
      },
      "k_64": {
        "count": 134,
        "f1_avg": 0.8241080171102334,
        "typecheck_rate": 0.753731343283582
      }
    },
    "tc_only": {
      "k_4": {
        "count": 155,
        "f1_avg": 0.8164561210999464,
        "typecheck_rate": 1.0
      },
      "k_8": {
        "count": 152,
        "f1_avg": 0.821913507806922,
        "typecheck_rate": 1.0
      },
      "k_16": {
        "count": 141,
        "f1_avg": 0.8398599999633147,
        "typecheck_rate": 1.0
      },
      "k_32": {
        "count": 119,
        "f1_avg": 0.8461577573653376,
        "typecheck_rate": 1.0
      },
      "k_64": {
        "count": 73,
        "f1_avg": 0.8423637863675586,
        "typecheck_rate": 1.0
      }
    }
  }
}