{
  "meta": {
    "results_path": "kimina_bestof_cycle_lenpen001_128_20_start1600_temp08_qwen1p5_rescored_cpu.json"
  },
  "summary": {
    "count": 19,
    "pearson_avg": 0.3196536832219843,
    "pearson_median": 0.41294390737183784,
    "spearman_avg": 0.20789054783746316,
    "spearman_median": 0.29572790379038694
  }
}