{
  "meta": {
    "results_path": "kimina_bestof_cycle_lenpen001_128_20_start2280_temp08_qwen1p5_rescored.json"
  },
  "summary": {
    "records": 19,
    "candidate_typecheck_rate": 0.7289516567083107,
    "tc_candidate_f1_avg": 0.7916473017275416,
    "non_tc_candidate_f1_avg": 0.7478454570068032,
    "max_tc_f1_avg": 0.9396180902466668,
    "max_non_tc_f1_avg": 0.8668402294776082,
    "records_with_tc": 19,
    "records_with_non_tc": 19,
    "records_with_both": 19
  }
}