{
  "meta": {
    "results_paths": [
      "kimina_bestof_cycle_lenpen001_128_20_temp08_merged_start1580_2260_rescored_cpu.json"
    ],
    "feature": "tc_rate",
    "direction": "ge",
    "dedupe_id": false,
    "all_consensus_f1_avg": 0.8354716107569197,
    "tc_consensus_f1_avg": 0.8350599926671755
  },
  "summary": {
    "threshold_0.333": {
      "count": 668,
      "chosen_f1_avg": 0.8371887980004808,
      "chosen_typecheck_rate": 0.8907185628742516
    }
  }
}