{
  "meta": {
    "results_path": "kimina_bestof_cycle_lenpen001_128_20_start2120_temp08_qwen1p5_rescored_cpu.json",
    "ks": [
      4,
      8,
      16,
      32,
      64
    ],
    "score_key": "cycle_score"
  },
  "summary": {
    "all": {
      "k_4": {
        "count": 19,
        "f1_avg": 0.786274219268385,
        "typecheck_rate": 0.631578947368421
      },
      "k_8": {
        "count": 19,
        "f1_avg": 0.8065732575784125,
        "typecheck_rate": 0.5789473684210527
      },
      "k_16": {
        "count": 19,
        "f1_avg": 0.8137427270520106,
        "typecheck_rate": 0.6842105263157895
      },
      "k_32": {
        "count": 18,
        "f1_avg": 0.8249828627920056,
        "typecheck_rate": 0.8333333333333334
      },
      "k_64": {
        "count": 17,
        "f1_avg": 0.8048746666277751,
        "typecheck_rate": 0.7647058823529411
      }
    },
    "tc_only": {
      "k_4": {
        "count": 18,
        "f1_avg": 0.832440384988296,
        "typecheck_rate": 1.0
      },
      "k_8": {
        "count": 18,
        "f1_avg": 0.8411290308181848,
        "typecheck_rate": 1.0
      },
      "k_16": {
        "count": 17,
        "f1_avg": 0.8458568402075174,
        "typecheck_rate": 1.0
      },
      "k_32": {
        "count": 14,
        "f1_avg": 0.8429851625268084,
        "typecheck_rate": 1.0
      },
      "k_64": {
        "count": 10,
        "f1_avg": 0.8412120703250761,
        "typecheck_rate": 1.0
      }
    }
  }
}