{
  "meta": {
    "results_path": "kimina_bestof_cycle_lenpen001_128_20_start1800_temp08_qwen1p5_rescored_cpu.json",
    "ks": [
      4,
      8,
      16,
      32,
      64
    ],
    "trials": 30,
    "seed": 0
  },
  "summary": {
    "all": {
      "k_4": {
        "count": 570,
        "f1_avg": 0.8339390229872785,
        "typecheck_rate": 0.8456140350877193
      },
      "k_8": {
        "count": 570,
        "f1_avg": 0.8461313499896823,
        "typecheck_rate": 0.8824561403508772
      },
      "k_16": {
        "count": 570,
        "f1_avg": 0.8549314116827569,
        "typecheck_rate": 0.8789473684210526
      },
      "k_32": {
        "count": 540,
        "f1_avg": 0.8628804782527818,
        "typecheck_rate": 0.9333333333333333
      },
      "k_64": {
        "count": 510,
        "f1_avg": 0.8600671452223609,
        "typecheck_rate": 0.9372549019607843
      }
    },
    "tc_only": {
      "k_4": {
        "count": 540,
        "f1_avg": 0.8373894849296003,
        "typecheck_rate": 1.0
      },
      "k_8": {
        "count": 540,
        "f1_avg": 0.8454919568896825,
        "typecheck_rate": 1.0
      },
      "k_16": {
        "count": 540,
        "f1_avg": 0.8565118236319321,
        "typecheck_rate": 1.0
      },
      "k_32": {
        "count": 540,
        "f1_avg": 0.8628588080747934,
        "typecheck_rate": 1.0
      },
      "k_64": {
        "count": 420,
        "f1_avg": 0.868700297089628,
        "typecheck_rate": 1.0
      }
    }
  }
}