{
  "meta": {
    "results_path": "kimina_bestof_cycle_lenpen001_64_20_start1480_temp08_qwen1p5_rescored_cpu.json"
  },
  "summary": {
    "alpha_0.0": {
      "count": 19,
      "all_f1_avg": 0.7284726934128702,
      "all_typecheck_rate": 0.5789473684210527,
      "tc_f1_avg": 0.734479891198402,
      "tc_typecheck_rate": 1.0
    },
    "alpha_0.001": {
      "count": 19,
      "all_f1_avg": 0.7281079562060278,
      "all_typecheck_rate": 0.5789473684210527,
      "tc_f1_avg": 0.7016370878652891,
      "tc_typecheck_rate": 1.0
    },
    "alpha_0.002": {
      "count": 19,
      "all_f1_avg": 0.7073103270011072,
      "all_typecheck_rate": 0.5789473684210527,
      "tc_f1_avg": 0.6869666774356297,
      "tc_typecheck_rate": 1.0
    },
    "alpha_0.005": {
      "count": 19,
      "all_f1_avg": 0.7081476713110044,
      "all_typecheck_rate": 0.47368421052631576,
      "tc_f1_avg": 0.711761858217006,
      "tc_typecheck_rate": 1.0
    },
    "alpha_0.01": {
      "count": 19,
      "all_f1_avg": 0.6585806903222139,
      "all_typecheck_rate": 0.5263157894736842,
      "tc_f1_avg": 0.6988282884930846,
      "tc_typecheck_rate": 1.0
    },
    "alpha_0.02": {
      "count": 19,
      "all_f1_avg": 0.6294490294872991,
      "all_typecheck_rate": 0.5263157894736842,
      "tc_f1_avg": 0.6643625065923654,
      "tc_typecheck_rate": 1.0
    }
  }
}