{
  "meta": {
    "results_paths": [
      "kimina_bestof_cycle_lenpen001_128_20_temp08_merged_start1580_2100_rescored_cpu.json"
    ],
    "feature": "consensus_margin",
    "direction": "ge",
    "dedupe_id": false,
    "all_consensus_f1_avg": 0.834258064322955,
    "tc_consensus_f1_avg": 0.8388771140827725
  },
  "summary": {
    "threshold_0.0": {
      "count": 163,
      "chosen_f1_avg": 0.8388771140827722,
      "chosen_typecheck_rate": 0.9938650306748467
    },
    "threshold_1.1102230246251565e-16": {
      "count": 163,
      "chosen_f1_avg": 0.8381142575661477,
      "chosen_typecheck_rate": 0.8711656441717791
    },
    "threshold_0.0008388114580246686": {
      "count": 163,
      "chosen_f1_avg": 0.8372156193573799,
      "chosen_typecheck_rate": 0.852760736196319
    },
    "threshold_0.0021422503337397147": {
      "count": 163,
      "chosen_f1_avg": 0.8355173129060405,
      "chosen_typecheck_rate": 0.8098159509202454
    },
    "threshold_0.007560335006217445": {
      "count": 163,
      "chosen_f1_avg": 0.8338941437136351,
      "chosen_typecheck_rate": 0.7730061349693251
    }
  }
}