{
  "meta": {
    "results_path": "kimina_bestof_cycle_lenpen001_128_20_temp08_merged_start1580_2160_rescored_cpu.json",
    "ks": [
      4,
      8,
      16,
      32,
      64
    ],
    "score_key": "length_penalized_score"
  },
  "summary": {
    "all": {
      "k_4": {
        "count": 221,
        "f1_avg": 0.7856122967056494,
        "typecheck_rate": 0.6108597285067874
      },
      "k_8": {
        "count": 221,
        "f1_avg": 0.8071589272925905,
        "typecheck_rate": 0.6832579185520362
      },
      "k_16": {
        "count": 220,
        "f1_avg": 0.8156323543906686,
        "typecheck_rate": 0.7136363636363636
      },
      "k_32": {
        "count": 212,
        "f1_avg": 0.8195633132028498,
        "typecheck_rate": 0.7547169811320755
      },
      "k_64": {
        "count": 189,
        "f1_avg": 0.8157674846567496,
        "typecheck_rate": 0.783068783068783
      }
    },
    "tc_only": {
      "k_4": {
        "count": 216,
        "f1_avg": 0.8151460137009215,
        "typecheck_rate": 1.0
      },
      "k_8": {
        "count": 212,
        "f1_avg": 0.8202055587530345,
        "typecheck_rate": 1.0
      },
      "k_16": {
        "count": 200,
        "f1_avg": 0.8334552943876564,
        "typecheck_rate": 1.0
      },
      "k_32": {
        "count": 170,
        "f1_avg": 0.8373220550626341,
        "typecheck_rate": 1.0
      },
      "k_64": {
        "count": 110,
        "f1_avg": 0.8332370845876348,
        "typecheck_rate": 1.0
      }
    }
  }
}