{
  "meta": {
    "results_path": "kimina_bestof_cycle_lenpen001_128_20_start2160_temp08_qwen1p5_rescored_cpu.json"
  },
  "summary": {
    "count": 20,
    "pearson_avg": 0.32189228720084656,
    "pearson_median": 0.35276338091817794,
    "spearman_avg": 0.22597376343582232,
    "spearman_median": 0.25692123379677934
  }
}