{
  "meta": {
    "results_paths": [
      "kimina_bestof_cycle_lenpen001_64_20_start1120_temp08_qwen1p5_rescored_cpu.json"
    ],
    "dedupe_id": false
  },
  "summary": {
    "count": 18,
    "all_consensus_f1_avg": 0.8622545667005133,
    "tc_consensus_f1_avg": 0.8604625710231214,
    "tc_better_rate": 0.05555555555555555,
    "diff_vs_tc_rate": -0.07734746288520537,
    "diff_vs_tc_count": -0.1050343694664807
  }
}