{
  "meta": {
    "results_path": "kimina_bestof_cycle_lenpen001_128_20_temp08_merged_start1580_1880_rescored_cpu.json"
  },
  "summary": {
    "count": 134,
    "baseline_f1_avg": 0.768919367489533,
    "consensus_f1_avg": 0.8365198802705343,
    "consensus_tc_f1_avg": 0.8415570555480975,
    "consensus_typecheck_rate": 0.7985074626865671,
    "consensus_tc_typecheck_rate": 0.9925373134328358
  }
}