{
  "meta": {
    "results_path": "kimina_bestof_cycle_lenpen001_128_20_start1920_temp08_qwen1p5_rescored_cpu.json",
    "ks": [
      4,
      8,
      16,
      32,
      64
    ],
    "score_key": "length_penalized_score"
  },
  "summary": {
    "all": {
      "k_4": {
        "count": 18,
        "f1_avg": 0.812499675590431,
        "typecheck_rate": 0.7222222222222222
      },
      "k_8": {
        "count": 18,
        "f1_avg": 0.8120248364695172,
        "typecheck_rate": 0.8333333333333334
      },
      "k_16": {
        "count": 18,
        "f1_avg": 0.8207149585277811,
        "typecheck_rate": 0.9444444444444444
      },
      "k_32": {
        "count": 18,
        "f1_avg": 0.8263788809587532,
        "typecheck_rate": 0.8888888888888888
      },
      "k_64": {
        "count": 15,
        "f1_avg": 0.8214042938005407,
        "typecheck_rate": 0.8666666666666667
      }
    },
    "tc_only": {
      "k_4": {
        "count": 17,
        "f1_avg": 0.8117314283036077,
        "typecheck_rate": 1.0
      },
      "k_8": {
        "count": 17,
        "f1_avg": 0.8220076533108857,
        "typecheck_rate": 1.0
      },
      "k_16": {
        "count": 17,
        "f1_avg": 0.8266258474193964,
        "typecheck_rate": 1.0
      },
      "k_32": {
        "count": 17,
        "f1_avg": 0.8206902494702988,
        "typecheck_rate": 1.0
      },
      "k_64": {
        "count": 11,
        "f1_avg": 0.796190680826329,
        "typecheck_rate": 1.0
      }
    }
  }
}