{
  "meta": {
    "results_path": "kimina_bestof_cycle_lenpen001_64_20_start1260_temp08_qwen1p5_rescored_cpu.json"
  },
  "summary": {
    "records": 19,
    "candidate_typecheck_rate": 0.6619859578736209,
    "tc_candidate_f1_avg": 0.7938584374433951,
    "non_tc_candidate_f1_avg": 0.6732968260866968,
    "max_tc_f1_avg": 0.9281772545741074,
    "max_non_tc_f1_avg": 0.8215057742418048,
    "records_with_tc": 18,
    "records_with_non_tc": 18,
    "records_with_both": 17
  }
}