{
  "meta": {
    "results_paths": [
      "kimina_bestof_cycle_lenpen001_128_20_start2060_temp08_qwen1p5_rescored_cpu.json"
    ],
    "feature": "tc_rate",
    "direction": "ge",
    "dedupe_id": false,
    "all_consensus_f1_avg": 0.8644198793860901,
    "tc_consensus_f1_avg": 0.8531775215067703
  },
  "summary": {
    "threshold_0.333": {
      "count": 19,
      "chosen_f1_avg": 0.8675725707612327,
      "chosen_typecheck_rate": 0.8947368421052632
    }
  }
}