{
  "meta": {
    "results_path": "kimina_bestof_cycle_lenpen001_128_20_temp08_merged_start1580_2280_rescored_dedup.json",
    "folds": 5,
    "ridge": 0.001
  },
  "summary": {
    "count": 173,
    "meta_f1_avg": 0.839799681282568,
    "consensus_f1_avg": 0.8318532400904444,
    "learned_f1_avg": 0.8403596470204264,
    "meta_typecheck_rate": 0.9364161849710982,
    "choose_learned_rate": 0.5838150289017341,
    "avg_weights": [
      0.00912097566048217,
      -0.0034762233586384346,
      -0.007123708843602111,
      -7.68391459244908e-05,
      -0.008195658639590913,
      0.0016905332066183114,
      -0.0025303230768613594,
      0.007996960510461426,
      -0.013756282133905487
    ],
    "avg_threshold": 0.0013491534214838871
  }
}