{
  "meta": {
    "results_path": "kimina_bestof_cycle_lenpen001_128_20_start1940_temp08_qwen1p5_rescored_cpu.json",
    "train_results": null,
    "test_results": null,
    "folds": 5,
    "model": "ridge",
    "ridge": 0.001,
    "gbrt_estimators": 200,
    "gbrt_learning_rate": 0.05,
    "gbrt_depth": 3,
    "baseline_feature": false
  },
  "summary": {
    "count": 20,
    "baseline_f1_avg": 0.7846267890451082,
    "learned_f1_avg": 0.8352242561396975,
    "learned_tc_f1_avg": 0.8305522067883413,
    "learned_typecheck_rate": 0.95,
    "learned_tc_typecheck_rate": 1.0,
    "learned_improve_rate": 0.45,
    "learned_tc_improve_rate": 0.45,
    "avg_weights": [
      0.7083578181156834,
      -0.001234896556899673,
      0.0646622108725594,
      0.0757928462034856
    ]
  }
}