{
  "meta": {
    "results_path": "kimina_bestof_cycle_lenpen001_128_20_start2080_temp08_qwen1p5_rescored_cpu.json"
  },
  "summary": {
    "records": 19,
    "candidate_typecheck_rate": 0.7365684575389948,
    "tc_candidate_f1_avg": 0.8164683130394635,
    "non_tc_candidate_f1_avg": 0.7091529720910897,
    "max_tc_f1_avg": 0.9411425823779039,
    "max_non_tc_f1_avg": 0.8446245623392785,
    "records_with_tc": 19,
    "records_with_non_tc": 18,
    "records_with_both": 18
  }
}