{
  "meta": {
    "results_path": null,
    "train_results": "kimina_bestof_cycle_lenpen001_64_20_temp08_merged_start740_840.json",
    "test_results": "kimina_bestof_cycle_lenpen001_64_20_start700_temp06_qwen1p5_rescored_cpu.json",
    "folds": 5,
    "ridge": 0.001,
    "baseline_feature": false
  },
  "summary": {
    "count": 19,
    "baseline_f1_avg": 0.7887502687742841,
    "learned_f1_avg": 0.8561037327578793,
    "learned_tc_f1_avg": 0.8561037327578793,
    "learned_typecheck_rate": 1.0,
    "learned_tc_typecheck_rate": 1.0,
    "learned_improve_rate": 0.631578947368421,
    "learned_tc_improve_rate": 0.631578947368421,
    "avg_weights": [
      0.7041965616226069,
      0.008482085495045434,
      0.0115052270954564,
      0.06118480686628783,
      0.07093309346688544
    ]
  }
}