{
  "meta": {
    "results_path": "kimina_bestof_cycle_lenpen001_64_20_start700_temp06_qwen1p5_rescored_cpu.json"
  },
  "summary": {
    "count": 19,
    "baseline_f1_avg": 0.7887502687742841,
    "consensus_f1_avg": 0.8534050973416119,
    "consensus_tc_f1_avg": 0.8382346971517931,
    "consensus_typecheck_rate": 0.7894736842105263,
    "consensus_tc_typecheck_rate": 1.0
  }
}