{
  "meta": {
    "results_paths": [
      "kimina_bestof_cycle_lenpen001_128_20_start2240_temp08_qwen1p5_rescored_cpu.json"
    ],
    "feature": "tc_count",
    "direction": "ge",
    "dedupe_id": false,
    "all_consensus_f1_avg": 0.878271278176903,
    "tc_consensus_f1_avg": 0.8815259061011291
  },
  "summary": {
    "threshold_18.0": {
      "count": 20,
      "chosen_f1_avg": 0.8815259061011294,
      "chosen_typecheck_rate": 1.0
    },
    "threshold_21.0": {
      "count": 20,
      "chosen_f1_avg": 0.8805579690170398,
      "chosen_typecheck_rate": 1.0
    },
    "threshold_29.0": {
      "count": 20,
      "chosen_f1_avg": 0.8805579690170398,
      "chosen_typecheck_rate": 1.0
    },
    "threshold_47.0": {
      "count": 20,
      "chosen_f1_avg": 0.8805579690170398,
      "chosen_typecheck_rate": 1.0
    },
    "threshold_49.0": {
      "count": 20,
      "chosen_f1_avg": 0.8805579690170398,
      "chosen_typecheck_rate": 1.0
    },
    "threshold_62.0": {
      "count": 20,
      "chosen_f1_avg": 0.8791341123456583,
      "chosen_typecheck_rate": 0.95
    },
    "threshold_63.0": {
      "count": 20,
      "chosen_f1_avg": 0.8791341123456583,
      "chosen_typecheck_rate": 0.95
    },
    "threshold_77.0": {
      "count": 20,
      "chosen_f1_avg": 0.8774528257959506,
      "chosen_typecheck_rate": 0.95
    },
    "threshold_81.0": {
      "count": 20,
      "chosen_f1_avg": 0.878271278176903,
      "chosen_typecheck_rate": 0.9
    },
    "threshold_93.0": {
      "count": 20,
      "chosen_f1_avg": 0.878271278176903,
      "chosen_typecheck_rate": 0.9
    },
    "threshold_120.0": {
      "count": 20,
      "chosen_f1_avg": 0.878271278176903,
      "chosen_typecheck_rate": 0.9
    }
  }
}