{
  "meta": {
    "results_path": "kimina_bestof_cycle_lenpen001_64_20_temp08_merged_start740_1460_rescored_cpu_forward_kimina7b.json",
    "train_results": null,
    "test_results": null,
    "folds": 5,
    "ridge": 0.001,
    "baseline_feature": true
  },
  "summary": {
    "count": 172,
    "baseline_f1_avg": 0.7573946441610524,
    "learned_f1_avg": 0.8251063531490987,
    "learned_tc_f1_avg": 0.8233529755185827,
    "learned_typecheck_rate": 0.9593023255813954,
    "learned_tc_typecheck_rate": 0.9941860465116279,
    "learned_improve_rate": 0.6686046511627907,
    "learned_tc_improve_rate": 0.6744186046511628,
    "avg_weights": [
      0.7156619788927934,
      0.007961611935683387,
      0.011480598524996884,
      0.06412072264284518,
      0.062122114945595684,
      -0.0006029563445452202,
      0.00388611548745445
    ]
  }
}