{
  "meta": {
    "results_path": "kimina_bestof_cycle_lenpen001_128_20_temp08_merged_start1580_2060_rescored_cpu.json"
  },
  "summary": {
    "count": 159,
    "baseline_f1_avg": 0.7682287419362154,
    "consensus_f1_avg": 0.8366612738066276,
    "consensus_tc_f1_avg": 0.8398174067385449,
    "consensus_typecheck_rate": 0.7861635220125787,
    "consensus_tc_typecheck_rate": 0.9937106918238994
  }
}