{
  "meta": {
    "results_paths": [
      "kimina_bestof_cycle_lenpen001_128_20_start1980_temp08_qwen1p5_rescored_cpu.json"
    ],
    "feature": "tc_rate",
    "direction": "ge",
    "dedupe_id": false,
    "all_consensus_f1_avg": 0.7896241689833599,
    "tc_consensus_f1_avg": 0.8088527115896678
  },
  "summary": {
    "threshold_0.10236220472440945": {
      "count": 20,
      "chosen_f1_avg": 0.8088527115896678,
      "chosen_typecheck_rate": 1.0
    },
    "threshold_0.1875": {
      "count": 20,
      "chosen_f1_avg": 0.7906155738610047,
      "chosen_typecheck_rate": 0.95
    },
    "threshold_0.44565217391304346": {
      "count": 20,
      "chosen_f1_avg": 0.7875273321649532,
      "chosen_typecheck_rate": 0.9
    },
    "threshold_0.6083333333333333": {
      "count": 20,
      "chosen_f1_avg": 0.7875273321649532,
      "chosen_typecheck_rate": 0.9
    },
    "threshold_0.8": {
      "count": 20,
      "chosen_f1_avg": 0.7901143650617912,
      "chosen_typecheck_rate": 0.85
    },
    "threshold_0.8636363636363636": {
      "count": 20,
      "chosen_f1_avg": 0.7901143650617912,
      "chosen_typecheck_rate": 0.85
    },
    "threshold_0.8676470588235294": {
      "count": 20,
      "chosen_f1_avg": 0.7901143650617912,
      "chosen_typecheck_rate": 0.85
    },
    "threshold_0.875": {
      "count": 20,
      "chosen_f1_avg": 0.7901143650617912,
      "chosen_typecheck_rate": 0.85
    },
    "threshold_0.8809523809523809": {
      "count": 20,
      "chosen_f1_avg": 0.7901143650617912,
      "chosen_typecheck_rate": 0.85
    },
    "threshold_0.9696969696969697": {
      "count": 20,
      "chosen_f1_avg": 0.7896241689833599,
      "chosen_typecheck_rate": 0.85
    },
    "threshold_1.0": {
      "count": 20,
      "chosen_f1_avg": 0.7896241689833599,
      "chosen_typecheck_rate": 0.85
    }
  }
}