{
  "meta": {
    "results_path": "kimina_bestof_cycle_lenpen001_128_20_temp08_merged_start1580_2280_rescored_dedup.json",
    "train_results": null,
    "test_results": null,
    "folds": 5,
    "model": "ridge",
    "ridge": 0.001,
    "gbrt_estimators": 200,
    "gbrt_learning_rate": 0.05,
    "gbrt_depth": 3,
    "baseline_feature": false,
    "forward_feature": false,
    "embed_consensus": false,
    "context_interactions": false,
    "extra_candidate_features": true,
    "numeric_features": false,
    "nl_number_features": false,
    "nl_number_detail": false,
    "nl_number_missing_extra": true,
    "embed_model_id": null,
    "embed_batch_size": null,
    "embed_max_length": null,
    "embed_device": null
  },
  "summary": {
    "count": 173,
    "baseline_f1_avg": 0.7666813698291658,
    "learned_f1_avg": 0.8385134638725149,
    "learned_tc_f1_avg": 0.8369507155565952,
    "learned_typecheck_rate": 0.9710982658959537,
    "learned_tc_typecheck_rate": 0.9884393063583815,
    "learned_improve_rate": 0.6994219653179191,
    "learned_tc_improve_rate": 0.6936416184971098,
    "feature_names": [
      "bias",
      "len_z",
      "cons_z",
      "typecheck",
      "lenpen_z",
      "cycle_rank",
      "len_rank",
      "cons_rank",
      "tc_cons_z",
      "tc_cons_rank",
      "nl_num_missing_z",
      "nl_num_extra_z"
    ],
    "avg_weights": [
      0.7037945263428671,
      0.007484057028738558,
      0.043237869824128354,
      0.0518010870833055,
      0.009469297787335514,
      0.013164672607381429,
      0.009535526438812524,
      0.009800858628177072,
      0.030750540069962813,
      0.010118247966189094,
      -0.007436682514398958,
      -0.004819755794370208
    ]
  }
}