{
  "meta": {
    "results_path": "kimina_bestof_cycle_lenpen001_64_20_temp08_merged_start740_1460_rescored_cpu.json",
    "folds": 5,
    "model": "gbrt",
    "extra_stats": true,
    "tune_threshold": true,
    "param_grid": {
      "n_estimators": [
        100,
        200
      ],
      "learning_rate": [
        0.03,
        0.05
      ],
      "max_depth": [
        2,
        3
      ]
    }
  },
  "best": {
    "params": {
      "n_estimators": 100,
      "learning_rate": 0.03,
      "max_depth": 3
    },
    "summary": {
      "count": 172,
      "gate_f1_avg": 0.8282573520980681,
      "all_f1_avg": 0.8223287408071902,
      "tc_f1_avg": 0.8223773514840438,
      "gate_typecheck_rate": 0.8953488372093024,
      "choose_tc_rate": 0.6686046511627907,
      "choose_all_rate": 0.33139534883720934,
      "avg_threshold": -0.000768045973137854,
      "avg_importances": [
        0.0,
        0.024958289245299428,
        0.07199401691455941,
        0.09176539763292262,
        0.10468623976150475,
        0.19080955375642789,
        0.03179623076120151,
        0.02376898822156253,
        0.0189603928962697,
        0.043250105431857803,
        0.04579422896195936,
        0.026796012909966582,
        0.010835957984149559,
        0.02969675502617832,
        0.030702535829969308,
        0.07624003063397762,
        0.1695837349002801,
        0.002031286124057382,
        0.006330243007856129
      ]
    }
  },
  "results": [
    {
      "params": {
        "n_estimators": 100,
        "learning_rate": 0.03,
        "max_depth": 2
      },
      "summary": {
        "count": 172,
        "gate_f1_avg": 0.8243916604879352,
        "all_f1_avg": 0.8223287408071902,
        "tc_f1_avg": 0.8223773514840438,
        "gate_typecheck_rate": 0.8604651162790697,
        "choose_tc_rate": 0.5872093023255814,
        "choose_all_rate": 0.41279069767441856,
        "avg_threshold": 0.00010771213887735089,
        "avg_importances": [
          0.0,
          0.034374017178328456,
          0.06450236858145067,
          0.09250147375562434,
          0.07004801561072169,
          0.2174203056977297,
          0.02815574354329518,
          0.018037591648109162,
          0.027158446928103114,
          0.07095963510691443,
          0.043884861467163465,
          0.03403700423379844,
          0.012317431182564415,
          0.03839266886672266,
          0.03511263155692799,
          0.06064549716489441,
          0.14423716330288283,
          0.006162424350926862,
          0.0020527198238422385
        ]
      }
    },
    {
      "params": {
        "n_estimators": 100,
        "learning_rate": 0.03,
        "max_depth": 3
      },
      "summary": {
        "count": 172,
        "gate_f1_avg": 0.8282573520980681,
        "all_f1_avg": 0.8223287408071902,
        "tc_f1_avg": 0.8223773514840438,
        "gate_typecheck_rate": 0.8953488372093024,
        "choose_tc_rate": 0.6686046511627907,
        "choose_all_rate": 0.33139534883720934,
        "avg_threshold": -0.000768045973137854,
        "avg_importances": [
          0.0,
          0.024958289245299428,
          0.07199401691455941,
          0.09176539763292262,
          0.10468623976150475,
          0.19080955375642789,
          0.03179623076120151,
          0.02376898822156253,
          0.0189603928962697,
          0.043250105431857803,
          0.04579422896195936,
          0.026796012909966582,
          0.010835957984149559,
          0.02969675502617832,
          0.030702535829969308,
          0.07624003063397762,
          0.1695837349002801,
          0.002031286124057382,
          0.006330243007856129
        ]
      }
    },
    {
      "params": {
        "n_estimators": 100,
        "learning_rate": 0.05,
        "max_depth": 2
      },
      "summary": {
        "count": 172,
        "gate_f1_avg": 0.8270948831765504,
        "all_f1_avg": 0.8223287408071902,
        "tc_f1_avg": 0.8223773514840438,
        "gate_typecheck_rate": 0.8488372093023255,
        "choose_tc_rate": 0.5523255813953488,
        "choose_all_rate": 0.4476744186046512,
        "avg_threshold": 0.0015869764818151164,
        "avg_importances": [
          0.0,
          0.02229124994361976,
          0.060112756529630204,
          0.09248399637065113,
          0.07068171195817895,
          0.20431776860319464,
          0.031977996239406,
          0.026373582766359392,
          0.024918816807415357,
          0.08555780501536782,
          0.05414263315832781,
          0.028369382680368732,
          0.020763281502857743,
          0.038382308228790914,
          0.0354527302918405,
          0.06102286382122922,
          0.13818301320126788,
          0.004828647568619214,
          0.00013945531287470127
        ]
      }
    },
    {
      "params": {
        "n_estimators": 100,
        "learning_rate": 0.05,
        "max_depth": 3
      },
      "summary": {
        "count": 172,
        "gate_f1_avg": 0.8276791980661001,
        "all_f1_avg": 0.8223287408071902,
        "tc_f1_avg": 0.8223773514840438,
        "gate_typecheck_rate": 0.8953488372093024,
        "choose_tc_rate": 0.5813953488372093,
        "choose_all_rate": 0.41860465116279066,
        "avg_threshold": 0.00018844668186194206,
        "avg_importances": [
          0.0,
          0.02063529246731428,
          0.07065999944554936,
          0.09258449073542545,
          0.10175248324296912,
          0.18591830686982172,
          0.03314429284388147,
          0.02019723865608462,
          0.022359116948099576,
          0.05249883235012125,
          0.047359258131143285,
          0.028495842298519765,
          0.011861139765344631,
          0.026957301595179294,
          0.032996635009431036,
          0.07659106217849129,
          0.16564401864456313,
          0.004740446268321426,
          0.0056042425497393675
        ]
      }
    },
    {
      "params": {
        "n_estimators": 200,
        "learning_rate": 0.03,
        "max_depth": 2
      },
      "summary": {
        "count": 172,
        "gate_f1_avg": 0.8261701210455898,
        "all_f1_avg": 0.8223287408071902,
        "tc_f1_avg": 0.8223773514840438,
        "gate_typecheck_rate": 0.8604651162790697,
        "choose_tc_rate": 0.622093023255814,
        "choose_all_rate": 0.37790697674418605,
        "avg_threshold": 0.000279871926772124,
        "avg_importances": [
          0.0,
          0.03190827851792579,
          0.05771132703886013,
          0.08685651712703263,
          0.07412426838484094,
          0.19973546758775657,
          0.03655152332842536,
          0.020153786829964142,
          0.03142704701481418,
          0.0773452576149455,
          0.04563674449650866,
          0.03447129977896547,
          0.017994828143124458,
          0.03644640668409521,
          0.0388019025663156,
          0.06911014605318788,
          0.13433193884388273,
          0.005243735428315354,
          0.002149524561039424
        ]
      }
    },
    {
      "params": {
        "n_estimators": 200,
        "learning_rate": 0.03,
        "max_depth": 3
      },
      "summary": {
        "count": 172,
        "gate_f1_avg": 0.8271448661476585,
        "all_f1_avg": 0.8223287408071902,
        "tc_f1_avg": 0.8223773514840438,
        "gate_typecheck_rate": 0.8895348837209303,
        "choose_tc_rate": 0.5930232558139535,
        "choose_all_rate": 0.40697674418604646,
        "avg_threshold": 3.803617244546764e-05,