{
  "meta": {
    "results_path": "kimina_bestof_cycle_lenpen001_64_20_start1020_temp08_qwen1p5_rescored_cpu.json"
  },
  "summary": {
    "count": 17,
    "baseline_f1_avg": 0.7904888358279737,
    "oracle_f1_avg": 0.9592834541790528,
    "oracle_tc_f1_avg": 0.9412102441115815,
    "oracle_typecheck_rate": 0.8235294117647058,
    "oracle_tc_typecheck_rate": 1.0,
    "oracle_improve_rate": 0.9411764705882353,
    "oracle_tc_improve_rate": 0.9411764705882353
  }
}