{
  "meta": {
    "results_path": null,
    "train_results": "kimina_bestof_cycle_lenpen001_64_20_start1240_temp08_qwen1p5_rescored_cpu.json",
    "test_results": "kimina_bestof_cycle_lenpen001_64_20_start740_temp08_qwen1p5_rescored_cpu.json",
    "folds": 5,
    "ridge": 0.001,
    "baseline_feature": false
  },
  "summary": {
    "count": 18,
    "baseline_f1_avg": 0.7458911421215128,
    "learned_f1_avg": 0.8095671136563911,
    "learned_tc_f1_avg": 0.8095671136563911,
    "learned_typecheck_rate": 1.0,
    "learned_tc_typecheck_rate": 1.0,
    "learned_improve_rate": 0.7222222222222222,
    "learned_tc_improve_rate": 0.7222222222222222,
    "avg_weights": [
      0.7140629301663431,
      0.0019760102845771906,
      -0.0021436251119743717,
      0.07263495565320155,
      0.062262768677074504
    ]
  }
}