{
  "meta": {
    "results_paths": [
      "kimina_bestof_cycle_lenpen001_128_20_temp08_merged_start1580_2240_rescored_cpu.json"
    ],
    "feature": "tc_rate",
    "direction": "ge",
    "dedupe_id": false,
    "all_consensus_f1_avg": 0.8366424493576269,
    "tc_consensus_f1_avg": 0.8362946379006857
  },
  "summary": {
    "threshold_0.0": {
      "count": 650,
      "chosen_f1_avg": 0.8362946379006871,
      "chosen_typecheck_rate": 0.9953846153846154
    },
    "threshold_0.23255813953488372": {
      "count": 650,
      "chosen_f1_avg": 0.8396838774624861,
      "chosen_typecheck_rate": 0.9153846153846154
    },
    "threshold_0.44776119402985076": {
      "count": 650,
      "chosen_f1_avg": 0.8371840179292961,
      "chosen_typecheck_rate": 0.8584615384615385
    },
    "threshold_0.6046511627906976": {
      "count": 650,
      "chosen_f1_avg": 0.8368817352838734,
      "chosen_typecheck_rate": 0.8446153846153847
    },
    "threshold_0.7052631578947368": {
      "count": 650,
      "chosen_f1_avg": 0.836479485831416,
      "chosen_typecheck_rate": 0.8338461538461538
    },
    "threshold_0.7777777777777778": {
      "count": 650,
      "chosen_f1_avg": 0.8363480242757714,
      "chosen_typecheck_rate": 0.8276923076923077
    },
    "threshold_0.85": {
      "count": 650,
      "chosen_f1_avg": 0.8360578981943123,
      "chosen_typecheck_rate": 0.8246153846153846
    },
    "threshold_0.8870967741935484": {
      "count": 650,
      "chosen_f1_avg": 0.8359951210222741,
      "chosen_typecheck_rate": 0.8246153846153846
    },
    "threshold_0.927710843373494": {
      "count": 650,
      "chosen_f1_avg": 0.8361182812905981,
      "chosen_typecheck_rate": 0.8246153846153846
    },
    "threshold_0.9682539682539683": {
      "count": 650,
      "chosen_f1_avg": 0.836642449357628,
      "chosen_typecheck_rate": 0.8246153846153846
    },
    "threshold_1.0": {
      "count": 650,
      "chosen_f1_avg": 0.836642449357628,
      "chosen_typecheck_rate": 0.8246153846153846
    }
  }
}