{
  "meta": {
    "results_path": "kimina_bestof_cycle_lenpen001_128_20_start1800_temp08_qwen1p5_rescored_cpu.json",
    "train_results": null,
    "test_results": null,
    "folds": 5,
    "model": "ridge",
    "ridge": 0.001,
    "gbrt_estimators": 200,
    "gbrt_learning_rate": 0.05,
    "gbrt_depth": 3,
    "baseline_feature": false
  },
  "summary": {
    "count": 19,
    "baseline_f1_avg": 0.821670113439519,
    "learned_f1_avg": 0.8651976173188304,
    "learned_tc_f1_avg": 0.8739230117066566,
    "learned_typecheck_rate": 0.9473684210526315,
    "learned_tc_typecheck_rate": 1.0,
    "learned_improve_rate": 0.5789473684210527,
    "learned_tc_improve_rate": 0.631578947368421,
    "avg_weights": [
      0.7558682920821485,
      0.006519298716332283,
      0.06847482736195432,
      0.048419717439495316
    ]
  }
}