{
  "meta": {
    "results_path": "kimina_bestof_cycle_lenpen001_128_20_temp08_merged_start1580_1900_rescored_cpu.json"
  },
  "summary": {
    "count": 142,
    "baseline_f1_avg": 0.7715241533764351,
    "consensus_f1_avg": 0.8372745902902885,
    "consensus_tc_f1_avg": 0.8447871747350245,
    "consensus_typecheck_rate": 0.795774647887324,
    "consensus_tc_typecheck_rate": 0.9929577464788732
  }
}