{
  "meta": {
    "results_path": "kimina_bestof_cycle_lenpen001_128_20_temp08_merged_start1580_2180_rescored_cpu.json",
    "ks": [
      4,
      8,
      16,
      32,
      64
    ],
    "score_key": "length_penalized_score"
  },
  "summary": {
    "all": {
      "k_4": {
        "count": 241,
        "f1_avg": 0.7872479360736581,
        "typecheck_rate": 0.6141078838174274
      },
      "k_8": {
        "count": 241,
        "f1_avg": 0.8083664051511675,
        "typecheck_rate": 0.6846473029045643
      },
      "k_16": {
        "count": 240,
        "f1_avg": 0.8185137767685071,
        "typecheck_rate": 0.7125
      },
      "k_32": {
        "count": 230,
        "f1_avg": 0.8208084842218611,
        "typecheck_rate": 0.7478260869565218
      },
      "k_64": {
        "count": 205,
        "f1_avg": 0.8177451605956129,
        "typecheck_rate": 0.7853658536585366
      }
    },
    "tc_only": {
      "k_4": {
        "count": 236,
        "f1_avg": 0.8142171700159526,
        "typecheck_rate": 1.0
      },
      "k_8": {
        "count": 232,
        "f1_avg": 0.8209568877127423,
        "typecheck_rate": 1.0
      },
      "k_16": {
        "count": 219,
        "f1_avg": 0.8334960586700169,
        "typecheck_rate": 1.0
      },
      "k_32": {
        "count": 187,
        "f1_avg": 0.8376674273320538,
        "typecheck_rate": 1.0
      },
      "k_64": {
        "count": 119,
        "f1_avg": 0.8341554017151035,
        "typecheck_rate": 1.0
      }
    }
  }
}