{
  "meta": {
    "results_paths": [
      "kimina_bestof_cycle_lenpen001_128_20_temp08_merged_start1580_2000_rescored_cpu.json"
    ],
    "feature": "tc_count",
    "direction": "ge",
    "dedupe_id": false,
    "all_consensus_f1_avg": 0.8331422099459749,
    "tc_consensus_f1_avg": 0.8387019255291753
  },
  "summary": {
    "threshold_0.0": {
      "count": 152,
      "chosen_f1_avg": 0.838701925529175,
      "chosen_typecheck_rate": 0.993421052631579
    },
    "threshold_15.0": {
      "count": 152,
      "chosen_f1_avg": 0.8362985593821565,
      "chosen_typecheck_rate": 0.9210526315789473
    },
    "threshold_25.0": {
      "count": 152,
      "chosen_f1_avg": 0.8360648743110715,
      "chosen_typecheck_rate": 0.8881578947368421
    },
    "threshold_40.0": {
      "count": 152,
      "chosen_f1_avg": 0.8372451604199959,
      "chosen_typecheck_rate": 0.8421052631578947
    },
    "threshold_48.0": {
      "count": 152,
      "chosen_f1_avg": 0.8360858406651502,
      "chosen_typecheck_rate": 0.8289473684210527
    },
    "threshold_58.0": {
      "count": 152,
      "chosen_f1_avg": 0.8342584656505,
      "chosen_typecheck_rate": 0.8092105263157895
    },
    "threshold_70.0": {
      "count": 152,
      "chosen_f1_avg": 0.8336752333684603,
      "chosen_typecheck_rate": 0.8092105263157895
    },
    "threshold_78.0": {
      "count": 152,
      "chosen_f1_avg": 0.8346899433126264,
      "chosen_typecheck_rate": 0.7960526315789473
    },
    "threshold_86.0": {
      "count": 152,
      "chosen_f1_avg": 0.8333348504623821,
      "chosen_typecheck_rate": 0.7960526315789473
    },
    "threshold_104.0": {
      "count": 152,
      "chosen_f1_avg": 0.83320550031751,
      "chosen_typecheck_rate": 0.7960526315789473
    },
    "threshold_124.0": {
      "count": 152,
      "chosen_f1_avg": 0.8331422099459747,
      "chosen_typecheck_rate": 0.7960526315789473
    }
  }
}