{
  "meta": {
    "results_paths": [
      "kimina_bestof_cycle_lenpen001_128_20_temp08_merged_start1580_2100_rescored_cpu.json"
    ],
    "feature": "pairwise",
    "direction": "ge",
    "dedupe_id": false,
    "all_consensus_f1_avg": 0.834258064322955,
    "tc_consensus_f1_avg": 0.8388771140827725
  },
  "summary": {
    "threshold_0.42080280196176717": {
      "count": 163,
      "chosen_f1_avg": 0.8388771140827722,
      "chosen_typecheck_rate": 0.9938650306748467
    },
    "threshold_0.6732286431571424": {
      "count": 163,
      "chosen_f1_avg": 0.8346260176482886,
      "chosen_typecheck_rate": 0.950920245398773
    },
    "threshold_0.7167328665292478": {
      "count": 163,
      "chosen_f1_avg": 0.8354064867823676,
      "chosen_typecheck_rate": 0.9141104294478528
    },
    "threshold_0.7450448596298209": {
      "count": 163,
      "chosen_f1_avg": 0.8346786984940721,
      "chosen_typecheck_rate": 0.8711656441717791
    },
    "threshold_0.7635449587685335": {
      "count": 163,
      "chosen_f1_avg": 0.8333045771246288,
      "chosen_typecheck_rate": 0.8588957055214724
    },
    "threshold_0.7874921578190227": {
      "count": 163,
      "chosen_f1_avg": 0.8332002205110469,
      "chosen_typecheck_rate": 0.8466257668711656
    },
    "threshold_0.806333992277739": {
      "count": 163,
      "chosen_f1_avg": 0.8349403611150541,
      "chosen_typecheck_rate": 0.8220858895705522
    },
    "threshold_0.8216158555939785": {
      "count": 163,
      "chosen_f1_avg": 0.8366778974710283,
      "chosen_typecheck_rate": 0.803680981595092
    },
    "threshold_0.8482205336007267": {
      "count": 163,
      "chosen_f1_avg": 0.8349087627470085,
      "chosen_typecheck_rate": 0.7975460122699386
    },
    "threshold_0.8644956949031904": {
      "count": 163,
      "chosen_f1_avg": 0.834376829609346,
      "chosen_typecheck_rate": 0.7791411042944786
    },
    "threshold_0.9438914017678607": {
      "count": 163,
      "chosen_f1_avg": 0.8342580643229547,
      "chosen_typecheck_rate": 0.7730061349693251
    }
  }
}