{
  "meta": {
    "results_paths": [
      "kimina_bestof_cycle_lenpen001_128_20_start2060_temp08_qwen1p5_rescored_cpu.json"
    ],
    "dedupe_id": false
  },
  "summary": {
    "count": 19,
    "baseline_f1_avg": 0.7552331974247328,
    "consensus_f1_avg": 0.8644198793860903,
    "oracle_f1_avg": 0.9436821892699578,
    "consensus_improve_rate": 0.6842105263157895,
    "correlations": {
      "improve_vs_count": -0.14498629607845406,
      "improve_vs_tc_rate": -0.4665208999874558,
      "improve_vs_pairwise": -0.4725541568648956,
      "improve_vs_pairwise_tc": -0.5442023733389856,
      "improve_vs_consensus_margin": 0.30075281881859556,
      "improve_vs_baseline_f1": -0.823495395436287,
      "oracle_improve_vs_count": 0.053916158041103446,
      "oracle_improve_vs_pairwise": -0.6454238177559476
    }
  }
}