{
  "meta": {
    "results_path": "kimina_bestof_cycle_lenpen001_128_20_temp08_merged_start1580_1820_rescored_cpu.json"
  },
  "summary": {
    "count": 121,
    "baseline_f1_avg": 0.769849439958244,
    "consensus_f1_avg": 0.8361686730683179,
    "consensus_tc_f1_avg": 0.8412115153933637,
    "consensus_typecheck_rate": 0.7933884297520661,
    "consensus_tc_typecheck_rate": 0.9917355371900827
  }
}