{
  "meta": {
    "results_path": "kimina_bestof_cycle_lenpen001_64_20_start1540_temp08_qwen1p5_rescored_cpu.json"
  },
  "summary": {
    "records": 18,
    "candidate_typecheck_rate": 0.7788888888888889,
    "tc_candidate_f1_avg": 0.7872263803724643,
    "non_tc_candidate_f1_avg": 0.7293905066957572,
    "max_tc_f1_avg": 0.9261114837471458,
    "max_non_tc_f1_avg": 0.8527283651101084,
    "records_with_tc": 18,
    "records_with_non_tc": 17,
    "records_with_both": 17
  }
}