{
  "meta": {
    "results_paths": [
      "kimina_bestof_cycle_lenpen001_128_20_temp08_merged_start1580_2280_rescored_dedup.json"
    ],
    "dedupe_id": false
  },
  "summary": {
    "count": 173,
    "all_consensus_f1_avg": 0.831853240090444,
    "tc_consensus_f1_avg": 0.8328357071447519,
    "tc_better_rate": 0.21637426900584794,
    "diff_vs_tc_rate": 0.07204491264536352,
    "diff_vs_tc_count": 0.028202740958387998
  }
}