{
  "meta": {
    "results_path": "kimina_bestof_cycle_lenpen001_128_20_start2040_temp08_qwen1p5_rescored_cpu.json",
    "ks": [
      4,
      8,
      16,
      32,
      64
    ],
    "trials": 30,
    "seed": 0
  },
  "summary": {
    "all": {
      "k_4": {
        "count": 600,
        "f1_avg": 0.778061112479824,
        "typecheck_rate": 0.7433333333333333
      },
      "k_8": {
        "count": 600,
        "f1_avg": 0.7885606667638997,
        "typecheck_rate": 0.7616666666666667
      },
      "k_16": {
        "count": 600,
        "f1_avg": 0.7983277758391195,
        "typecheck_rate": 0.7766666666666666
      },
      "k_32": {
        "count": 540,
        "f1_avg": 0.8193988541881134,
        "typecheck_rate": 0.8092592592592592
      },
      "k_64": {
        "count": 450,
        "f1_avg": 0.8195070336022412,
        "typecheck_rate": 0.7644444444444445
      }
    },
    "tc_only": {
      "k_4": {
        "count": 600,
        "f1_avg": 0.796113485568668,
        "typecheck_rate": 1.0
      },
      "k_8": {
        "count": 570,
        "f1_avg": 0.7955072474984977,
        "typecheck_rate": 1.0
      },
      "k_16": {
        "count": 540,
        "f1_avg": 0.7924076438191078,
        "typecheck_rate": 1.0
      },
      "k_32": {
        "count": 510,
        "f1_avg": 0.8184698437231426,
        "typecheck_rate": 1.0
      },
      "k_64": {
        "count": 210,
        "f1_avg": 0.7697498410440103,
        "typecheck_rate": 1.0
      }
    }
  }
}