{
  "meta": {
    "results_path": "kimina_bestof_cycle_lenpen001_128_20_start2260_temp08_qwen1p5_rescored_cpu.json",
    "train_results": null,
    "test_results": null,
    "folds": 5,
    "model": "ridge",
    "ridge": 0.001,
    "gbrt_estimators": 200,
    "gbrt_learning_rate": 0.05,
    "gbrt_depth": 3,
    "baseline_feature": false
  },
  "summary": {
    "count": 18,
    "baseline_f1_avg": 0.7518969952380332,
    "learned_f1_avg": 0.7674629539581487,
    "learned_tc_f1_avg": 0.7926093045724606,
    "learned_typecheck_rate": 0.5555555555555556,
    "learned_tc_typecheck_rate": 1.0,
    "learned_improve_rate": 0.6111111111111112,
    "learned_tc_improve_rate": 0.7777777777777778,
    "avg_weights": [
      0.7383186143859072,
      0.008979107589869202,
      -0.0060878946561352485,
      0.07724791925115199,
      -0.011711177261638521
    ]
  }
}