{
  "meta": {
    "results_path": "kimina_bestof_cycle_lenpen001_128_20_start2060_temp08_qwen1p5_rescored_cpu.json",
    "ks": [
      4,
      8,
      16,
      32,
      64
    ],
    "trials": 30,
    "seed": 0
  },
  "summary": {
    "all": {
      "k_4": {
        "count": 570,
        "f1_avg": 0.8287850622806386,
        "typecheck_rate": 0.8122807017543859
      },
      "k_8": {
        "count": 570,
        "f1_avg": 0.8486955190148963,
        "typecheck_rate": 0.8807017543859649
      },
      "k_16": {
        "count": 570,
        "f1_avg": 0.8570462010735262,
        "typecheck_rate": 0.8982456140350877
      },
      "k_32": {
        "count": 570,
        "f1_avg": 0.8584592237083797,
        "typecheck_rate": 0.9017543859649123
      },
      "k_64": {
        "count": 420,
        "f1_avg": 0.8417018059118563,
        "typecheck_rate": 0.9261904761904762
      }
    },
    "tc_only": {
      "k_4": {
        "count": 570,
        "f1_avg": 0.8371351163112337,
        "typecheck_rate": 1.0
      },
      "k_8": {
        "count": 540,
        "f1_avg": 0.868751346355866,
        "typecheck_rate": 1.0
      },
      "k_16": {
        "count": 540,
        "f1_avg": 0.8752647623713826,
        "typecheck_rate": 1.0
      },
      "k_32": {
        "count": 450,
        "f1_avg": 0.8763261844530236,
        "typecheck_rate": 1.0
      },
      "k_64": {
        "count": 300,
        "f1_avg": 0.8434351357293106,
        "typecheck_rate": 1.0
      }
    }
  }
}