{
  "meta": {
    "results_paths": [
      "kimina_bestof_cycle_lenpen001_64_20_start1400_temp08_qwen1p5_rescored_cpu.json"
    ],
    "dedupe_id": false
  },
  "summary": {
    "count": 17,
    "baseline_f1_avg": 0.8318773414500711,
    "consensus_f1_avg": 0.845942845608894,
    "oracle_f1_avg": 0.9381715816752981,
    "consensus_improve_rate": 0.47058823529411764,
    "correlations": {
      "improve_vs_count": 0.27230239621973895,
      "improve_vs_tc_rate": -0.06761634529844508,
      "improve_vs_pairwise": 0.7117434390472103,
      "improve_vs_pairwise_tc": 0.6475425974772422,
      "improve_vs_consensus_margin": -0.3716184321851136,
      "improve_vs_baseline_f1": -0.6103547150622269,
      "oracle_improve_vs_count": 0.48625372094528957,
      "oracle_improve_vs_pairwise": 0.2730421730361232
    }
  }
}