{
  "meta": {
    "results_paths": [
      "kimina_bestof_cycle_lenpen001_128_20_temp08_merged_start1580_2040_rescored_cpu.json"
    ],
    "feature": "tc_rate",
    "direction": "ge",
    "dedupe_id": false,
    "all_consensus_f1_avg": 0.8362321768134665,
    "tc_consensus_f1_avg": 0.8394082852702696
  },
  "summary": {
    "threshold_0.0": {
      "count": 158,
      "chosen_f1_avg": 0.8394082852702692,
      "chosen_typecheck_rate": 0.9936708860759493
    },
    "threshold_0.1485148514851485": {
      "count": 158,
      "chosen_f1_avg": 0.839132119269985,
      "chosen_typecheck_rate": 0.9177215189873418
    },
    "threshold_0.3508771929824561": {
      "count": 158,
      "chosen_f1_avg": 0.839753265971217,
      "chosen_typecheck_rate": 0.8607594936708861
    },
    "threshold_0.5268817204301075": {
      "count": 158,
      "chosen_f1_avg": 0.8378896005300308,
      "chosen_typecheck_rate": 0.8227848101265823
    },
    "threshold_0.6326530612244898": {
      "count": 158,
      "chosen_f1_avg": 0.837239753316228,
      "chosen_typecheck_rate": 0.8164556962025317
    },
    "threshold_0.7142857142857143": {
      "count": 158,
      "chosen_f1_avg": 0.8375865171881551,
      "chosen_typecheck_rate": 0.7974683544303798
    },
    "threshold_0.7863247863247863": {
      "count": 158,
      "chosen_f1_avg": 0.8373394854399907,
      "chosen_typecheck_rate": 0.7911392405063291
    },
    "threshold_0.8571428571428571": {
      "count": 158,
      "chosen_f1_avg": 0.8366938261792499,
      "chosen_typecheck_rate": 0.7848101265822784
    },
    "threshold_0.9010989010989011": {
      "count": 158,
      "chosen_f1_avg": 0.8365400825211758,
      "chosen_typecheck_rate": 0.7848101265822784
    },
    "threshold_0.9553571428571429": {
      "count": 158,
      "chosen_f1_avg": 0.8362321768134663,
      "chosen_typecheck_rate": 0.7848101265822784
    },
    "threshold_1.0": {
      "count": 158,
      "chosen_f1_avg": 0.8362321768134663,
      "chosen_typecheck_rate": 0.7848101265822784
    }
  }
}