{
  "meta": {
    "results_path": "kimina_bestof_cycle_lenpen001_128_20_start2140_temp08_qwen1p5_rescored_cpu.json",
    "ks": [
      4,
      8,
      16,
      32,
      64
    ],
    "score_key": "length_penalized_score"
  },
  "summary": {
    "all": {
      "k_4": {
        "count": 19,
        "f1_avg": 0.7990339384182369,
        "typecheck_rate": 0.7894736842105263
      },
      "k_8": {
        "count": 19,
        "f1_avg": 0.8029789152168402,
        "typecheck_rate": 0.9473684210526315
      },
      "k_16": {
        "count": 18,
        "f1_avg": 0.8084090072458985,
        "typecheck_rate": 0.9444444444444444
      },
      "k_32": {
        "count": 17,
        "f1_avg": 0.7883993781263048,
        "typecheck_rate": 0.9411764705882353
      },
      "k_64": {
        "count": 16,
        "f1_avg": 0.7917103060103041,
        "typecheck_rate": 0.9375
      }
    },
    "tc_only": {
      "k_4": {
        "count": 18,
        "f1_avg": 0.8030121555187408,
        "typecheck_rate": 1.0
      },
      "k_8": {
        "count": 18,
        "f1_avg": 0.7886335411809987,
        "typecheck_rate": 1.0
      },
      "k_16": {
        "count": 18,
        "f1_avg": 0.7947755843381804,
        "typecheck_rate": 1.0
      },
      "k_32": {
        "count": 16,
        "f1_avg": 0.7939883611834533,
        "typecheck_rate": 1.0
      },
      "k_64": {
        "count": 13,
        "f1_avg": 0.7842653002240497,
        "typecheck_rate": 1.0
      }
    }
  }
}