{
  "meta": {
    "results_path": "kimina_bestof_cycle_lenpen001_128_20_start1740_temp08_qwen1p5_rescored_cpu.json",
    "ks": [
      4,
      8,
      16,
      32,
      64
    ],
    "score_key": "cycle_score"
  },
  "summary": {
    "all": {
      "k_4": {
        "count": 18,
        "f1_avg": 0.7774525034407653,
        "typecheck_rate": 0.7222222222222222
      },
      "k_8": {
        "count": 18,
        "f1_avg": 0.8039318811053944,
        "typecheck_rate": 0.7777777777777778
      },
      "k_16": {
        "count": 18,
        "f1_avg": 0.83281355160152,
        "typecheck_rate": 0.7777777777777778
      },
      "k_32": {
        "count": 17,
        "f1_avg": 0.8388820210225547,
        "typecheck_rate": 0.8235294117647058
      },
      "k_64": {
        "count": 15,
        "f1_avg": 0.8241068430173251,
        "typecheck_rate": 0.8
      }
    },
    "tc_only": {
      "k_4": {
        "count": 17,
        "f1_avg": 0.7981401883896285,
        "typecheck_rate": 1.0
      },
      "k_8": {
        "count": 17,
        "f1_avg": 0.8246825724564611,
        "typecheck_rate": 1.0
      },
      "k_16": {
        "count": 16,
        "f1_avg": 0.8368575225536247,
        "typecheck_rate": 1.0
      },
      "k_32": {
        "count": 14,
        "f1_avg": 0.8451933236437588,
        "typecheck_rate": 1.0
      },
      "k_64": {
        "count": 11,
        "f1_avg": 0.8118799242819642,
        "typecheck_rate": 1.0
      }
    }
  }
}