{
  "meta": {
    "results_path": "kimina_bestof_cycle_lenpen001_128_20_start2040_temp08_qwen1p5_rescored_cpu.json",
    "ks": [
      4,
      8,
      16,
      32,
      64
    ],
    "score_key": "cycle_score"
  },
  "summary": {
    "all": {
      "k_4": {
        "count": 20,
        "f1_avg": 0.7760090903534417,
        "typecheck_rate": 0.65
      },
      "k_8": {
        "count": 20,
        "f1_avg": 0.7674980944873502,
        "typecheck_rate": 0.7
      },
      "k_16": {
        "count": 20,
        "f1_avg": 0.7822050864480043,
        "typecheck_rate": 0.75
      },
      "k_32": {
        "count": 18,
        "f1_avg": 0.8214784699074389,
        "typecheck_rate": 0.7777777777777778
      },
      "k_64": {
        "count": 15,
        "f1_avg": 0.8298684335140873,
        "typecheck_rate": 0.8
      }
    },
    "tc_only": {
      "k_4": {
        "count": 20,
        "f1_avg": 0.789914426669892,
        "typecheck_rate": 1.0
      },
      "k_8": {
        "count": 19,
        "f1_avg": 0.7789797201350038,
        "typecheck_rate": 1.0
      },
      "k_16": {
        "count": 18,
        "f1_avg": 0.7889122805006443,
        "typecheck_rate": 1.0
      },
      "k_32": {
        "count": 17,
        "f1_avg": 0.8052557578024029,
        "typecheck_rate": 1.0
      },
      "k_64": {
        "count": 7,
        "f1_avg": 0.7686887959356945,
        "typecheck_rate": 1.0
      }
    }
  }
}