{
  "meta": {
    "results_path": "kimina_bestof_cycle_lenpen001_64_20_start1380_temp08_qwen1p5_rescored_cpu.json"
  },
  "summary": {
    "records": 19,
    "candidate_typecheck_rate": 0.6158068057080132,
    "tc_candidate_f1_avg": 0.7921706226270434,
    "non_tc_candidate_f1_avg": 0.6702080099628757,
    "max_tc_f1_avg": 0.9167411284753412,
    "max_non_tc_f1_avg": 0.8089633412958259,
    "records_with_tc": 19,
    "records_with_non_tc": 18,
    "records_with_both": 18
  }
}