{
  "meta": {
    "results_path": "kimina_bestof_cycle_lenpen001_128_20_start2020_temp08_qwen1p5_rescored_cpu.json"
  },
  "summary": {
    "count": 19,
    "baseline_f1_avg": 0.8431138053980637,
    "oracle_f1_avg": 0.9516552858345108,
    "oracle_tc_f1_avg": 0.9485424692394442,
    "oracle_typecheck_rate": 0.9473684210526315,
    "oracle_tc_typecheck_rate": 1.0,
    "oracle_improve_rate": 0.8947368421052632,
    "oracle_tc_improve_rate": 0.8947368421052632
  }
}