{
  "meta": {
    "results_path": null,
    "train_results": "kimina_bestof_cycle_lenpen001_128_20_temp08_merged_start1580_1620_rescored_cpu.json",
    "test_results": "kimina_bestof_cycle_lenpen001_128_20_start1640_temp08_qwen1p5_rescored_cpu.json",
    "folds": 5,
    "model": "ridge",
    "ridge": 0.001,
    "gbrt_estimators": 200,
    "gbrt_learning_rate": 0.05,
    "gbrt_depth": 3,
    "baseline_feature": false
  },
  "summary": {
    "count": 20,
    "baseline_f1_avg": 0.7960940806753437,
    "learned_f1_avg": 0.8703828443652595,
    "learned_tc_f1_avg": 0.8689967899434908,
    "learned_typecheck_rate": 0.95,
    "learned_tc_typecheck_rate": 1.0,
    "learned_improve_rate": 0.65,
    "learned_tc_improve_rate": 0.65,
    "avg_weights": [
      0.733418562186599,
      0.004959002453346341,
      0.07746030605257699,
      0.055026594906896036
    ]
  }
}