{
  "meta": {
    "results_path": "kimina_bestof_cycle_lenpen001_128_20_start1680_temp08_qwen1p5_rescored_cpu.json"
  },
  "summary": {
    "count": 17,
    "pearson_avg": 0.22356608196826247,
    "pearson_median": 0.1959239896741516,
    "spearman_avg": 0.12932241218058504,
    "spearman_median": 0.17039067034536365
  }
}