{
  "meta": {
    "results_path": null,
    "train_results": "kimina_bestof_cycle_lenpen001_64_20_start1200_temp08_qwen1p5_rescored_cpu.json",
    "test_results": "kimina_bestof_cycle_lenpen001_64_20_start740_temp08_qwen1p5_rescored_cpu.json",
    "folds": 5,
    "ridge": 0.001,
    "baseline_feature": false
  },
  "summary": {
    "count": 18,
    "baseline_f1_avg": 0.7458911421215128,
    "learned_f1_avg": 0.8296407330710186,
    "learned_tc_f1_avg": 0.8296407330710186,
    "learned_typecheck_rate": 1.0,
    "learned_tc_typecheck_rate": 1.0,
    "learned_improve_rate": 0.8888888888888888,
    "learned_tc_improve_rate": 0.8888888888888888,
    "avg_weights": [
      0.7307607657981228,
      0.002357561176391752,
      0.030830153324399912,
      0.06289913683817473,
      0.0753050930669623
    ]
  }
}