{
  "meta": {
    "results_path": "kimina_bestof_cycle_lenpen001_128_20_temp08_merged_start1580_2240_rescored_cpu.json",
    "ks": [
      4,
      8,
      16,
      32,
      64
    ],
    "score_key": "cycle_score"
  },
  "summary": {
    "all": {
      "k_4": {
        "count": 650,
        "f1_avg": 0.7927493981738987,
        "typecheck_rate": 0.6569230769230769
      },
      "k_8": {
        "count": 650,
        "f1_avg": 0.8102100551903393,
        "typecheck_rate": 0.7261538461538461
      },
      "k_16": {
        "count": 648,
        "f1_avg": 0.8242102805562278,
        "typecheck_rate": 0.7438271604938271
      },
      "k_32": {
        "count": 613,
        "f1_avg": 0.832330423899708,
        "typecheck_rate": 0.7960848287112561
      },
      "k_64": {
        "count": 523,
        "f1_avg": 0.826102058226367,
        "typecheck_rate": 0.8030592734225621
      }
    },
    "tc_only": {
      "k_4": {
        "count": 640,
        "f1_avg": 0.8121598893352653,
        "typecheck_rate": 1.0
      },
      "k_8": {
        "count": 630,
        "f1_avg": 0.8248499583181103,
        "typecheck_rate": 1.0
      },
      "k_16": {
        "count": 600,
        "f1_avg": 0.8392189312763364,
        "typecheck_rate": 1.0
      },
      "k_32": {
        "count": 512,
        "f1_avg": 0.8410086080724213,
        "typecheck_rate": 1.0
      },
      "k_64": {
        "count": 307,
        "f1_avg": 0.8330174017467312,
        "typecheck_rate": 1.0
      }
    }
  }
}