{
  "meta": {
    "results_path": "kimina_bestof_cycle_lenpen001_temp08_merged_64_128_rescored.json",
    "mask_identifiers": "short",
    "min_len": 2
  },
  "summary": {
    "count": 859,
    "baseline_f1_avg": 0.8175294117805154,
    "consensus_f1_avg": 0.8666569150942187,
    "consensus_tc_f1_avg": 0.8629738045117463,
    "consensus_typecheck_rate": 0.8125727590221188,
    "consensus_tc_typecheck_rate": 0.9953434225844005
  }
}