{
  "meta": {
    "results_path": "kimina_bestof_cycle_lenpen001_128_20_temp08_merged_start1580_2280_rescored_dedup.json",
    "folds": 5,
    "ridge": 0.001,
    "model": "gbrt",
    "gbrt_estimators": 200,
    "gbrt_learning_rate": 0.05,
    "gbrt_max_depth": 3
  },
  "summary": {
    "count": 173,
    "meta_f1_avg": 0.8352470584671275,
    "consensus_f1_avg": 0.8318532400904444,
    "learned_f1_avg": 0.8403596470204264,
    "meta_typecheck_rate": 0.8497109826589595,
    "choose_learned_rate": 0.5664739884393064,
    "avg_threshold": 0.0007408018654384973,
    "avg_feature_importances": [
      0.0,
      0.03515363555001839,
      0.2820458519651837,
      0.13595901428561186,
      0.21834579462163006,
      0.004197533702459909,
      0.13649293638572052,
      0.13757398780537763,
      0.002515774120688971,
      0.04771547156330895
    ]
  }
}