{
  "meta": {
    "results_path": "kimina_bestof_cycle_lenpen001_128_20_start2000_temp08_qwen1p5_rescored_cpu.json",
    "ks": [
      4,
      8,
      16,
      32,
      64
    ],
    "score_key": "cycle_score"
  },
  "summary": {
    "all": {
      "k_4": {
        "count": 19,
        "f1_avg": 0.8002842022992457,
        "typecheck_rate": 0.6842105263157895
      },
      "k_8": {
        "count": 19,
        "f1_avg": 0.8122467781008574,
        "typecheck_rate": 0.6842105263157895
      },
      "k_16": {
        "count": 19,
        "f1_avg": 0.8291016415464698,
        "typecheck_rate": 0.6842105263157895
      },
      "k_32": {
        "count": 18,
        "f1_avg": 0.8281596943365088,
        "typecheck_rate": 0.6666666666666666
      },
      "k_64": {
        "count": 14,
        "f1_avg": 0.8297475061920642,
        "typecheck_rate": 0.7142857142857143
      }
    },
    "tc_only": {
      "k_4": {
        "count": 18,
        "f1_avg": 0.8048494444476844,
        "typecheck_rate": 1.0
      },
      "k_8": {
        "count": 18,
        "f1_avg": 0.8137289210152127,
        "typecheck_rate": 1.0
      },
      "k_16": {
        "count": 17,
        "f1_avg": 0.8505444165975364,
        "typecheck_rate": 1.0
      },
      "k_32": {
        "count": 13,
        "f1_avg": 0.8487614758260371,
        "typecheck_rate": 1.0
      },
      "k_64": {
        "count": 6,
        "f1_avg": 0.8397392749205522,
        "typecheck_rate": 1.0
      }
    }
  }
}