{
  "meta": {
    "results_path": "kimina_bestof_cycle_lenpen001_64_20_start940_temp08_qwen1p5_rescored_cpu.json"
  },
  "summary": {
    "count": 18,
    "pearson_avg": 0.33357542467355894,
    "pearson_median": 0.34625188442320054,
    "spearman_avg": 0.2063365938339422,
    "spearman_median": 0.2119159515013504
  }
}