{
  "meta": {
    "results_paths": [
      "kimina_bestof_cycle_lenpen001_128_20_start1720_temp08_qwen1p5_rescored_cpu.json"
    ],
    "dedupe_id": false
  },
  "summary": {
    "count": 18,
    "baseline_f1_avg": 0.77047514643764,
    "consensus_f1_avg": 0.8516126783347547,
    "oracle_f1_avg": 0.9245677400820718,
    "consensus_improve_rate": 0.6666666666666666,
    "correlations": {
      "improve_vs_count": 0.45586910985300877,
      "improve_vs_tc_rate": -0.2753805870887247,
      "improve_vs_pairwise": -0.5964889181059977,
      "improve_vs_pairwise_tc": -0.6049729011539067,
      "improve_vs_consensus_margin": 0.10121786313892067,
      "improve_vs_baseline_f1": -0.7143845106344453,
      "oracle_improve_vs_count": 0.5485102705511823,
      "oracle_improve_vs_pairwise": -0.5124753805666669
    }
  }
}