{
  "meta": {
    "results_paths": [
      "kimina_bestof_cycle_lenpen001_64_20_start1400_temp08_qwen1p5_rescored_cpu.json"
    ],
    "dedupe_id": false
  },
  "summary": {
    "count": 17,
    "all_consensus_f1_avg": 0.845942845608894,
    "tc_consensus_f1_avg": 0.8498822791222206,
    "tc_better_rate": 0.11764705882352941,
    "diff_vs_tc_rate": 0.23640156268399082,
    "diff_vs_tc_count": 0.14939881168066244
  }
}