{
  "meta": {
    "results_paths": [
      "kimina_bestof_cycle_lenpen001_128_20_start2140_temp08_qwen1p5_rescored_cpu.json"
    ],
    "feature": "tc_rate",
    "direction": "ge",
    "dedupe_id": false,
    "all_consensus_f1_avg": 0.8031629799284533,
    "tc_consensus_f1_avg": 0.7989002539949613
  },
  "summary": {
    "threshold_0.0": {
      "count": 19,
      "chosen_f1_avg": 0.7989002539949613,
      "chosen_typecheck_rate": 0.9473684210526315
    },
    "threshold_0.569620253164557": {
      "count": 19,
      "chosen_f1_avg": 0.7989002539949613,
      "chosen_typecheck_rate": 0.9473684210526315
    },
    "threshold_0.7375": {
      "count": 19,
      "chosen_f1_avg": 0.7993066916319245,
      "chosen_typecheck_rate": 0.9473684210526315
    },
    "threshold_0.7543859649122807": {
      "count": 19,
      "chosen_f1_avg": 0.7993066916319245,
      "chosen_typecheck_rate": 0.9473684210526315
    },
    "threshold_0.8617021276595744": {
      "count": 19,
      "chosen_f1_avg": 0.7993066916319245,
      "chosen_typecheck_rate": 0.9473684210526315
    },
    "threshold_0.8907563025210085": {
      "count": 19,
      "chosen_f1_avg": 0.7993066916319245,
      "chosen_typecheck_rate": 0.9473684210526315
    },
    "threshold_0.9105691056910569": {
      "count": 19,
      "chosen_f1_avg": 0.7980281917384662,
      "chosen_typecheck_rate": 0.9473684210526315
    },
    "threshold_0.9411764705882353": {
      "count": 19,
      "chosen_f1_avg": 0.7980281917384662,
      "chosen_typecheck_rate": 0.9473684210526315
    },
    "threshold_0.9428571428571428": {
      "count": 19,
      "chosen_f1_avg": 0.7980281917384662,
      "chosen_typecheck_rate": 0.9473684210526315
    },
    "threshold_0.9726027397260274": {
      "count": 19,
      "chosen_f1_avg": 0.8031629799284533,
      "chosen_typecheck_rate": 0.9473684210526315
    },
    "threshold_0.987012987012987": {
      "count": 19,
      "chosen_f1_avg": 0.8031629799284533,
      "chosen_typecheck_rate": 0.9473684210526315
    }
  }
}