{
  "meta": {
    "results_path": null,
    "train_results": "kimina_bestof_cycle_lenpen001_128_20_temp08_merged_start1580_2280_rescored.json",
    "test_results": "kimina_bestof_cycle_lenpen001_64_20_temp08_merged_start740_1460_rescored_cpu.json",
    "folds": 5,
    "model": "ridge",
    "ridge": 0.001,
    "gbrt_estimators": 200,
    "gbrt_learning_rate": 0.05,
    "gbrt_depth": 3,
    "baseline_feature": false,
    "forward_feature": false,
    "embed_consensus": false,
    "context_interactions": false,
    "extra_candidate_features": true,
    "numeric_features": false,
    "nl_number_features": false,
    "nl_number_detail": false,
    "nl_number_missing_extra": true,
    "nl_number_missing_extra_ratio": false,
    "nl_number_missing_extra_signed": true,
    "embed_model_id": null,
    "embed_batch_size": null,
    "embed_max_length": null,
    "embed_device": null
  },
  "summary": {
    "count": 172,
    "baseline_f1_avg": 0.757394644161052,
    "learned_f1_avg": 0.8315841772822566,
    "learned_tc_f1_avg": 0.8268866197014543,
    "learned_typecheck_rate": 0.9534883720930233,
    "learned_tc_typecheck_rate": 0.9941860465116279,
    "learned_improve_rate": 0.6686046511627907,
    "learned_tc_improve_rate": 0.6744186046511628,
    "feature_names": [
      "bias",
      "len_z",
      "cons_z",
      "typecheck",
      "lenpen_z",
      "cycle_rank",
      "len_rank",
      "cons_rank",
      "tc_cons_z",
      "tc_cons_rank",
      "nl_num_missing_z",
      "nl_num_extra_z",
      "nl_num_signed_delta_z"
    ],
    "avg_weights": [
      0.7224533793543929,
      0.006488107354297333,
      0.05314912093983973,
      0.03911774707937314,
      0.009671578268286673,
      0.012296300760551463,
      -0.0021387220326851727,
      0.018323653245088695,
      0.021622872725864366,
      0.0013732641596565433,
      -0.006250151417662999,
      -0.0034862452734585165,
      0.0012583244477425127
    ]
  }
}