{
  "meta": {
    "results_path": "kimina_bestof_cycle_lenpen01_16_100_start100_temp02.json"
  },
  "summary": {
    "alpha_0.0": {
      "count": 72,
      "all_f1_avg": 0.8068783304455827,
      "all_typecheck_rate": 0.75,
      "tc_f1_avg": 0.8048246248958802,
      "tc_typecheck_rate": 0.8888888888888888
    },
    "alpha_0.001": {
      "count": 72,
      "all_f1_avg": 0.7982265682899151,
      "all_typecheck_rate": 0.7638888888888888,
      "tc_f1_avg": 0.7974121955993115,
      "tc_typecheck_rate": 0.8888888888888888
    },
    "alpha_0.002": {
      "count": 72,
      "all_f1_avg": 0.7967308785873803,
      "all_typecheck_rate": 0.7777777777777778,
      "tc_f1_avg": 0.7963643123341665,
      "tc_typecheck_rate": 0.8888888888888888
    },
    "alpha_0.005": {
      "count": 72,
      "all_f1_avg": 0.7967308785873803,
      "all_typecheck_rate": 0.7777777777777778,
      "tc_f1_avg": 0.7963643123341665,
      "tc_typecheck_rate": 0.8888888888888888
    },
    "alpha_0.01": {
      "count": 72,
      "all_f1_avg": 0.7967308785873803,
      "all_typecheck_rate": 0.7777777777777778,
      "tc_f1_avg": 0.7963643123341665,
      "tc_typecheck_rate": 0.8888888888888888
    },
    "alpha_0.02": {
      "count": 72,
      "all_f1_avg": 0.7967308785873803,
      "all_typecheck_rate": 0.7777777777777778,
      "tc_f1_avg": 0.7963643123341665,
      "tc_typecheck_rate": 0.8888888888888888
    }
  }
}