{
  "meta": {
    "results_path": "kimina_bestof_cycle_lenpen001_64_20_start720_temp06_qwen1p5_rescored_cpu.json"
  },
  "summary": {
    "count": 17,
    "baseline_f1_avg": 0.7038562820857999,
    "oracle_f1_avg": 0.8668877934541046,
    "oracle_tc_f1_avg": 0.8649915672683555,
    "oracle_typecheck_rate": 0.9411764705882353,
    "oracle_tc_typecheck_rate": 1.0,
    "oracle_improve_rate": 1.0,
    "oracle_tc_improve_rate": 1.0
  }
}