{
  "meta": {
    "results_path": "kimina_bestof_cycle_lenpen001_temp06_merged_start600_700_forward_kimina7b.json",
    "train_results": null,
    "test_results": null,
    "folds": 5,
    "ridge": 0.001,
    "baseline_feature": false
  },
  "summary": {
    "count": 70,
    "baseline_f1_avg": 0.7651247646470724,
    "learned_f1_avg": 0.8261805839377191,
    "learned_tc_f1_avg": 0.8233340230911583,
    "learned_typecheck_rate": 0.9571428571428572,
    "learned_tc_typecheck_rate": 0.9714285714285714,
    "learned_improve_rate": 0.5857142857142857,
    "learned_tc_improve_rate": 0.5714285714285714,
    "avg_weights": [
      0.7091964682662943,
      0.012028015974311633,
      0.006862739942137343,
      0.037931139252804925,
      0.09605669384045695
    ]
  }
}