{
  "meta": {
    "results_path": "kimina_bestof_cycle_lenpen001_64_20_start1240_temp08_qwen1p5_rescored_cpu.json"
  },
  "summary": {
    "count": 20,
    "pearson_avg": 0.24973328958633548,
    "pearson_median": 0.2853835832251148,
    "spearman_avg": 0.1281781760417304,
    "spearman_median": 0.21284568429656955
  }
}