{
  "meta": {
    "results_path": "kimina_bestof_cycle_lenpen001_128_20_temp08_merged_start1580_2020_rescored_cpu.json"
  },
  "summary": {
    "count": 156,
    "baseline_f1_avg": 0.7706421097348323,
    "consensus_f1_avg": 0.8353384402668315,
    "consensus_tc_f1_avg": 0.840363996557349,
    "consensus_typecheck_rate": 0.7948717948717948,
    "consensus_tc_typecheck_rate": 0.9935897435897436
  }
}