{
  "meta": {
    "results_path": "kimina_bestof_cycle_lenpen001_16_100_start500_qwen1p5_rescored_cpu.json"
  },
  "summary": {
    "alpha_0.0_beta_0.0": {
      "count": 72,
      "all_f1_avg": 0.748791998946808,
      "all_typecheck_rate": 0.6527777777777778,
      "tc_f1_avg": 0.7516729373672795,
      "tc_typecheck_rate": 0.8472222222222222
    },
    "alpha_0.0_beta_0.5": {
      "count": 72,
      "all_f1_avg": 0.7594447097142136,
      "all_typecheck_rate": 0.6666666666666666,
      "tc_f1_avg": 0.7578468530640424,
      "tc_typecheck_rate": 0.8472222222222222
    },
    "alpha_0.0_beta_1.0": {
      "count": 72,
      "all_f1_avg": 0.766521790332819,
      "all_typecheck_rate": 0.6527777777777778,
      "tc_f1_avg": 0.7614934136984833,
      "tc_typecheck_rate": 0.8472222222222222
    },
    "alpha_0.0_beta_2.0": {
      "count": 72,
      "all_f1_avg": 0.7661790962347684,
      "all_typecheck_rate": 0.6944444444444444,
      "tc_f1_avg": 0.7603368106052648,
      "tc_typecheck_rate": 0.8472222222222222
    },
    "alpha_0.0_beta_3.0": {
      "count": 72,
      "all_f1_avg": 0.7673742511457212,
      "all_typecheck_rate": 0.7083333333333334,
      "tc_f1_avg": 0.7607231106843743,
      "tc_typecheck_rate": 0.8472222222222222
    },
    "alpha_0.001_beta_0.0": {
      "count": 72,
      "all_f1_avg": 0.7553457084778464,
      "all_typecheck_rate": 0.6666666666666666,
      "tc_f1_avg": 0.7519158488105125,
      "tc_typecheck_rate": 0.8472222222222222
    },
    "alpha_0.001_beta_0.5": {
      "count": 72,
      "all_f1_avg": 0.7594447097142136,
      "all_typecheck_rate": 0.6666666666666666,
      "tc_f1_avg": 0.7556587360130569,
      "tc_typecheck_rate": 0.8472222222222222
    },
    "alpha_0.001_beta_1.0": {
      "count": 72,
      "all_f1_avg": 0.764982680065056,
      "all_typecheck_rate": 0.6527777777777778,
      "tc_f1_avg": 0.7580224694485179,
      "tc_typecheck_rate": 0.8472222222222222
    },
    "alpha_0.001_beta_2.0": {
      "count": 72,
      "all_f1_avg": 0.7649697216103711,
      "all_typecheck_rate": 0.6666666666666666,
      "tc_f1_avg": 0.7603328252712939,
      "tc_typecheck_rate": 0.8472222222222222
    },
    "alpha_0.001_beta_3.0": {
      "count": 72,
      "all_f1_avg": 0.7667258448661528,
      "all_typecheck_rate": 0.7222222222222222,
      "tc_f1_avg": 0.7599611070111159,
      "tc_typecheck_rate": 0.8472222222222222
    },
    "alpha_0.002_beta_0.0": {
      "count": 72,
      "all_f1_avg": 0.7531896204346293,
      "all_typecheck_rate": 0.6666666666666666,
      "tc_f1_avg": 0.7520544848204721,
      "tc_typecheck_rate": 0.8472222222222222
    },
    "alpha_0.002_beta_0.5": {
      "count": 72,
      "all_f1_avg": 0.7574493777397907,
      "all_typecheck_rate": 0.6666666666666666,
      "tc_f1_avg": 0.756351533624119,
      "tc_typecheck_rate": 0.8472222222222222
    },
    "alpha_0.002_beta_1.0": {
      "count": 72,
      "all_f1_avg": 0.7630722472731867,
      "all_typecheck_rate": 0.6527777777777778,
      "tc_f1_avg": 0.7578431490358413,
      "tc_typecheck_rate": 0.8472222222222222
    },
    "alpha_0.002_beta_2.0": {
      "count": 72,
      "all_f1_avg": 0.7650791224498964,
      "all_typecheck_rate": 0.6666666666666666,
      "tc_f1_avg": 0.7601314376222249,
      "tc_typecheck_rate": 0.8472222222222222
    },
    "alpha_0.002_beta_3.0": {
      "count": 72,
      "all_f1_avg": 0.764494428999953,
      "all_typecheck_rate": 0.7083333333333334,
      "tc_f1_avg": 0.758154991419718,
      "tc_typecheck_rate": 0.8472222222222222
    },
    "alpha_0.005_beta_0.0": {
      "count": 72,
      "all_f1_avg": 0.7556337600739407,
      "all_typecheck_rate": 0.6666666666666666,
      "tc_f1_avg": 0.7526075961294768,
      "tc_typecheck_rate": 0.8472222222222222
    },
    "alpha_0.005_beta_0.5": {
      "count": 72,
      "all_f1_avg": 0.7571851295546499,
      "all_typecheck_rate": 0.6666666666666666,
      "tc_f1_avg": 0.756806495122526,
      "tc_typecheck_rate": 0.8472222222222222
    },
    "alpha_0.005_beta_1.0": {
      "count": 72,
      "all_f1_avg": 0.7614226071517051,
      "all_typecheck_rate": 0.6666666666666666,
      "tc_f1_avg": 0.7588240491041628,
      "tc_typecheck_rate": 0.8472222222222222
    },
    "alpha_0.005_beta_2.0": {
      "count": 72,
      "all_f1_avg": 0.7628291369089969,
      "all_typecheck_rate": 0.6944444444444444,
      "tc_f1_avg": 0.759496183986824,
      "tc_typecheck_rate": 0.8472222222222222
    },
    "alpha_0.005_beta_3.0": {
      "count": 72,
      "all_f1_avg": 0.7634747338496006,
      "all_typecheck_rate": 0.6805555555555556,
      "tc_f1_avg": 0.7599989295499201,
      "tc_typecheck_rate": 0.8472222222222222
    },
    "alpha_0.01_beta_0.0": {
      "count": 72,
      "all_f1_avg": 0.7416306416670695,
      "all_typecheck_rate": 0.6527777777777778,
      "tc_f1_avg": 0.7485312023389202,
      "tc_typecheck_rate": 0.8472222222222222
    },
    "alpha_0.01_beta_0.5": {
      "count": 72,
      "all_f1_avg": 0.7506544733218736,
      "all_typecheck_rate": 0.6805555555555556,
      "tc_f1_avg": 0.7482353779965014,
      "tc_typecheck_rate": 0.8472222222222222
    },
    "alpha_0.01_beta_1.0": {
      "count": 72,
      "all_f1_avg": 0.7586365486799935,
      "all_typecheck_rate": 0.6805555555555556,
      "tc_f1_avg": 0.7562174533546212,
      "tc_typecheck_rate": 0.8472222222222222
    },
    "alpha_0.01_beta_2.0": {
      "count": 72,
      "all_f1_avg": 0.761325674397164,
      "all_typecheck_rate": 0.6805555555555556,
      "tc_f1_avg": 0.7580566834632954,
      "tc_typecheck_rate": 0.8472222222222222
    },
    "alpha_0.01_beta_3.0": {
      "count": 72,
      "all_f1_avg": 0.761761019614927,
      "all_typecheck_rate": 0.6944444444444444,
      "tc_f1_avg": 0.7584280666927542,
      "tc_typecheck_rate": 0.8472222222222222
    },
    "alpha_0.02_beta_0.0": {
      "count": 72,
      "all_f1_avg": 0.7405078416050064,
      "all_typecheck_rate": 0.6666666666666666,
      "tc_f1_avg": 0.7484194623408039,
      "tc_typecheck_rate": 0.8472222222222222
    },
    "alpha_0.02_beta_0.5": {
      "count": 72,
      "all_f1_avg": 0.7398755148394096,
      "all_typecheck_rate": 0.6666666666666666,
      "tc_f1_avg": 0.7462864216433366,
      "tc_typecheck_rate": 0.8472222222222222
    },
    "alpha_0.02_beta_1.0": {
      "count": 72,
      "all_f1_avg": 0.7498054986981624,
      "all_typecheck_rate": 0.6805555555555556,
      "tc_f1_avg": 0.7501289886841827,
      "tc_typecheck_rate": 0.8472222222222222
    },
    "alpha_0.02_beta_2.0": {
      "count": 72,
      "all_f1_avg": 0.7552243821316339,
      "all_typecheck_rate": 0.6805555555555556,
      "tc_f1_avg": 0.7551663627823135,
      "tc_typecheck_rate": 0.8472222222222222
    },
    "alpha_0.02_beta_3.0": {
      "count": 72,
      "all_f1_avg": 0.7553318104552572,
      "all_typecheck_rate": 0.6805555555555556,
      "tc_f1_avg": 0.7545828574832162,
      "tc_typecheck_rate": 0.8472222222222222
    }
  }
}