{
  "meta": {
    "results_path": "kimina_bestof_cycle_lenpen001_128_20_temp08_merged_start1580_2260_rescored_cpu.json",
    "folds": 5,
    "model": "gbrt",
    "extra_stats": false,
    "tune_threshold": true,
    "param_grid": {
      "n_estimators": [
        100,
        200
      ],
      "learning_rate": [
        0.03,
        0.05
      ],
      "max_depth": [
        2,
        3
      ]
    }
  },
  "best": {
    "params": {
      "n_estimators": 100,
      "learning_rate": 0.03,
      "max_depth": 3
    },
    "summary": {
      "count": 668,
      "gate_f1_avg": 0.8399889465021443,
      "all_f1_avg": 0.8354716107569191,
      "tc_f1_avg": 0.8350599926671749,
      "gate_typecheck_rate": 0.9176646706586826,
      "choose_tc_rate": 0.5449101796407185,
      "choose_all_rate": 0.45508982035928147,
      "avg_threshold": 0.0006294254016288537,
      "avg_importances": [
        0.0,
        0.13986788008210577,
        0.14754633171838555,
        0.2523123994480877,
        0.17539168177989203,
        0.26355369576440146,
        0.021328011207127538
      ]
    }
  },
  "results": [
    {
      "params": {
        "n_estimators": 100,
        "learning_rate": 0.03,
        "max_depth": 2
      },
      "summary": {
        "count": 668,
        "gate_f1_avg": 0.8395662350272959,
        "all_f1_avg": 0.8354716107569191,
        "tc_f1_avg": 0.8350599926671749,
        "gate_typecheck_rate": 0.9281437125748503,
        "choose_tc_rate": 0.5404191616766467,
        "choose_all_rate": 0.4595808383233533,
        "avg_threshold": 0.0015681773725409152,
        "avg_importances": [
          0.0,
          0.14193730880864475,
          0.16551676656454353,
          0.25573040048396783,
          0.18410164709600685,
          0.24762748115764172,
          0.005086395889195306
        ]
      }
    },
    {
      "params": {
        "n_estimators": 100,
        "learning_rate": 0.03,
        "max_depth": 3
      },
      "summary": {
        "count": 668,
        "gate_f1_avg": 0.8399889465021443,
        "all_f1_avg": 0.8354716107569191,
        "tc_f1_avg": 0.8350599926671749,
        "gate_typecheck_rate": 0.9176646706586826,
        "choose_tc_rate": 0.5449101796407185,
        "choose_all_rate": 0.45508982035928147,
        "avg_threshold": 0.0006294254016288537,
        "avg_importances": [
          0.0,
          0.13986788008210577,
          0.14754633171838555,
          0.2523123994480877,
          0.17539168177989203,
          0.26355369576440146,
          0.021328011207127538
        ]
      }
    },
    {
      "params": {
        "n_estimators": 100,
        "learning_rate": 0.05,
        "max_depth": 2
      },
      "summary": {
        "count": 668,
        "gate_f1_avg": 0.8395353915342894,
        "all_f1_avg": 0.8354716107569191,
        "tc_f1_avg": 0.8350599926671749,
        "gate_typecheck_rate": 0.9296407185628742,
        "choose_tc_rate": 0.5344311377245509,
        "choose_all_rate": 0.46556886227544914,
        "avg_threshold": 0.0006088021071486714,
        "avg_importances": [
          0.0,
          0.13223880308958477,
          0.1384444269716677,
          0.2738966815616225,
          0.2008816101205501,
          0.24644008854859717,
          0.008098389707977743
        ]
      }
    },
    {
      "params": {
        "n_estimators": 100,
        "learning_rate": 0.05,
        "max_depth": 3
      },
      "summary": {
        "count": 668,
        "gate_f1_avg": 0.8395017075533163,
        "all_f1_avg": 0.8354716107569191,
        "tc_f1_avg": 0.8350599926671749,
        "gate_typecheck_rate": 0.9221556886227545,
        "choose_tc_rate": 0.6287425149700598,
        "choose_all_rate": 0.37125748502994016,
        "avg_threshold": 0.0005115109420302298,
        "avg_importances": [
          0.0,
          0.1513811014364071,
          0.12617197858845766,
          0.26782906843045623,
          0.183522380043732,
          0.24701589127986753,
          0.024079580221079516
        ]
      }
    },
    {
      "params": {
        "n_estimators": 200,
        "learning_rate": 0.03,
        "max_depth": 2
      },
      "summary": {
        "count": 668,
        "gate_f1_avg": 0.8392515944419648,
        "all_f1_avg": 0.8354716107569191,
        "tc_f1_avg": 0.8350599926671749,
        "gate_typecheck_rate": 0.9221556886227545,
        "choose_tc_rate": 0.5538922155688623,
        "choose_all_rate": 0.44610778443113774,
        "avg_threshold": 0.0007527929779672451,
        "avg_importances": [
          0.0,
          0.13404472712968957,
          0.1520831699701589,
          0.258161721638478,
          0.19882665888336049,
          0.2472907843132664,
          0.0095929380650467
        ]
      }
    },
    {
      "params": {
        "n_estimators": 200,
        "learning_rate": 0.03,
        "max_depth": 3
      },
      "summary": {
        "count": 668,
        "gate_f1_avg": 0.8394841339760059,
        "all_f1_avg": 0.8354716107569191,
        "tc_f1_avg": 0.8350599926671749,
        "gate_typecheck_rate": 0.9251497005988024,
        "choose_tc_rate": 0.6197604790419161,
        "choose_all_rate": 0.3802395209580839,
        "avg_threshold": 0.00025877344112291213,
        "avg_importances": [
          0.0,
          0.14156282624326402,
          0.138115189150568,
          0.250825298231051,
          0.1881613912067927,
          0.25573145603232367,
          0.025603839136000638
        ]
      }
    },
    {
      "params": {
        "n_estimators": 200,
        "learning_rate": 0.05,
        "max_depth": 2
      },
      "summary": {
        "count": 668,
        "gate_f1_avg": 0.8393355413241625,
        "all_f1_avg": 0.8354716107569191,
        "tc_f1_avg": 0.8350599926671749,
        "gate_typecheck_rate": 0.9221556886227545,
        "choose_tc_rate": 0.6467065868263473,
        "choose_all_rate": 0.3532934131736527,
        "avg_threshold": 0.0001760235435417663,
        "avg_importances": [
          0.0,
          0.13064830349663792,
          0.12991814146110783,
          0.2825423721358571,
          0.2052223737654245,
          0.23983448332088958,
          0.01183432582008311
        ]
      }
    },
    {
      "params": {
        "n_estimators": 200,
        "learning_rate": 0.05,
        "max_depth": 3
      },
      "summary": {
        "count": 668,
        "gate_f1_avg": 0.8394598212527501,
        "all_f1_avg": 0.8354716107569191,
        "tc_f1_avg": 0.8350599926671749,
        "gate_typecheck_rate": 0.9221556886227545,
        "choose_tc_rate": 0.624251497005988,
        "choose_all_rate": 0.37574850299401197,
        "avg_threshold": -0.00012836252735231183,
        "avg_importances": [
          0.0,
          0.1485097264351421,
          0.12222546836926189,
          0.26813352817201286,
          0.18913817553959567,
          0.24336412793860834,
          0.02862897354537921
        ]
      }
    }
  ]
}