{
  "meta": {
    "results_path": "kimina_bestof_cycle_lenpen001_64_20_start760_temp08_qwen1p5_rescored_cpu.json"
  },
  "summary": {
    "alpha_0.0_beta_0.0": {
      "count": 17,
      "all_f1_avg": 0.7125665820543925,
      "all_typecheck_rate": 0.8235294117647058,
      "tc_f1_avg": 0.6901166986587953,
      "tc_typecheck_rate": 1.0
    },
    "alpha_0.0_beta_0.5": {
      "count": 17,
      "all_f1_avg": 0.7519834523934131,
      "all_typecheck_rate": 0.8823529411764706,
      "tc_f1_avg": 0.7127943385136813,
      "tc_typecheck_rate": 1.0
    },
    "alpha_0.0_beta_1.0": {
      "count": 17,
      "all_f1_avg": 0.7519834523934131,
      "all_typecheck_rate": 0.8823529411764706,
      "tc_f1_avg": 0.7154074886038972,
      "tc_typecheck_rate": 1.0
    },
    "alpha_0.0_beta_2.0": {
      "count": 17,
      "all_f1_avg": 0.793674677645883,
      "all_typecheck_rate": 0.9411764705882353,
      "tc_f1_avg": 0.7539574656455205,
      "tc_typecheck_rate": 1.0
    },
    "alpha_0.0_beta_3.0": {
      "count": 17,
      "all_f1_avg": 0.7807613620762023,
      "all_typecheck_rate": 0.9411764705882353,
      "tc_f1_avg": 0.7447280478773846,
      "tc_typecheck_rate": 1.0
    },
    "alpha_0.001_beta_0.0": {
      "count": 17,
      "all_f1_avg": 0.7187400776834577,
      "all_typecheck_rate": 0.8235294117647058,
      "tc_f1_avg": 0.6962901942878603,
      "tc_typecheck_rate": 1.0
    },
    "alpha_0.001_beta_0.5": {
      "count": 17,
      "all_f1_avg": 0.7444702083690129,
      "all_typecheck_rate": 0.8823529411764706,
      "tc_f1_avg": 0.7052810944892811,
      "tc_typecheck_rate": 1.0
    },
    "alpha_0.001_beta_1.0": {
      "count": 17,
      "all_f1_avg": 0.7569369861012326,
      "all_typecheck_rate": 0.8823529411764706,
      "tc_f1_avg": 0.7203610223117167,
      "tc_typecheck_rate": 1.0
    },
    "alpha_0.001_beta_2.0": {
      "count": 17,
      "all_f1_avg": 0.7859058125240768,
      "all_typecheck_rate": 0.9411764705882353,
      "tc_f1_avg": 0.749872498325259,
      "tc_typecheck_rate": 1.0
    },
    "alpha_0.001_beta_3.0": {
      "count": 17,
      "all_f1_avg": 0.7865761017651812,
      "all_typecheck_rate": 0.9411764705882353,
      "tc_f1_avg": 0.7505427875663635,
      "tc_typecheck_rate": 1.0
    },
    "alpha_0.002_beta_0.0": {
      "count": 17,
      "all_f1_avg": 0.6949400897174236,
      "all_typecheck_rate": 0.7058823529411765,
      "tc_f1_avg": 0.6906126067971678,
      "tc_typecheck_rate": 1.0
    },
    "alpha_0.002_beta_0.5": {
      "count": 17,
      "all_f1_avg": 0.746941245883855,
      "all_typecheck_rate": 0.8823529411764706,
      "tc_f1_avg": 0.7103652820943392,
      "tc_typecheck_rate": 1.0
    },
    "alpha_0.002_beta_1.0": {
      "count": 17,
      "all_f1_avg": 0.7576518011426486,
      "all_typecheck_rate": 0.8823529411764706,
      "tc_f1_avg": 0.7210758373531327,
      "tc_typecheck_rate": 1.0
    },
    "alpha_0.002_beta_2.0": {
      "count": 17,
      "all_f1_avg": 0.780860306559453,
      "all_typecheck_rate": 0.9411764705882353,
      "tc_f1_avg": 0.7448269923606353,
      "tc_typecheck_rate": 1.0
    },
    "alpha_0.002_beta_3.0": {
      "count": 17,
      "all_f1_avg": 0.7815305958005576,
      "all_typecheck_rate": 0.9411764705882353,
      "tc_f1_avg": 0.7454972816017399,
      "tc_typecheck_rate": 1.0
    },
    "alpha_0.005_beta_0.0": {
      "count": 17,
      "all_f1_avg": 0.683553960725179,
      "all_typecheck_rate": 0.6470588235294118,
      "tc_f1_avg": 0.6799336518193785,
      "tc_typecheck_rate": 1.0
    },
    "alpha_0.005_beta_0.5": {
      "count": 17,
      "all_f1_avg": 0.7130328456111148,
      "all_typecheck_rate": 0.7647058823529411,
      "tc_f1_avg": 0.6965724140713094,
      "tc_typecheck_rate": 1.0
    },
    "alpha_0.005_beta_1.0": {
      "count": 17,
      "all_f1_avg": 0.7310182369050174,
      "all_typecheck_rate": 0.8823529411764706,
      "tc_f1_avg": 0.7146550129645253,
      "tc_typecheck_rate": 1.0
    },
    "alpha_0.005_beta_2.0": {
      "count": 17,
      "all_f1_avg": 0.76890278004115,
      "all_typecheck_rate": 0.9411764705882353,
      "tc_f1_avg": 0.7328694658423323,
      "tc_typecheck_rate": 1.0
    },
    "alpha_0.005_beta_3.0": {
      "count": 17,
      "all_f1_avg": 0.77994859936562,
      "all_typecheck_rate": 0.9411764705882353,
      "tc_f1_avg": 0.7439152851668023,
      "tc_typecheck_rate": 1.0
    },
    "alpha_0.01_beta_0.0": {
      "count": 17,
      "all_f1_avg": 0.6656764493787907,
      "all_typecheck_rate": 0.6470588235294118,
      "tc_f1_avg": 0.6685259140575529,
      "tc_typecheck_rate": 1.0
    },
    "alpha_0.01_beta_0.5": {
      "count": 17,
      "all_f1_avg": 0.685743786497402,
      "all_typecheck_rate": 0.7058823529411765,
      "tc_f1_avg": 0.6885932511761642,
      "tc_typecheck_rate": 1.0
    },
    "alpha_0.01_beta_1.0": {
      "count": 17,
      "all_f1_avg": 0.7258571421531319,
      "all_typecheck_rate": 0.8235294117647058,
      "tc_f1_avg": 0.7022604083703466,
      "tc_typecheck_rate": 1.0
    },
    "alpha_0.01_beta_2.0": {
      "count": 17,
      "all_f1_avg": 0.7454416972482657,
      "all_typecheck_rate": 0.8823529411764706,
      "tc_f1_avg": 0.7260205834851778,
      "tc_typecheck_rate": 1.0
    },
    "alpha_0.01_beta_3.0": {
      "count": 17,
      "all_f1_avg": 0.7454416972482657,
      "all_typecheck_rate": 0.8823529411764706,
      "tc_f1_avg": 0.7260205834851778,
      "tc_typecheck_rate": 1.0
    },
    "alpha_0.02_beta_0.0": {
      "count": 17,
      "all_f1_avg": 0.5457808772367251,
      "all_typecheck_rate": 0.47058823529411764,
      "tc_f1_avg": 0.5988678611013721,
      "tc_typecheck_rate": 1.0
    },
    "alpha_0.02_beta_0.5": {
      "count": 17,
      "all_f1_avg": 0.6412082777064426,
      "all_typecheck_rate": 0.47058823529411764,
      "tc_f1_avg": 0.6726423434298993,
      "tc_typecheck_rate": 1.0
    },
    "alpha_0.02_beta_1.0": {
      "count": 17,
      "all_f1_avg": 0.6829910356260268,
      "all_typecheck_rate": 0.6470588235294118,
      "tc_f1_avg": 0.6887875561886116,
      "tc_typecheck_rate": 1.0
    },
    "alpha_0.02_beta_2.0": {
      "count": 17,
      "all_f1_avg": 0.7132933056989884,
      "all_typecheck_rate": 0.7647058823529411,
      "tc_f1_avg": 0.6955859046421573,
      "tc_typecheck_rate": 1.0
    },
    "alpha_0.02_beta_3.0": {
      "count": 17,
      "all_f1_avg": 0.7206948213085703,
      "all_typecheck_rate": 0.7647058823529411,
      "tc_f1_avg": 0.7087592387830732,
      "tc_typecheck_rate": 1.0
    }
  }
}