{
  "meta": {
    "results_paths": [
      "kimina_bestof_cycle_lenpen001_64_20_start1340_temp08_qwen1p5_rescored_cpu.json"
    ],
    "dedupe_id": false
  },
  "summary": {
    "count": 18,
    "all_consensus_f1_avg": 0.8563069153742002,
    "tc_consensus_f1_avg": 0.8553923183882641,
    "tc_better_rate": 0.16666666666666666,
    "diff_vs_tc_rate": -0.03964913724617728,
    "diff_vs_tc_count": -0.013677932732307493
  }
}