{
  "meta": {
    "results_path": "kimina_bestof_cycle_lenpen001_64_20_start1180_temp08_qwen1p5_rescored_cpu.json"
  },
  "summary": {
    "alpha_0.0_beta_0.0": {
      "count": 19,
      "all_f1_avg": 0.7442192290096649,
      "all_typecheck_rate": 0.7368421052631579,
      "tc_f1_avg": 0.7608541977466213,
      "tc_typecheck_rate": 1.0
    },
    "alpha_0.0_beta_0.5": {
      "count": 19,
      "all_f1_avg": 0.778578504773683,
      "all_typecheck_rate": 0.7368421052631579,
      "tc_f1_avg": 0.7899302087605106,
      "tc_typecheck_rate": 1.0
    },
    "alpha_0.0_beta_1.0": {
      "count": 19,
      "all_f1_avg": 0.798362645877538,
      "all_typecheck_rate": 0.7368421052631579,
      "tc_f1_avg": 0.8060934740772703,
      "tc_typecheck_rate": 1.0
    },
    "alpha_0.0_beta_2.0": {
      "count": 19,
      "all_f1_avg": 0.8305741544266653,
      "all_typecheck_rate": 0.8421052631578947,
      "tc_f1_avg": 0.8121028831964806,
      "tc_typecheck_rate": 1.0
    },
    "alpha_0.0_beta_3.0": {
      "count": 19,
      "all_f1_avg": 0.8111364776842587,
      "all_typecheck_rate": 0.8421052631578947,
      "tc_f1_avg": 0.7953198694272965,
      "tc_typecheck_rate": 1.0
    },
    "alpha_0.001_beta_0.0": {
      "count": 19,
      "all_f1_avg": 0.7473552988493358,
      "all_typecheck_rate": 0.7894736842105263,
      "tc_f1_avg": 0.7566260071327869,
      "tc_typecheck_rate": 1.0
    },
    "alpha_0.001_beta_0.5": {
      "count": 19,
      "all_f1_avg": 0.7811881128602616,
      "all_typecheck_rate": 0.7368421052631579,
      "tc_f1_avg": 0.7908938915035952,
      "tc_typecheck_rate": 1.0
    },
    "alpha_0.001_beta_1.0": {
      "count": 19,
      "all_f1_avg": 0.8007146032287114,
      "all_typecheck_rate": 0.7368421052631579,
      "tc_f1_avg": 0.8084454314284436,
      "tc_typecheck_rate": 1.0
    },
    "alpha_0.001_beta_2.0": {
      "count": 19,
      "all_f1_avg": 0.8334135301083851,
      "all_typecheck_rate": 0.8421052631578947,
      "tc_f1_avg": 0.8149422588782005,
      "tc_typecheck_rate": 1.0
    },
    "alpha_0.001_beta_3.0": {
      "count": 19,
      "all_f1_avg": 0.803637210034615,
      "all_typecheck_rate": 0.8421052631578947,
      "tc_f1_avg": 0.7882921052844601,
      "tc_typecheck_rate": 1.0
    },
    "alpha_0.002_beta_0.0": {
      "count": 19,
      "all_f1_avg": 0.7232372905612656,
      "all_typecheck_rate": 0.7368421052631579,
      "tc_f1_avg": 0.7566260071327869,
      "tc_typecheck_rate": 1.0
    },
    "alpha_0.002_beta_0.5": {
      "count": 19,
      "all_f1_avg": 0.7811881128602616,
      "all_typecheck_rate": 0.7368421052631579,
      "tc_f1_avg": 0.7908938915035952,
      "tc_typecheck_rate": 1.0
    },
    "alpha_0.002_beta_1.0": {
      "count": 19,
      "all_f1_avg": 0.8015165868749541,
      "all_typecheck_rate": 0.7368421052631579,
      "tc_f1_avg": 0.8092474150746863,
      "tc_typecheck_rate": 1.0
    },
    "alpha_0.002_beta_2.0": {
      "count": 19,
      "all_f1_avg": 0.8359138847686207,
      "all_typecheck_rate": 0.8421052631578947,
      "tc_f1_avg": 0.8213712184732329,
      "tc_typecheck_rate": 1.0
    },
    "alpha_0.002_beta_3.0": {
      "count": 19,
      "all_f1_avg": 0.803637210034615,
      "all_typecheck_rate": 0.8421052631578947,
      "tc_f1_avg": 0.7882921052844601,
      "tc_typecheck_rate": 1.0
    },
    "alpha_0.005_beta_0.0": {
      "count": 19,
      "all_f1_avg": 0.7361018305092623,
      "all_typecheck_rate": 0.5789473684210527,
      "tc_f1_avg": 0.7592392851039061,
      "tc_typecheck_rate": 1.0
    },
    "alpha_0.005_beta_0.5": {
      "count": 19,
      "all_f1_avg": 0.7867197966495593,
      "all_typecheck_rate": 0.6842105263157895,
      "tc_f1_avg": 0.7843137435385875,
      "tc_typecheck_rate": 1.0
    },
    "alpha_0.005_beta_1.0": {
      "count": 19,
      "all_f1_avg": 0.8042873054351464,
      "all_typecheck_rate": 0.7894736842105263,
      "tc_f1_avg": 0.8092474150746863,
      "tc_typecheck_rate": 1.0
    },
    "alpha_0.005_beta_2.0": {
      "count": 19,
      "all_f1_avg": 0.8000756767456801,
      "all_typecheck_rate": 0.7368421052631579,
      "tc_f1_avg": 0.7853371950571086,
      "tc_typecheck_rate": 1.0
    },
    "alpha_0.005_beta_3.0": {
      "count": 19,
      "all_f1_avg": 0.8102350398879272,
      "all_typecheck_rate": 0.8947368421052632,
      "tc_f1_avg": 0.7911227430167169,
      "tc_typecheck_rate": 1.0
    },
    "alpha_0.01_beta_0.0": {
      "count": 19,
      "all_f1_avg": 0.6686115920952321,
      "all_typecheck_rate": 0.47368421052631576,
      "tc_f1_avg": 0.7574372213068642,
      "tc_typecheck_rate": 1.0
    },
    "alpha_0.01_beta_0.5": {
      "count": 19,
      "all_f1_avg": 0.7119425189611646,
      "all_typecheck_rate": 0.6842105263157895,
      "tc_f1_avg": 0.7760841463001935,
      "tc_typecheck_rate": 1.0
    },
    "alpha_0.01_beta_1.0": {
      "count": 19,
      "all_f1_avg": 0.7425842117533937,
      "all_typecheck_rate": 0.7894736842105263,
      "tc_f1_avg": 0.7614876722204406,
      "tc_typecheck_rate": 1.0
    },
    "alpha_0.01_beta_2.0": {
      "count": 19,
      "all_f1_avg": 0.7855377017425001,
      "all_typecheck_rate": 0.7894736842105263,
      "tc_f1_avg": 0.7739073376629391,
      "tc_typecheck_rate": 1.0
    },
    "alpha_0.01_beta_3.0": {
      "count": 19,
      "all_f1_avg": 0.8096075144513112,
      "all_typecheck_rate": 0.8421052631578947,
      "tc_f1_avg": 0.7919251814714838,
      "tc_typecheck_rate": 1.0
    },
    "alpha_0.02_beta_0.0": {
      "count": 19,
      "all_f1_avg": 0.6586594100659419,
      "all_typecheck_rate": 0.5263157894736842,
      "tc_f1_avg": 0.726312557750914,
      "tc_typecheck_rate": 1.0
    },
    "alpha_0.02_beta_0.5": {
      "count": 19,
      "all_f1_avg": 0.6622347956434073,
      "all_typecheck_rate": 0.5263157894736842,
      "tc_f1_avg": 0.7451042638558799,
      "tc_typecheck_rate": 1.0
    },
    "alpha_0.02_beta_1.0": {
      "count": 19,
      "all_f1_avg": 0.6932068221455526,
      "all_typecheck_rate": 0.631578947368421,
      "tc_f1_avg": 0.7561698915253475,
      "tc_typecheck_rate": 1.0
    },
    "alpha_0.02_beta_2.0": {
      "count": 19,
      "all_f1_avg": 0.7496884560200088,
      "all_typecheck_rate": 0.6842105263157895,
      "tc_f1_avg": 0.7594382611446122,
      "tc_typecheck_rate": 1.0
    },
    "alpha_0.02_beta_3.0": {
      "count": 19,
      "all_f1_avg": 0.7945958684840224,
      "all_typecheck_rate": 0.8421052631578947,
      "tc_f1_avg": 0.779178040597818,
      "tc_typecheck_rate": 1.0
    }
  }
}