{
  "meta": {
    "results_path": "kimina_bestof_cycle_lenpen001_64_20_start1300_temp08_qwen1p5_rescored_cpu.json"
  },
  "summary": {
    "count": 19,
    "baseline_f1_avg": 0.7922446318981005,
    "consensus_f1_avg": 0.8167015686994795,
    "consensus_tc_f1_avg": 0.8198463837013974,
    "consensus_typecheck_rate": 0.7894736842105263,
    "consensus_tc_typecheck_rate": 1.0
  }
}