{
  "meta": {
    "results_paths": [
      "kimina_bestof_cycle_lenpen001_128_20_temp08_merged_start1580_2180_rescored_cpu.json"
    ],
    "feature": "tc_rate",
    "direction": "ge",
    "dedupe_id": false,
    "all_consensus_f1_avg": 0.8311278560609715,
    "tc_consensus_f1_avg": 0.8343916360585736
  },
  "summary": {
    "threshold_0.333": {
      "count": 241,
      "chosen_f1_avg": 0.8339223538356715,
      "chosen_typecheck_rate": 0.8796680497925311
    }
  }
}