{
  "meta": {
    "results_path": "kimina_bestof_cycle_lenpen001_temp06_merged_start600_700.json",
    "train_results": null,
    "test_results": null,
    "folds": 5,
    "ridge": 0.001,
    "baseline_feature": false
  },
  "summary": {
    "count": 70,
    "baseline_f1_avg": 0.7651247646470724,
    "learned_f1_avg": 0.806122752187123,
    "learned_tc_f1_avg": 0.8087940695703049,
    "learned_typecheck_rate": 0.9428571428571428,
    "learned_tc_typecheck_rate": 0.9714285714285714,
    "learned_improve_rate": 0.5571428571428572,
    "learned_tc_improve_rate": 0.5428571428571428,
    "avg_weights": [
      0.7105984933246916,
      0.0073040459610989854,
      0.040507873812609466,
      0.09422670120837477
    ]
  }
}