{
  "meta": {
    "results_path": "kimina_bestof_cycle_lenpen001_128_20_start1660_temp08_qwen1p5_rescored_cpu.json"
  },
  "summary": {
    "count": 19,
    "baseline_f1_avg": 0.7295274488876821,
    "oracle_f1_avg": 0.9353706657823843,
    "oracle_tc_f1_avg": 0.9238706836195865,
    "oracle_typecheck_rate": 0.7894736842105263,
    "oracle_tc_typecheck_rate": 1.0,
    "oracle_improve_rate": 1.0,
    "oracle_tc_improve_rate": 0.9473684210526315
  }
}