{
  "meta": {
    "results_paths": [
      "kimina_bestof_cycle_lenpen001_128_20_start1580_temp08_qwen1p5_rescored_cpu.json",
      "kimina_bestof_cycle_lenpen001_128_20_start1600_temp08_qwen1p5_rescored_cpu.json",
      "kimina_bestof_cycle_lenpen001_128_20_start1620_temp08_qwen1p5_rescored_cpu.json",
      "kimina_bestof_cycle_lenpen001_128_20_start1640_temp08_qwen1p5_rescored_cpu.json",
      "kimina_bestof_cycle_lenpen001_128_20_start1660_temp08_qwen1p5_rescored_cpu.json",
      "kimina_bestof_cycle_lenpen001_128_20_start1680_temp08_qwen1p5_rescored_cpu.json",
      "kimina_bestof_cycle_lenpen001_128_20_start1700_temp08_qwen1p5_rescored_cpu.json",
      "kimina_bestof_cycle_lenpen001_128_20_start1720_temp08_qwen1p5_rescored_cpu.json",
      "kimina_bestof_cycle_lenpen001_128_20_start1740_temp08_qwen1p5_rescored_cpu.json",
      "kimina_bestof_cycle_lenpen001_128_20_start1760_temp08_qwen1p5_rescored_cpu.json",
      "kimina_bestof_cycle_lenpen001_128_20_start1780_temp08_qwen1p5_rescored_cpu.json",
      "kimina_bestof_cycle_lenpen001_128_20_start1800_temp08_qwen1p5_rescored_cpu.json",
      "kimina_bestof_cycle_lenpen001_128_20_start1820_temp08_qwen1p5_rescored_cpu.json",
      "kimina_bestof_cycle_lenpen001_128_20_start1840_temp08_qwen1p5_rescored_cpu.json",
      "kimina_bestof_cycle_lenpen001_128_20_start1860_temp08_qwen1p5_rescored_cpu.json"
    ],
    "feature": "tc_rate",
    "direction": "ge",
    "dedupe_id": true,
    "all_consensus_f1_avg": 0.8383230275235235,
    "tc_consensus_f1_avg": 0.84274466087465
  },
  "summary": {
    "threshold_0.0": {
      "count": 129,
      "chosen_f1_avg": 0.8427446608746497,
      "chosen_typecheck_rate": 0.9922480620155039
    },
    "threshold_0.1937984496124031": {
      "count": 129,
      "chosen_f1_avg": 0.8467930967015802,
      "chosen_typecheck_rate": 0.9147286821705426
    },
    "threshold_0.3865546218487395": {
      "count": 129,
      "chosen_f1_avg": 0.8462325833178407,
      "chosen_typecheck_rate": 0.8682170542635659
    },
    "threshold_0.5617977528089888": {
      "count": 129,
      "chosen_f1_avg": 0.8428557336536916,
      "chosen_typecheck_rate": 0.8217054263565892
    },
    "threshold_0.6326530612244898": {
      "count": 129,
      "chosen_f1_avg": 0.842839925020648,
      "chosen_typecheck_rate": 0.8217054263565892
    },
    "threshold_0.7142857142857143": {
      "count": 129,
      "chosen_f1_avg": 0.8421691315882267,
      "chosen_typecheck_rate": 0.8062015503875969
    },
    "threshold_0.7890625": {
      "count": 129,
      "chosen_f1_avg": 0.8396792659963207,
      "chosen_typecheck_rate": 0.8062015503875969
    },
    "threshold_0.8641975308641975": {
      "count": 129,
      "chosen_f1_avg": 0.8388884585296769,
      "chosen_typecheck_rate": 0.7984496124031008
    },
    "threshold_0.90625": {
      "count": 129,
      "chosen_f1_avg": 0.8387001523438188,
      "chosen_typecheck_rate": 0.7984496124031008
    },
    "threshold_0.9565217391304348": {
      "count": 129,
      "chosen_f1_avg": 0.8383230275235233,
      "chosen_typecheck_rate": 0.7984496124031008
    },
    "threshold_1.0": {
      "count": 129,
      "chosen_f1_avg": 0.8383230275235233,
      "chosen_typecheck_rate": 0.7984496124031008
    }
  }
}