{
  "meta": {
    "results_paths": [
      "kimina_bestof_cycle_lenpen001_64_20_start1180_temp08_qwen1p5_rescored_cpu.json"
    ],
    "dedupe_id": false
  },
  "summary": {
    "count": 19,
    "all_consensus_f1_avg": 0.8027068525522371,
    "tc_consensus_f1_avg": 0.7950216352238701,
    "tc_better_rate": 0.10526315789473684,
    "diff_vs_tc_rate": 0.3931193714061025,
    "diff_vs_tc_count": 0.23436026356527756
  }
}