{
  "meta": {
    "results_path": "kimina_bestof_cycle_lenpen001_128_20_start1720_temp08_qwen1p5_rescored_cpu.json"
  },
  "summary": {
    "count": 18,
    "baseline_f1_avg": 0.77047514643764,
    "oracle_f1_avg": 0.9245677400820718,
    "oracle_tc_f1_avg": 0.9201990002822238,
    "oracle_typecheck_rate": 0.8888888888888888,
    "oracle_tc_typecheck_rate": 1.0,
    "oracle_improve_rate": 0.8888888888888888,
    "oracle_tc_improve_rate": 0.8888888888888888
  }
}