{
  "meta": {
    "results_path": "kimina_bestof_cycle_lenpen001_128_20_temp08_merged_start1580_2080_rescored_cpu.json",
    "ks": [
      4,
      8,
      16,
      32,
      64
    ],
    "trials": 30,
    "seed": 0
  },
  "summary": {
    "all": {
      "k_4": {
        "count": 4830,
        "f1_avg": 0.805434878271801,
        "typecheck_rate": 0.6997929606625258
      },
      "k_8": {
        "count": 4830,
        "f1_avg": 0.8201836729071483,
        "typecheck_rate": 0.7401656314699793
      },
      "k_16": {
        "count": 4830,
        "f1_avg": 0.8286441660601698,
        "typecheck_rate": 0.7627329192546584
      },
      "k_32": {
        "count": 4650,
        "f1_avg": 0.8336094178546609,
        "typecheck_rate": 0.7653763440860215
      },
      "k_64": {
        "count": 4110,
        "f1_avg": 0.8313155666136368,
        "typecheck_rate": 0.7639902676399026
      }
    },
    "tc_only": {
      "k_4": {
        "count": 4740,
        "f1_avg": 0.8205516969830509,
        "typecheck_rate": 1.0
      },
      "k_8": {
        "count": 4620,
        "f1_avg": 0.8321387200911177,
        "typecheck_rate": 1.0
      },
      "k_16": {
        "count": 4290,
        "f1_avg": 0.8428052268747055,
        "typecheck_rate": 1.0
      },
      "k_32": {
        "count": 3630,
        "f1_avg": 0.8490879647358766,
        "typecheck_rate": 1.0
      },
      "k_64": {
        "count": 2250,
        "f1_avg": 0.8455649605094817,
        "typecheck_rate": 1.0
      }
    }
  }
}