{
  "meta": {
    "results_paths": [
      "kimina_bestof_cycle_lenpen001_64_20_start1100_temp08_qwen1p5_rescored_cpu.json"
    ],
    "dedupe_id": false
  },
  "summary": {
    "count": 20,
    "all_consensus_f1_avg": 0.8006053257251035,
    "tc_consensus_f1_avg": 0.8024724528087074,
    "tc_better_rate": 0.15,
    "diff_vs_tc_rate": -0.2536235344572097,
    "diff_vs_tc_count": -0.28513172233725564
  }
}