{
  "meta": {
    "results_path": "kimina_bestof_cycle_lenpen001_64_20_start920_temp08_qwen1p5_rescored_cpu.json"
  },
  "summary": {
    "records": 20,
    "candidate_typecheck_rate": 0.7094918504314478,
    "tc_candidate_f1_avg": 0.7971091898939171,
    "non_tc_candidate_f1_avg": 0.7262829359014309,
    "max_tc_f1_avg": 0.9207079849179067,
    "max_non_tc_f1_avg": 0.8612416196901874,
    "records_with_tc": 20,
    "records_with_non_tc": 19,
    "records_with_both": 19
  }
}