{
  "meta": {
    "results_paths": [
      "kimina_bestof_cycle_lenpen001_128_20_temp08_merged_start1580_2140_rescored_cpu.json"
    ],
    "feature": "pairwise",
    "direction": "le",
    "dedupe_id": false,
    "all_consensus_f1_avg": 0.8297732896622925,
    "tc_consensus_f1_avg": 0.8328754414061869
  },
  "summary": {
    "threshold_0.42080280196176717": {
      "count": 201,
      "chosen_f1_avg": 0.8303160305035404,
      "chosen_typecheck_rate": 0.7910447761194029
    },
    "threshold_0.6707962576028027": {
      "count": 201,
      "chosen_f1_avg": 0.8333866142455891,
      "chosen_typecheck_rate": 0.8258706467661692
    },
    "threshold_0.7153628941251197": {
      "count": 201,
      "chosen_f1_avg": 0.8320314078173121,
      "chosen_typecheck_rate": 0.8606965174129353
    },
    "threshold_0.7429020775062765": {
      "count": 201,
      "chosen_f1_avg": 0.8329425800562397,
      "chosen_typecheck_rate": 0.8955223880597015
    },
    "threshold_0.7617352518760847": {
      "count": 201,
      "chosen_f1_avg": 0.8339807635378608,
      "chosen_typecheck_rate": 0.9054726368159204
    },
    "threshold_0.786957950549321": {
      "count": 201,
      "chosen_f1_avg": 0.8333952097365045,
      "chosen_typecheck_rate": 0.9203980099502488
    },
    "threshold_0.8057548706546629": {
      "count": 201,
      "chosen_f1_avg": 0.8322012828236593,
      "chosen_typecheck_rate": 0.945273631840796
    },
    "threshold_0.8251449753533592": {
      "count": 201,
      "chosen_f1_avg": 0.8307922359280187,
      "chosen_typecheck_rate": 0.9601990049751243
    },
    "threshold_0.8482205336007267": {
      "count": 201,
      "chosen_f1_avg": 0.8322269073708805,
      "chosen_typecheck_rate": 0.9651741293532339
    },
    "threshold_0.8703984956826505": {
      "count": 201,
      "chosen_f1_avg": 0.8326582760347561,
      "chosen_typecheck_rate": 0.9800995024875622
    },
    "threshold_0.9438914017678607": {
      "count": 201,
      "chosen_f1_avg": 0.8328754414061864,
      "chosen_typecheck_rate": 0.9850746268656716
    }
  }
}