{
  "meta": {
    "results_path": "kimina_bestof_cycle_lenpen001_64_20_start1280_temp08_qwen1p5_rescored_cpu.json"
  },
  "summary": {
    "alpha_0.0": {
      "count": 19,
      "all_f1_avg": 0.7365721026584849,
      "all_typecheck_rate": 0.6842105263157895,
      "tc_f1_avg": 0.7111038446755364,
      "tc_typecheck_rate": 0.9473684210526315
    },
    "alpha_0.001": {
      "count": 19,
      "all_f1_avg": 0.7335051181580086,
      "all_typecheck_rate": 0.631578947368421,
      "tc_f1_avg": 0.7172104573610965,
      "tc_typecheck_rate": 0.9473684210526315
    },
    "alpha_0.002": {
      "count": 19,
      "all_f1_avg": 0.6608311273281855,
      "all_typecheck_rate": 0.6842105263157895,
      "tc_f1_avg": 0.7047198489439203,
      "tc_typecheck_rate": 0.9473684210526315
    },
    "alpha_0.005": {
      "count": 19,
      "all_f1_avg": 0.6694911673280369,
      "all_typecheck_rate": 0.6842105263157895,
      "tc_f1_avg": 0.6484983197027138,
      "tc_typecheck_rate": 0.9473684210526315
    },
    "alpha_0.01": {
      "count": 19,
      "all_f1_avg": 0.6474434067128897,
      "all_typecheck_rate": 0.7368421052631579,
      "tc_f1_avg": 0.6378942681244044,
      "tc_typecheck_rate": 0.9473684210526315
    },
    "alpha_0.02": {
      "count": 19,
      "all_f1_avg": 0.5686431799711414,
      "all_typecheck_rate": 0.7894736842105263,
      "tc_f1_avg": 0.571068517476487,
      "tc_typecheck_rate": 0.9473684210526315
    }
  }
}