{
  "meta": {
    "results_path": "kimina_bestof_cycle_lenpen001_64_20_start1260_temp08_qwen1p5_rescored_cpu.json",
    "train_results": null,
    "test_results": null,
    "folds": 5,
    "ridge": 0.001,
    "baseline_feature": true
  },
  "summary": {
    "count": 19,
    "baseline_f1_avg": 0.7280524624125322,
    "learned_f1_avg": 0.8133171783796677,
    "learned_tc_f1_avg": 0.8220425727674939,
    "learned_typecheck_rate": 0.8947368421052632,
    "learned_tc_typecheck_rate": 0.9473684210526315,
    "learned_improve_rate": 0.5789473684210527,
    "learned_tc_improve_rate": 0.631578947368421,
    "avg_weights": [
      0.6834001324477479,
      0.0017014364816893412,
      0.0076612870585978255,
      0.07041214606354204,
      0.10462663897959561,
      -0.017233459942093222
    ]
  }
}