{
  "meta": {
    "results_paths": [
      "kimina_bestof_cycle_lenpen001_128_20_start1780_temp08_qwen1p5_rescored_cpu.json"
    ],
    "feature": "tc_count",
    "direction": "ge",
    "dedupe_id": false,
    "all_consensus_f1_avg": 0.872165684115345,
    "tc_consensus_f1_avg": 0.8764215348978844
  },
  "summary": {
    "threshold_13.0": {
      "count": 20,
      "chosen_f1_avg": 0.8764215348978842,
      "chosen_typecheck_rate": 1.0
    },
    "threshold_22.0": {
      "count": 20,
      "chosen_f1_avg": 0.8746590827906046,
      "chosen_typecheck_rate": 0.95
    },
    "threshold_24.0": {
      "count": 20,
      "chosen_f1_avg": 0.8713472317343924,
      "chosen_typecheck_rate": 0.9
    },
    "threshold_44.0": {
      "count": 20,
      "chosen_f1_avg": 0.8713472317343924,
      "chosen_typecheck_rate": 0.9
    },
    "threshold_52.0": {
      "count": 20,
      "chosen_f1_avg": 0.8713472317343924,
      "chosen_typecheck_rate": 0.9
    },
    "threshold_56.0": {
      "count": 20,
      "chosen_f1_avg": 0.8713472317343924,
      "chosen_typecheck_rate": 0.9
    },
    "threshold_57.0": {
      "count": 20,
      "chosen_f1_avg": 0.8713472317343924,
      "chosen_typecheck_rate": 0.9
    },
    "threshold_65.0": {
      "count": 20,
      "chosen_f1_avg": 0.8713472317343924,
      "chosen_typecheck_rate": 0.9
    },
    "threshold_104.0": {
      "count": 20,
      "chosen_f1_avg": 0.8721656841153449,
      "chosen_typecheck_rate": 0.85
    },
    "threshold_112.0": {
      "count": 20,
      "chosen_f1_avg": 0.8721656841153449,
      "chosen_typecheck_rate": 0.85
    },
    "threshold_116.0": {
      "count": 20,
      "chosen_f1_avg": 0.8721656841153449,
      "chosen_typecheck_rate": 0.85
    }
  }
}