{
  "meta": {
    "results_paths": [
      "kimina_bestof_cycle_lenpen001_64_20_start980_temp08_qwen1p5_rescored_cpu.json"
    ],
    "dedupe_id": false
  },
  "summary": {
    "count": 20,
    "all_consensus_f1_avg": 0.8097435848305885,
    "tc_consensus_f1_avg": 0.8001520934531353,
    "tc_better_rate": 0.2,
    "diff_vs_tc_rate": -0.0716068262132718,
    "diff_vs_tc_count": -0.04583039941312611
  }
}