{
  "meta": {
    "results_path": "kimina_bestof_cycle_lenpen001_128_20_start2000_temp08_qwen1p5_rescored_cpu.json",
    "ks": [
      4,
      8,
      16,
      32,
      64
    ],
    "trials": 30,
    "seed": 0
  },
  "summary": {
    "all": {
      "k_4": {
        "count": 570,
        "f1_avg": 0.8088997611847647,
        "typecheck_rate": 0.6789473684210526
      },
      "k_8": {
        "count": 570,
        "f1_avg": 0.8178404407151904,
        "typecheck_rate": 0.7
      },
      "k_16": {
        "count": 570,
        "f1_avg": 0.8285428693370138,
        "typecheck_rate": 0.7421052631578947
      },
      "k_32": {
        "count": 540,
        "f1_avg": 0.8240841764071211,
        "typecheck_rate": 0.7277777777777777
      },
      "k_64": {
        "count": 420,
        "f1_avg": 0.8242302296242237,
        "typecheck_rate": 0.6404761904761904
      }
    },
    "tc_only": {
      "k_4": {
        "count": 540,
        "f1_avg": 0.8080181599614484,
        "typecheck_rate": 1.0
      },
      "k_8": {
        "count": 540,
        "f1_avg": 0.8240565610240419,
        "typecheck_rate": 1.0
      },
      "k_16": {
        "count": 510,
        "f1_avg": 0.8367133974838631,
        "typecheck_rate": 1.0
      },
      "k_32": {
        "count": 390,
        "f1_avg": 0.8406140378874458,
        "typecheck_rate": 1.0
      },
      "k_64": {
        "count": 180,
        "f1_avg": 0.8456352080892242,
        "typecheck_rate": 1.0
      }
    }
  }
}