{
  "meta": {
    "results_path": "kimina_bestof_cycle_lenpen001_16_50_start600_temp06_qwen1p5_rescored_cpu.json"
  },
  "summary": {
    "alpha_0.0_beta_0.0": {
      "count": 44,
      "all_f1_avg": 0.7736170074352309,
      "all_typecheck_rate": 0.7727272727272727,
      "tc_f1_avg": 0.7623889775603341,
      "tc_typecheck_rate": 0.9545454545454546
    },
    "alpha_0.0_beta_0.5": {
      "count": 44,
      "all_f1_avg": 0.7803684288820474,
      "all_typecheck_rate": 0.7272727272727273,
      "tc_f1_avg": 0.7712690683666501,
      "tc_typecheck_rate": 0.9545454545454546
    },
    "alpha_0.0_beta_1.0": {
      "count": 44,
      "all_f1_avg": 0.782445027175923,
      "all_typecheck_rate": 0.75,
      "tc_f1_avg": 0.7846175462222645,
      "tc_typecheck_rate": 0.9545454545454546
    },
    "alpha_0.0_beta_2.0": {
      "count": 44,
      "all_f1_avg": 0.7880930719906629,
      "all_typecheck_rate": 0.7954545454545454,
      "tc_f1_avg": 0.7920921835546991,
      "tc_typecheck_rate": 0.9545454545454546
    },
    "alpha_0.0_beta_3.0": {
      "count": 44,
      "all_f1_avg": 0.7849440078062419,
      "all_typecheck_rate": 0.8181818181818182,
      "tc_f1_avg": 0.7879844258119593,
      "tc_typecheck_rate": 0.9545454545454546
    },
    "alpha_0.001_beta_0.0": {
      "count": 44,
      "all_f1_avg": 0.7599930854790446,
      "all_typecheck_rate": 0.75,
      "tc_f1_avg": 0.7540236168386159,
      "tc_typecheck_rate": 0.9545454545454546
    },
    "alpha_0.001_beta_0.5": {
      "count": 44,
      "all_f1_avg": 0.7785833049151052,
      "all_typecheck_rate": 0.7272727272727273,
      "tc_f1_avg": 0.7749637736461407,
      "tc_typecheck_rate": 0.9545454545454546
    },
    "alpha_0.001_beta_1.0": {
      "count": 44,
      "all_f1_avg": 0.7806676013667245,
      "all_typecheck_rate": 0.75,
      "tc_f1_avg": 0.7812366339499529,
      "tc_typecheck_rate": 0.9545454545454546
    },
    "alpha_0.001_beta_2.0": {
      "count": 44,
      "all_f1_avg": 0.7853521812713798,
      "all_typecheck_rate": 0.7954545454545454,
      "tc_f1_avg": 0.7893512928354162,
      "tc_typecheck_rate": 0.9545454545454546
    },
    "alpha_0.001_beta_3.0": {
      "count": 44,
      "all_f1_avg": 0.7832726327942535,
      "all_typecheck_rate": 0.7954545454545454,
      "tc_f1_avg": 0.7868671388097639,
      "tc_typecheck_rate": 0.9545454545454546
    },
    "alpha_0.002_beta_0.0": {
      "count": 44,
      "all_f1_avg": 0.758471120395772,
      "all_typecheck_rate": 0.7272727272727273,
      "tc_f1_avg": 0.7381093408327721,
      "tc_typecheck_rate": 0.9545454545454546
    },
    "alpha_0.002_beta_0.5": {
      "count": 44,
      "all_f1_avg": 0.769028754461993,
      "all_typecheck_rate": 0.7272727272727273,
      "tc_f1_avg": 0.7712566886735214,
      "tc_typecheck_rate": 0.9545454545454546
    },
    "alpha_0.002_beta_1.0": {
      "count": 44,
      "all_f1_avg": 0.7737874585445507,
      "all_typecheck_rate": 0.75,
      "tc_f1_avg": 0.774356491127779,
      "tc_typecheck_rate": 0.9545454545454546
    },
    "alpha_0.002_beta_2.0": {
      "count": 44,
      "all_f1_avg": 0.7831126555747289,
      "all_typecheck_rate": 0.7954545454545454,
      "tc_f1_avg": 0.7871117671387651,
      "tc_typecheck_rate": 0.9545454545454546
    },
    "alpha_0.002_beta_3.0": {
      "count": 44,
      "all_f1_avg": 0.7829877200213947,
      "all_typecheck_rate": 0.7954545454545454,
      "tc_f1_avg": 0.7865822260369051,
      "tc_typecheck_rate": 0.9545454545454546
    },
    "alpha_0.005_beta_0.0": {
      "count": 44,
      "all_f1_avg": 0.7300855818887684,
      "all_typecheck_rate": 0.7045454545454546,
      "tc_f1_avg": 0.7379740564527778,
      "tc_typecheck_rate": 0.9545454545454546
    },
    "alpha_0.005_beta_0.5": {
      "count": 44,
      "all_f1_avg": 0.7596369363605319,
      "all_typecheck_rate": 0.7045454545454546,
      "tc_f1_avg": 0.7668519547864826,
      "tc_typecheck_rate": 0.9545454545454546
    },
    "alpha_0.005_beta_1.0": {
      "count": 44,
      "all_f1_avg": 0.7583267659959816,
      "all_typecheck_rate": 0.7272727272727273,
      "tc_f1_avg": 0.7657238497782956,
      "tc_typecheck_rate": 0.9545454545454546
    },
    "alpha_0.005_beta_2.0": {
      "count": 44,
      "all_f1_avg": 0.767819206072848,
      "all_typecheck_rate": 0.7727272727272727,
      "tc_f1_avg": 0.777103627372971,
      "tc_typecheck_rate": 0.9545454545454546
    },
    "alpha_0.005_beta_3.0": {
      "count": 44,
      "all_f1_avg": 0.7787194523420016,
      "all_typecheck_rate": 0.7954545454545454,
      "tc_f1_avg": 0.7858542199383695,
      "tc_typecheck_rate": 0.9545454545454546
    },
    "alpha_0.01_beta_0.0": {
      "count": 44,
      "all_f1_avg": 0.7260633780554016,
      "all_typecheck_rate": 0.6363636363636364,
      "tc_f1_avg": 0.7256689005453597,
      "tc_typecheck_rate": 0.9545454545454546
    },
    "alpha_0.01_beta_0.5": {
      "count": 44,
      "all_f1_avg": 0.7293848487864399,
      "all_typecheck_rate": 0.7045454545454546,
      "tc_f1_avg": 0.7397424322342072,
      "tc_typecheck_rate": 0.9545454545454546
    },
    "alpha_0.01_beta_1.0": {
      "count": 44,
      "all_f1_avg": 0.7499083506888337,
      "all_typecheck_rate": 0.6590909090909091,
      "tc_f1_avg": 0.7596890112193507,
      "tc_typecheck_rate": 0.9545454545454546
    },
    "alpha_0.01_beta_2.0": {
      "count": 44,
      "all_f1_avg": 0.763461127660435,
      "all_typecheck_rate": 0.75,
      "tc_f1_avg": 0.7676522310736004,
      "tc_typecheck_rate": 0.9545454545454546
    },
    "alpha_0.01_beta_3.0": {
      "count": 44,
      "all_f1_avg": 0.7756930971880405,
      "all_typecheck_rate": 0.7727272727272727,
      "tc_f1_avg": 0.7800460989518061,
      "tc_typecheck_rate": 0.9545454545454546
    },
    "alpha_0.02_beta_0.0": {
      "count": 44,
      "all_f1_avg": 0.7218459266127023,
      "all_typecheck_rate": 0.6136363636363636,
      "tc_f1_avg": 0.7232870637528271,
      "tc_typecheck_rate": 0.9545454545454546
    },
    "alpha_0.02_beta_0.5": {
      "count": 44,
      "all_f1_avg": 0.7253611096222463,
      "all_typecheck_rate": 0.6363636363636364,
      "tc_f1_avg": 0.7275110271337133,
      "tc_typecheck_rate": 0.9545454545454546
    },
    "alpha_0.02_beta_1.0": {
      "count": 44,
      "all_f1_avg": 0.7232081301922668,
      "all_typecheck_rate": 0.6590909090909091,
      "tc_f1_avg": 0.7294072356567287,
      "tc_typecheck_rate": 0.9545454545454546
    },
    "alpha_0.02_beta_2.0": {
      "count": 44,
      "all_f1_avg": 0.756098535206695,
      "all_typecheck_rate": 0.7045454545454546,
      "tc_f1_avg": 0.7632413254607685,
      "tc_typecheck_rate": 0.9545454545454546
    },
    "alpha_0.02_beta_3.0": {
      "count": 44,
      "all_f1_avg": 0.7648610922895405,
      "all_typecheck_rate": 0.7272727272727273,
      "tc_f1_avg": 0.7701072984171009,
      "tc_typecheck_rate": 0.9545454545454546
    }
  }
}