{
  "meta": {
    "results_path": null,
    "train_results": "kimina_bestof_cycle_lenpen001_temp06_merged_start600_700_forward_kimina7b.json",
    "test_results": "kimina_bestof_cycle_lenpen001_64_20_temp08_merged_start740_1460_rescored_cpu_forward_kimina7b.json",
    "folds": 5,
    "ridge": 0.001,
    "baseline_feature": false
  },
  "summary": {
    "count": 172,
    "baseline_f1_avg": 0.757394644161052,
    "learned_f1_avg": 0.8242775369541044,
    "learned_tc_f1_avg": 0.8203519985587199,
    "learned_typecheck_rate": 0.9883720930232558,
    "learned_tc_typecheck_rate": 0.9941860465116279,
    "learned_improve_rate": 0.6686046511627907,
    "learned_tc_improve_rate": 0.6686046511627907,
    "avg_weights": [
      0.7092989554441309,
      0.01206888213298925,
      0.0068487738101711566,
      0.03801066479793375,
      0.09594059902529871
    ]
  }
}