{
  "meta": {
    "results_path": "kimina_bestof_cycle_lenpen001_128_20_start2020_temp08_qwen1p5_rescored_cpu.json",
    "train_results": null,
    "test_results": null,
    "folds": 5,
    "model": "ridge",
    "ridge": 0.001,
    "gbrt_estimators": 200,
    "gbrt_learning_rate": 0.05,
    "gbrt_depth": 3,
    "baseline_feature": false
  },
  "summary": {
    "count": 19,
    "baseline_f1_avg": 0.8431138053980637,
    "learned_f1_avg": 0.878030798866626,
    "learned_tc_f1_avg": 0.8818696772465082,
    "learned_typecheck_rate": 0.9473684210526315,
    "learned_tc_typecheck_rate": 1.0,
    "learned_improve_rate": 0.6842105263157895,
    "learned_tc_improve_rate": 0.7368421052631579,
    "avg_weights": [
      0.746915785670181,
      0.0015089636379715028,
      0.08773113324180945,
      0.05976819675306675
    ]
  }
}