{
  "meta": {
    "results_paths": [
      "kimina_bestof_cycle_lenpen001_128_20_start1620_temp08_qwen1p5_rescored_cpu.json"
    ],
    "dedupe_id": false
  },
  "summary": {
    "count": 20,
    "all_consensus_f1_avg": 0.7741102735892845,
    "tc_consensus_f1_avg": 0.7909426572747785,
    "tc_better_rate": 0.2631578947368421,
    "diff_vs_tc_rate": -0.08566791204424613,
    "diff_vs_tc_count": -0.10357788608990902
  }
}