{
  "meta": {
    "results_path": "kimina_bestof_cycle_lenpen001_64_20_start1460_temp08_qwen1p5_rescored_cpu.json"
  },
  "summary": {
    "count": 20,
    "pearson_avg": 0.26357321668423633,
    "pearson_median": 0.25836594512058714,
    "spearman_avg": 0.1638905053122322,
    "spearman_median": 0.14946209281315845
  }
}