{
  "meta": {
    "train_paths": [
      "kimina_bestof_cycle_lenpen001_64_20_temp08_merged_start740_1460_rescored_cpu.json"
    ],
    "test_paths": [
      "kimina_bestof_cycle_lenpen001_128_20_temp08_merged_start1580_2260_rescored_cpu.json"
    ],
    "model": "ridge",
    "ridge": 0.001,
    "gbrt_params": {
      "n_estimators": 200,
      "learning_rate": 0.05,
      "max_depth": 3
    },
    "extra_stats": true,
    "tune_threshold": true
  },
  "summary": {
    "count": 668,
    "gate_f1_avg": 0.8387471085994596,
    "all_f1_avg": 0.8354716107569204,
    "tc_f1_avg": 0.8350599926671766,
    "gate_typecheck_rate": 0.9700598802395209,
    "choose_tc_rate": 0.8922155688622755,
    "choose_all_rate": 0.10778443113772451,
    "threshold": 0.002532126470393123,
    "weights": [
      0.0,
      0.012154563830842386,
      -0.008186505560302346,
      -0.002638258043583362,
      -0.0173932276410447,
      0.02861176985463493,
      -0.011379496027470794,
      0.20391502004909387,
      -0.02315376416194371,
      -0.5781480951636735,
      0.02596035849219719,
      -0.21565118372694222,
      -0.018687803851676614,
      0.585117838382415,
      0.02108571364107945,
      -0.11921193207143481,
      0.13008842111835597,
      0.014860751157818501,
      -0.011611945439113109
    ]
  }
}