{
  "meta": {
    "results_path": "kimina_bestof_cycle_lenpen001_64_20_start1080_temp08_qwen1p5_rescored_cpu.json"
  },
  "summary": {
    "alpha_0.0": {
      "count": 19,
      "all_f1_avg": 0.7362552455237923,
      "all_typecheck_rate": 0.6842105263157895,
      "tc_f1_avg": 0.7863005575812064,
      "tc_typecheck_rate": 1.0
    },
    "alpha_0.001": {
      "count": 19,
      "all_f1_avg": 0.7407841140565558,
      "all_typecheck_rate": 0.631578947368421,
      "tc_f1_avg": 0.7839520682068638,
      "tc_typecheck_rate": 1.0
    },
    "alpha_0.002": {
      "count": 19,
      "all_f1_avg": 0.7547922112225477,
      "all_typecheck_rate": 0.6842105263157895,
      "tc_f1_avg": 0.7709350263972524,
      "tc_typecheck_rate": 1.0
    },
    "alpha_0.005": {
      "count": 19,
      "all_f1_avg": 0.7613611059269095,
      "all_typecheck_rate": 0.5789473684210527,
      "tc_f1_avg": 0.7890187380852985,
      "tc_typecheck_rate": 1.0
    },
    "alpha_0.01": {
      "count": 19,
      "all_f1_avg": 0.7527173475877696,
      "all_typecheck_rate": 0.5789473684210527,
      "tc_f1_avg": 0.7952254530274613,
      "tc_typecheck_rate": 1.0
    },
    "alpha_0.02": {
      "count": 19,
      "all_f1_avg": 0.7206359010740992,
      "all_typecheck_rate": 0.631578947368421,
      "tc_f1_avg": 0.6989456543840125,
      "tc_typecheck_rate": 1.0
    }
  }
}