{
  "meta": {
    "results_path": "kimina_bestof_cycle_lenpen001_128_20_temp08_merged_start1580_2280_rescored.json"
  },
  "summary": {
    "count": 687,
    "baseline_f1_avg": 0.7782621332067705,
    "oracle_f1_avg": 0.9350953511077009,
    "oracle_tc_f1_avg": 0.9202622159156415,
    "oracle_typecheck_rate": 0.8544395924308588,
    "oracle_tc_typecheck_rate": 0.9956331877729258,
    "oracle_improve_rate": 0.8922852983988355,
    "oracle_tc_improve_rate": 0.8675400291120815
  }
}