{
  "meta": {
    "results_paths": [
      "kimina_bestof_cycle_lenpen001_128_20_start2100_temp08_qwen1p5_rescored_cpu.json"
    ],
    "dedupe_id": false
  },
  "summary": {
    "count": 19,
    "all_consensus_f1_avg": 0.812849698571452,
    "tc_consensus_f1_avg": 0.8256979759021219,
    "tc_better_rate": 0.15789473684210525,
    "diff_vs_tc_rate": -0.3681949846480321,
    "diff_vs_tc_count": -0.2960743367154567
  }
}