{
  "meta": {
    "results_path": "kimina_bestof_cycle_lenpen001_64_20_start1320_temp08_qwen1p5_rescored_cpu.json",
    "ks": [
      4,
      8,
      16,
      32,
      64
    ],
    "trials": 30,
    "seed": 0
  },
  "summary": {
    "all": {
      "k_4": {
        "count": 600,
        "f1_avg": 0.8256988722714145,
        "typecheck_rate": 0.77
      },
      "k_8": {
        "count": 600,
        "f1_avg": 0.8313265055817433,
        "typecheck_rate": 0.7783333333333333
      },
      "k_16": {
        "count": 540,
        "f1_avg": 0.8302925943091389,
        "typecheck_rate": 0.8203703703703704
      },
      "k_32": {
        "count": 540,
        "f1_avg": 0.8333854498511448,
        "typecheck_rate": 0.8222222222222222
      },
      "k_64": {
        "count": 90,
        "f1_avg": 0.8421090120008636,
        "typecheck_rate": 0.3333333333333333
      }
    },
    "tc_only": {
      "k_4": {
        "count": 570,
        "f1_avg": 0.8241147081282034,
        "typecheck_rate": 1.0
      },
      "k_8": {
        "count": 510,
        "f1_avg": 0.8354418153154333,
        "typecheck_rate": 1.0
      },
      "k_16": {
        "count": 480,
        "f1_avg": 0.8322767181365677,
        "typecheck_rate": 1.0
      },
      "k_32": {
        "count": 390,
        "f1_avg": 0.8375811712013111,
        "typecheck_rate": 1.0
      },
      "k_64": {
        "count": 0,
        "f1_avg": 0.0,
        "typecheck_rate": 0.0
      }
    }
  }
}