{
  "meta": {
    "results_paths": [
      "kimina_bestof_cycle_lenpen001_64_20_temp08_merged_start740_1460_rescored_cpu.json"
    ],
    "feature": "pairwise",
    "direction": "le",
    "dedupe_id": false,
    "all_consensus_f1_avg": 0.8223287408071902,
    "tc_consensus_f1_avg": 0.8223773514840438
  },
  "summary": {
    "threshold_0.45349520720938863": {
      "count": 172,
      "chosen_f1_avg": 0.8210413653919075,
      "chosen_typecheck_rate": 0.7616279069767442
    },
    "threshold_0.6472487904598302": {
      "count": 172,
      "chosen_f1_avg": 0.820292945264873,
      "chosen_typecheck_rate": 0.7906976744186046
    },
    "threshold_0.69951032577941": {
      "count": 172,
      "chosen_f1_avg": 0.8214901542874962,
      "chosen_typecheck_rate": 0.8430232558139535
    },
    "threshold_0.7473488662516767": {
      "count": 172,
      "chosen_f1_avg": 0.8204766282903143,
      "chosen_typecheck_rate": 0.8837209302325582
    },
    "threshold_0.7752510819079886": {
      "count": 172,
      "chosen_f1_avg": 0.8201606730224597,
      "chosen_typecheck_rate": 0.9069767441860465
    },
    "threshold_0.7895041616077859": {
      "count": 172,
      "chosen_f1_avg": 0.8215768690363747,
      "chosen_typecheck_rate": 0.9186046511627907
    },
    "threshold_0.8081130609932469": {
      "count": 172,
      "chosen_f1_avg": 0.8217315198780426,
      "chosen_typecheck_rate": 0.936046511627907
    },
    "threshold_0.8273981987296971": {
      "count": 172,
      "chosen_f1_avg": 0.8221163264310014,
      "chosen_typecheck_rate": 0.9476744186046512
    },
    "threshold_0.8523782709565129": {
      "count": 172,
      "chosen_f1_avg": 0.8222122555842786,
      "chosen_typecheck_rate": 0.9709302325581395
    },
    "threshold_0.8748994320126091": {
      "count": 172,
      "chosen_f1_avg": 0.8221725600520831,
      "chosen_typecheck_rate": 0.9825581395348837
    },
    "threshold_0.9418210033032587": {
      "count": 172,
      "chosen_f1_avg": 0.8223773514840435,
      "chosen_typecheck_rate": 0.9941860465116279
    }
  }
}