{
  "meta": {
    "results_paths": [
      "kimina_bestof_cycle_lenpen001_128_20_temp08_merged_start1580_2140_rescored_cpu.json"
    ],
    "feature": "tc_count",
    "direction": "ge",
    "dedupe_id": false,
    "all_consensus_f1_avg": 0.8297732896622925,
    "tc_consensus_f1_avg": 0.8328754414061869
  },
  "summary": {
    "threshold_0.0": {
      "count": 201,
      "chosen_f1_avg": 0.8328754414061864,
      "chosen_typecheck_rate": 0.9850746268656716
    },
    "threshold_15.0": {
      "count": 201,
      "chosen_f1_avg": 0.8313505190050209,
      "chosen_typecheck_rate": 0.9154228855721394
    },
    "threshold_26.0": {
      "count": 201,
      "chosen_f1_avg": 0.8324910015359572,
      "chosen_typecheck_rate": 0.8656716417910447
    },
    "threshold_43.0": {
      "count": 201,
      "chosen_f1_avg": 0.8308056189406734,
      "chosen_typecheck_rate": 0.835820895522388
    },
    "threshold_50.0": {
      "count": 201,
      "chosen_f1_avg": 0.8287147322556196,
      "chosen_typecheck_rate": 0.8109452736318408
    },
    "threshold_59.0": {
      "count": 201,
      "chosen_f1_avg": 0.830088963191301,
      "chosen_typecheck_rate": 0.8009950248756219
    },
    "threshold_71.0": {
      "count": 201,
      "chosen_f1_avg": 0.8296479119133406,
      "chosen_typecheck_rate": 0.8009950248756219
    },
    "threshold_79.0": {
      "count": 201,
      "chosen_f1_avg": 0.8301023744255167,
      "chosen_typecheck_rate": 0.7910447761194029
    },
    "threshold_88.0": {
      "count": 201,
      "chosen_f1_avg": 0.829452989781681,
      "chosen_typecheck_rate": 0.7910447761194029
    },
    "threshold_105.0": {
      "count": 201,
      "chosen_f1_avg": 0.829456626273433,
      "chosen_typecheck_rate": 0.7910447761194029
    },
    "threshold_124.0": {
      "count": 201,
      "chosen_f1_avg": 0.8297732896622922,
      "chosen_typecheck_rate": 0.7910447761194029
    }
  }
}