{
  "meta": {
    "results_path": "kimina_bestof_cycle_lenpen001_64_20_start940_temp08_qwen1p5_rescored_cpu.json"
  },
  "summary": {
    "records": 18,
    "candidate_typecheck_rate": 0.7011995637949836,
    "tc_candidate_f1_avg": 0.7855067471233962,
    "non_tc_candidate_f1_avg": 0.721692221860477,
    "max_tc_f1_avg": 0.911460192038192,
    "max_non_tc_f1_avg": 0.8082253933133945,
    "records_with_tc": 18,
    "records_with_non_tc": 17,
    "records_with_both": 17
  }
}