{
  "meta": {
    "results_path": "kimina_bestof_cycle_lenpen001_128_20_temp08_merged_start1580_2280_rescored.json",
    "train_results": null,
    "test_results": null,
    "folds": 5,
    "model": "ridge",
    "ridge": 0.001,
    "gbrt_estimators": 200,
    "gbrt_learning_rate": 0.05,
    "gbrt_depth": 3,
    "baseline_feature": false
  },
  "summary": {
    "count": 687,
    "baseline_f1_avg": 0.7782621332067704,
    "learned_f1_avg": 0.8395726941013866,
    "learned_tc_f1_avg": 0.8376779159668112,
    "learned_typecheck_rate": 0.9592430858806404,
    "learned_tc_typecheck_rate": 0.9956331877729258,
    "learned_improve_rate": 0.6462882096069869,
    "learned_tc_improve_rate": 0.6477438136826783,
    "avg_weights": [
      0.7366433615141925,
      0.00841261185910617,
      0.07359922045766495,
      0.040227016843041606
    ]
  }
}