{
  "meta": {
    "results_path": "kimina_bestof_cycle_lenpen001_128_20_start2100_temp08_qwen1p5_rescored_cpu.json"
  },
  "summary": {
    "count": 19,
    "baseline_f1_avg": 0.8006540814998098,
    "oracle_f1_avg": 0.9325083228328269,
    "oracle_tc_f1_avg": 0.9077852168251613,
    "oracle_typecheck_rate": 0.6842105263157895,
    "oracle_tc_typecheck_rate": 1.0,
    "oracle_improve_rate": 0.7894736842105263,
    "oracle_tc_improve_rate": 0.7368421052631579
  }
}