{
  "meta": {
    "results_paths": [
      "kimina_bestof_cycle_lenpen001_128_20_start1900_temp08_qwen1p5_rescored_cpu.json"
    ],
    "feature": "tc_rate",
    "direction": "ge",
    "dedupe_id": false,
    "all_consensus_f1_avg": 0.814131209262056,
    "tc_consensus_f1_avg": 0.8469842476506197
  },
  "summary": {
    "threshold_0.07339449541284404": {
      "count": 20,
      "chosen_f1_avg": 0.8469842476506197,
      "chosen_typecheck_rate": 1.0
    },
    "threshold_0.32786885245901637": {
      "count": 20,
      "chosen_f1_avg": 0.8305445260936464,
      "chosen_typecheck_rate": 0.9
    },
    "threshold_0.38202247191011235": {
      "count": 20,
      "chosen_f1_avg": 0.8295765890095568,
      "chosen_typecheck_rate": 0.85
    },
    "threshold_0.59375": {
      "count": 20,
      "chosen_f1_avg": 0.8168482022002876,
      "chosen_typecheck_rate": 0.75
    },
    "threshold_0.8070175438596491": {
      "count": 20,
      "chosen_f1_avg": 0.8149897951206417,
      "chosen_typecheck_rate": 0.75
    },
    "threshold_0.835820895522388": {
      "count": 20,
      "chosen_f1_avg": 0.8149897951206417,
      "chosen_typecheck_rate": 0.75
    },
    "threshold_0.8409090909090909": {
      "count": 20,
      "chosen_f1_avg": 0.8149897951206417,
      "chosen_typecheck_rate": 0.75
    },
    "threshold_0.8765432098765432": {
      "count": 20,
      "chosen_f1_avg": 0.8149897951206417,
      "chosen_typecheck_rate": 0.75
    },
    "threshold_0.9101123595505618": {
      "count": 20,
      "chosen_f1_avg": 0.814131209262056,
      "chosen_typecheck_rate": 0.75
    },
    "threshold_0.9473684210526315": {
      "count": 20,
      "chosen_f1_avg": 0.814131209262056,
      "chosen_typecheck_rate": 0.75
    },
    "threshold_0.9834710743801653": {
      "count": 20,
      "chosen_f1_avg": 0.814131209262056,
      "chosen_typecheck_rate": 0.75
    }
  }
}