{
  "meta": {
    "results_path": "kimina_bestof_cycle_lenpen001_64_20_start1540_temp08_qwen1p5_rescored_cpu.json",
    "train_results": null,
    "test_results": null,
    "folds": 5,
    "ridge": 0.001,
    "baseline_feature": false
  },
  "summary": {
    "count": 18,
    "baseline_f1_avg": 0.7891499767108694,
    "learned_f1_avg": 0.8494535008513104,
    "learned_tc_f1_avg": 0.8451879848999706,
    "learned_typecheck_rate": 0.8333333333333334,
    "learned_tc_typecheck_rate": 1.0,
    "learned_improve_rate": 0.7777777777777778,
    "learned_tc_improve_rate": 0.7222222222222222,
    "avg_weights": [
      0.7750392862430268,
      0.017169201536276844,
      0.07976865387611112,
      -0.0005339086656275141
    ]
  }
}