{
  "meta": {
    "results_paths": [
      "kimina_bestof_cycle_lenpen001_128_20_temp08_merged_start1580_2140_rescored_cpu.json"
    ],
    "feature": "tc_rate",
    "direction": "ge",
    "dedupe_id": false,
    "all_consensus_f1_avg": 0.8297732896622925,
    "tc_consensus_f1_avg": 0.8328754414061869
  },
  "summary": {
    "threshold_0.333": {
      "count": 201,
      "chosen_f1_avg": 0.8322555657746062,
      "chosen_typecheck_rate": 0.8606965174129353
    }
  }
}