{
  "meta": {
    "results_path": null,
    "train_results": "kimina_bestof_cycle_lenpen001_64_20_start1260_temp08_qwen1p5_rescored_cpu.json",
    "test_results": "kimina_bestof_cycle_lenpen001_64_20_start740_temp08_qwen1p5_rescored_cpu.json",
    "folds": 5,
    "ridge": 0.001,
    "baseline_feature": false
  },
  "summary": {
    "count": 18,
    "baseline_f1_avg": 0.7458911421215128,
    "learned_f1_avg": 0.8122684992525135,
    "learned_tc_f1_avg": 0.8122684992525135,
    "learned_typecheck_rate": 1.0,
    "learned_tc_typecheck_rate": 1.0,
    "learned_improve_rate": 0.7222222222222222,
    "learned_tc_improve_rate": 0.7222222222222222,
    "avg_weights": [
      0.6838819660564296,
      -0.00018727621994762256,
      0.0064418372359258185,
      0.05975666115041395,
      0.10457059858125992
    ]
  }
}