{
  "meta": {
    "results_paths": [
      "kimina_bestof_cycle_lenpen001_64_20_start700_temp06_qwen1p5_rescored_cpu.json"
    ],
    "dedupe_id": false
  },
  "summary": {
    "count": 19,
    "all_consensus_f1_avg": 0.8534050973416119,
    "tc_consensus_f1_avg": 0.8382346971517931,
    "tc_better_rate": 0.10526315789473684,
    "diff_vs_tc_rate": 0.45361040825332366,
    "diff_vs_tc_count": 0.15374380052760583
  }
}