{
  "meta": {
    "results_path": null,
    "train_results": "kimina_bestof_cycle_lenpen001_64_20_temp08_merged_start740_1460_rescored_cpu.json",
    "test_results": "kimina_bestof_cycle_lenpen001_128_20_start1980_temp08_qwen1p5_rescored_cpu.json",
    "folds": 5,
    "model": "ridge",
    "ridge": 0.001,
    "gbrt_estimators": 200,
    "gbrt_learning_rate": 0.05,
    "gbrt_depth": 3,
    "baseline_feature": false
  },
  "summary": {
    "count": 20,
    "baseline_f1_avg": 0.749072244004626,
    "learned_f1_avg": 0.8041951102693237,
    "learned_tc_f1_avg": 0.8240994996652384,
    "learned_typecheck_rate": 0.95,
    "learned_tc_typecheck_rate": 1.0,
    "learned_improve_rate": 0.65,
    "learned_tc_improve_rate": 0.65,
    "avg_weights": [
      0.716177148747008,
      0.011653765385993256,
      0.06854173711106998,
      0.06124807895581997
    ]
  }
}