{
  "meta": {
    "results_path": "kimina_bestof_cycle_lenpen001_64_20_temp08_merged_start740_1460_rescored_cpu_forward_qwen7b.json",
    "train_results": null,
    "test_results": null,
    "folds": 5,
    "ridge": 0.001,
    "baseline_feature": true
  },
  "summary": {
    "count": 172,
    "baseline_f1_avg": 0.7573946441610524,
    "learned_f1_avg": 0.8237835276121991,
    "learned_tc_f1_avg": 0.8220301499816829,
    "learned_typecheck_rate": 0.9593023255813954,
    "learned_tc_typecheck_rate": 0.9941860465116279,
    "learned_improve_rate": 0.6627906976744186,
    "learned_tc_improve_rate": 0.6686046511627907,
    "avg_weights": [
      0.7153893900210333,
      0.008297053170262733,
      0.011534454359516257,
      0.06450865618810508,
      0.06257143478802087,
      -0.002388544291386596,
      0.0038662204463066627
    ]
  }
}