{
  "meta": {
    "results_paths": [
      "kimina_bestof_cycle_lenpen001_64_20_start1280_temp08_qwen1p5_rescored_cpu.json"
    ],
    "dedupe_id": false
  },
  "summary": {
    "count": 19,
    "all_consensus_f1_avg": 0.8165607567767474,
    "tc_consensus_f1_avg": 0.8091364486488346,
    "tc_better_rate": 0.1111111111111111,
    "diff_vs_tc_rate": 0.24725156180292726,
    "diff_vs_tc_count": 0.2470843448585266
  }
}