{
  "meta": {
    "results_path": "kimina_bestof_cycle_lenpen001_128_20_start1840_temp08_qwen1p5_rescored_cpu.json",
    "ks": [
      4,
      8,
      16,
      32,
      64
    ],
    "score_key": "cycle_score"
  },
  "summary": {
    "all": {
      "k_4": {
        "count": 18,
        "f1_avg": 0.8225928504096338,
        "typecheck_rate": 0.6111111111111112
      },
      "k_8": {
        "count": 18,
        "f1_avg": 0.8301322562122491,
        "typecheck_rate": 0.6666666666666666
      },
      "k_16": {
        "count": 18,
        "f1_avg": 0.8183873775766158,
        "typecheck_rate": 0.7777777777777778
      },
      "k_32": {
        "count": 17,
        "f1_avg": 0.8464043912804573,
        "typecheck_rate": 0.8235294117647058
      },
      "k_64": {
        "count": 15,
        "f1_avg": 0.856109329981786,
        "typecheck_rate": 0.8666666666666667
      }
    },
    "tc_only": {
      "k_4": {
        "count": 18,
        "f1_avg": 0.8216922986258008,
        "typecheck_rate": 1.0
      },
      "k_8": {
        "count": 18,
        "f1_avg": 0.8374038021059813,
        "typecheck_rate": 1.0
      },
      "k_16": {
        "count": 18,
        "f1_avg": 0.8391215880765981,
        "typecheck_rate": 1.0
      },
      "k_32": {
        "count": 16,
        "f1_avg": 0.871651196948131,
        "typecheck_rate": 1.0
      },
      "k_64": {
        "count": 10,
        "f1_avg": 0.8879493166055905,
        "typecheck_rate": 1.0
      }
    }
  }
}