{
  "meta": {
    "results_path": "kimina_bestof_cycle_lenpen001_128_20_start1840_temp08_qwen1p5_rescored_cpu.json"
  },
  "summary": {
    "records": 18,
    "candidate_typecheck_rate": 0.6942637492607925,
    "tc_candidate_f1_avg": 0.802167259682591,
    "non_tc_candidate_f1_avg": 0.7031415450792442,
    "max_tc_f1_avg": 0.9407433068805753,
    "max_non_tc_f1_avg": 0.850871352595637,
    "records_with_tc": 18,
    "records_with_non_tc": 18,
    "records_with_both": 18
  }
}