{
  "meta": {
    "results_path": "kimina_bestof_cycle_lenpen001_128_20_temp08_merged_start1580_1720_rescored_cpu.json",
    "ks": [
      4,
      8,
      16,
      32,
      64
    ],
    "trials": 30,
    "seed": 0
  },
  "summary": {
    "all": {
      "k_4": {
        "count": 2970,
        "f1_avg": 0.803906136157203,
        "typecheck_rate": 0.7043771043771043
      },
      "k_8": {
        "count": 2970,
        "f1_avg": 0.8177926253398685,
        "typecheck_rate": 0.7397306397306397
      },
      "k_16": {
        "count": 2970,
        "f1_avg": 0.8262001250327937,
        "typecheck_rate": 0.7464646464646465
      },
      "k_32": {
        "count": 2820,
        "f1_avg": 0.8335297471552091,
        "typecheck_rate": 0.7624113475177305
      },
      "k_64": {
        "count": 2430,
        "f1_avg": 0.8283811462120395,
        "typecheck_rate": 0.757201646090535
      }
    },
    "tc_only": {
      "k_4": {
        "count": 2910,
        "f1_avg": 0.8186214751078226,
        "typecheck_rate": 1.0
      },
      "k_8": {
        "count": 2880,
        "f1_avg": 0.8312078472937542,
        "typecheck_rate": 1.0
      },
      "k_16": {
        "count": 2700,
        "f1_avg": 0.8460331227892097,
        "typecheck_rate": 1.0
      },
      "k_32": {
        "count": 2190,
        "f1_avg": 0.8525626178219631,
        "typecheck_rate": 1.0
      },
      "k_64": {
        "count": 1230,
        "f1_avg": 0.8425161310831161,
        "typecheck_rate": 1.0
      }
    }
  }
}