{
  "meta": {
    "results_path": "kimina_bestof_cycle_lenpen001_128_20_start2020_temp08_qwen1p5_rescored_cpu.json"
  },
  "summary": {
    "count": 19,
    "baseline_f1_avg": 0.8431138053980637,
    "consensus_f1_avg": 0.8859841481660025,
    "consensus_tc_f1_avg": 0.8767213897398084,
    "consensus_typecheck_rate": 0.7894736842105263,
    "consensus_tc_typecheck_rate": 1.0
  }
}