{
  "meta": {
    "results_path": "kimina_bestof_cycle_lenpen001_64_20_start760_temp08_qwen1p5_rescored_cpu.json"
  },
  "summary": {
    "count": 17,
    "pearson_avg": 0.33284298983457067,
    "pearson_median": 0.2871841787139342,
    "spearman_avg": 0.11480997763066891,
    "spearman_median": 0.051651971235638486
  }
}