{
  "meta": {
    "results_paths": [
      "kimina_bestof_cycle_lenpen001_64_20_start1200_temp08_qwen1p5_rescored_cpu.json"
    ],
    "dedupe_id": false
  },
  "summary": {
    "count": 20,
    "all_consensus_f1_avg": 0.854968588160893,
    "tc_consensus_f1_avg": 0.863814638196444,
    "tc_better_rate": 0.15,
    "diff_vs_tc_rate": -0.5767466979425256,
    "diff_vs_tc_count": -0.4215589741123721
  }
}