{
  "meta": {
    "results_paths": [
      "kimina_bestof_cycle_lenpen001_128_20_start1580_temp08_qwen1p5_rescored_cpu.json",
      "kimina_bestof_cycle_lenpen001_128_20_start1600_temp08_qwen1p5_rescored_cpu.json",
      "kimina_bestof_cycle_lenpen001_128_20_start1620_temp08_qwen1p5_rescored_cpu.json",
      "kimina_bestof_cycle_lenpen001_128_20_start1640_temp08_qwen1p5_rescored_cpu.json",
      "kimina_bestof_cycle_lenpen001_128_20_start1660_temp08_qwen1p5_rescored_cpu.json",
      "kimina_bestof_cycle_lenpen001_128_20_start1680_temp08_qwen1p5_rescored_cpu.json",
      "kimina_bestof_cycle_lenpen001_128_20_start1700_temp08_qwen1p5_rescored_cpu.json",
      "kimina_bestof_cycle_lenpen001_128_20_start1720_temp08_qwen1p5_rescored_cpu.json",
      "kimina_bestof_cycle_lenpen001_128_20_start1740_temp08_qwen1p5_rescored_cpu.json",
      "kimina_bestof_cycle_lenpen001_128_20_start1760_temp08_qwen1p5_rescored_cpu.json"
    ],
    "dedupe_id": true
  },
  "summary": {
    "count": 108,
    "baseline_f1_avg": 0.770133825002128,
    "consensus_f1_avg": 0.8365825611469637,
    "oracle_f1_avg": 0.9347855047173783,
    "consensus_improve_rate": 0.6111111111111112,
    "correlations": {
      "improve_vs_count": 0.1020021937933935,
      "improve_vs_tc_rate": -0.19350560367869069,
      "improve_vs_pairwise": -0.3228755593354677,
      "improve_vs_pairwise_tc": -0.26052114007699784,
      "improve_vs_consensus_margin": 0.01145271063557934,
      "improve_vs_baseline_f1": -0.7179531106796784,
      "oracle_improve_vs_count": 0.11003720391383078,
      "oracle_improve_vs_pairwise": -0.5535207981534003
    }
  }
}