{
  "meta": {
    "results_path": "kimina_bestof_cycle_lenpen001_128_20_temp08_merged_start1580_2260_rescored_cpu.json"
  },
  "summary": {
    "count": 668,
    "baseline_f1_avg": 0.7770251345461007,
    "consensus_f1_avg": 0.8354716107569204,
    "consensus_tc_f1_avg": 0.8350599926671766,
    "consensus_typecheck_rate": 0.8263473053892215,
    "consensus_tc_typecheck_rate": 0.9955089820359282
  }
}