{
  "meta": {
    "results_path": "kimina_bestof_cycle_lenpen001_128_20_temp08_merged_start1580_2200_rescored_cpu.json",
    "ks": [
      4,
      8,
      16,
      32,
      64
    ],
    "score_key": "length_penalized_score"
  },
  "summary": {
    "all": {
      "k_4": {
        "count": 261,
        "f1_avg": 0.7854029394319976,
        "typecheck_rate": 0.6245210727969349
      },
      "k_8": {
        "count": 261,
        "f1_avg": 0.8090013164846434,
        "typecheck_rate": 0.685823754789272
      },
      "k_16": {
        "count": 260,
        "f1_avg": 0.8185816922008593,
        "typecheck_rate": 0.7115384615384616
      },
      "k_32": {
        "count": 249,
        "f1_avg": 0.821344252774564,
        "typecheck_rate": 0.7429718875502008
      },
      "k_64": {
        "count": 221,
        "f1_avg": 0.816931510803215,
        "typecheck_rate": 0.7828054298642534
      }
    },
    "tc_only": {
      "k_4": {
        "count": 255,
        "f1_avg": 0.8130004022972118,
        "typecheck_rate": 1.0
      },
      "k_8": {
        "count": 251,
        "f1_avg": 0.8216375305113204,
        "typecheck_rate": 1.0
      },
      "k_16": {
        "count": 238,
        "f1_avg": 0.8334179253243945,
        "typecheck_rate": 1.0
      },
      "k_32": {
        "count": 202,
        "f1_avg": 0.8361273522139928,
        "typecheck_rate": 1.0
      },
      "k_64": {
        "count": 129,
        "f1_avg": 0.8315294220787491,
        "typecheck_rate": 1.0
      }
    }
  }
}