{
  "meta": {
    "results_paths": [
      "kimina_bestof_cycle_lenpen001_128_20_start1920_temp08_qwen1p5_rescored_cpu.json"
    ],
    "dedupe_id": false
  },
  "summary": {
    "count": 18,
    "all_consensus_f1_avg": 0.8291877745130857,
    "tc_consensus_f1_avg": 0.7716229976732246,
    "tc_better_rate": 0.05555555555555555,
    "diff_vs_tc_rate": 0.8622798001689923,
    "diff_vs_tc_count": 0.5464990111286175
  }
}