{
  "meta": {
    "results_paths": [
      "kimina_bestof_cycle_lenpen001_64_20_start1040_temp08_qwen1p5_rescored_cpu.json"
    ],
    "dedupe_id": false
  },
  "summary": {
    "count": 20,
    "all_consensus_f1_avg": 0.768079397651421,
    "tc_consensus_f1_avg": 0.7455784701581232,
    "tc_better_rate": 0.1,
    "diff_vs_tc_rate": 0.1983695859936965,
    "diff_vs_tc_count": 0.15001308927169643
  }
}