{
  "meta": {
    "results_path": "kimina_bestof_cycle_lenpen001_temp08_merged_64_128_rescored.json",
    "mask_identifiers": "short",
    "min_len": 2,
    "eval_tokenizer": "standard"
  },
  "summary": {
    "count": 859,
    "baseline_f1_avg": 0.7740837768437153,
    "consensus_f1_avg": 0.8284288357430888,
    "consensus_tc_f1_avg": 0.8280700676095457,
    "consensus_typecheck_rate": 0.8079161816065192,
    "consensus_tc_typecheck_rate": 0.9953434225844005
  }
}