{
  "meta": {
    "results_path": "kimina_bestof_cycle_lenpen001_128_20_temp08_merged_start1580_1960_rescored_cpu.json",
    "ks": [
      4,
      8,
      16,
      32,
      64
    ],
    "score_key": "cycle_score"
  },
  "summary": {
    "all": {
      "k_4": {
        "count": 150,
        "f1_avg": 0.7922944162694712,
        "typecheck_rate": 0.6066666666666667
      },
      "k_8": {
        "count": 150,
        "f1_avg": 0.8164629320929166,
        "typecheck_rate": 0.7066666666666667
      },
      "k_16": {
        "count": 150,
        "f1_avg": 0.8264949752471945,
        "typecheck_rate": 0.7066666666666667
      },
      "k_32": {
        "count": 144,
        "f1_avg": 0.8290644189401137,
        "typecheck_rate": 0.7569444444444444
      },
      "k_64": {
        "count": 127,
        "f1_avg": 0.8280608595972407,
        "typecheck_rate": 0.7559055118110236
      }
    },
    "tc_only": {
      "k_4": {
        "count": 147,
        "f1_avg": 0.8136279054564926,
        "typecheck_rate": 1.0
      },
      "k_8": {
        "count": 144,
        "f1_avg": 0.8194280443528773,
        "typecheck_rate": 1.0
      },
      "k_16": {
        "count": 134,
        "f1_avg": 0.8470248830396008,
        "typecheck_rate": 1.0
      },
      "k_32": {
        "count": 113,
        "f1_avg": 0.8507633406253254,
        "typecheck_rate": 1.0
      },
      "k_64": {
        "count": 70,
        "f1_avg": 0.8473246716481704,
        "typecheck_rate": 1.0
      }
    }
  }
}