{
  "meta": {
    "results_paths": [
      "kimina_bestof_cycle_lenpen001_128_20_start1800_temp08_qwen1p5_rescored_cpu.json"
    ],
    "dedupe_id": false
  },
  "summary": {
    "count": 19,
    "baseline_f1_avg": 0.8216701134395191,
    "consensus_f1_avg": 0.8595693283598503,
    "oracle_f1_avg": 0.9496581240803226,
    "consensus_improve_rate": 0.5263157894736842,
    "correlations": {
      "improve_vs_count": -0.11321276409068026,
      "improve_vs_tc_rate": 0.23114553214988587,
      "improve_vs_pairwise": 0.06576249244939389,
      "improve_vs_pairwise_tc": 0.1780312263631848,
      "improve_vs_consensus_margin": -0.04559592990108047,
      "improve_vs_baseline_f1": -0.38105775605911424,
      "oracle_improve_vs_count": -0.18058493308714074,
      "oracle_improve_vs_pairwise": -0.19015161135794775
    }
  }
}