{
  "meta": {
    "results_paths": [
      "kimina_bestof_cycle_lenpen001_64_20_start1080_temp08_qwen1p5_rescored_cpu.json"
    ],
    "dedupe_id": false
  },
  "summary": {
    "count": 19,
    "all_consensus_f1_avg": 0.8181834274136875,
    "tc_consensus_f1_avg": 0.825380418166482,
    "tc_better_rate": 0.10526315789473684,
    "diff_vs_tc_rate": -0.46802766025055265,
    "diff_vs_tc_count": -0.2614912325090524
  }
}