{
  "meta": {
    "results_path": "kimina_bestof_cycle_lenpen001_128_20_start1960_temp08_qwen1p5_rescored_cpu.json"
  },
  "summary": {
    "count": 19,
    "pearson_avg": 0.21865784761334625,
    "pearson_median": 0.1617453834942539,
    "spearman_avg": 0.09997132864777282,
    "spearman_median": 0.054526082072391735
  }
}