{
  "meta": {
    "results_paths": [
      "kimina_bestof_cycle_lenpen001_128_20_start1580_temp08_qwen1p5_rescored_cpu.json",
      "kimina_bestof_cycle_lenpen001_128_20_start1600_temp08_qwen1p5_rescored_cpu.json",
      "kimina_bestof_cycle_lenpen001_128_20_start1620_temp08_qwen1p5_rescored_cpu.json",
      "kimina_bestof_cycle_lenpen001_128_20_start1640_temp08_qwen1p5_rescored_cpu.json",
      "kimina_bestof_cycle_lenpen001_128_20_start1660_temp08_qwen1p5_rescored_cpu.json"
    ],
    "feature": "tc_rate",
    "direction": "ge",
    "dedupe_id": false,
    "all_consensus_f1_avg": 0.8439734953471654,
    "tc_consensus_f1_avg": 0.8500039616670902
  },
  "summary": {
    "threshold_0.0": {
      "count": 98,
      "chosen_f1_avg": 0.85000396166709,
      "chosen_typecheck_rate": 0.9897959183673469
    },
    "threshold_0.168": {
      "count": 98,
      "chosen_f1_avg": 0.8563639127721538,
      "chosen_typecheck_rate": 0.9081632653061225
    },
    "threshold_0.37254901960784315": {
      "count": 98,
      "chosen_f1_avg": 0.8538820758361059,
      "chosen_typecheck_rate": 0.8571428571428571
    },
    "threshold_0.5633802816901409": {
      "count": 98,
      "chosen_f1_avg": 0.8497949610510441,
      "chosen_typecheck_rate": 0.826530612244898
    },
    "threshold_0.6535433070866141": {
      "count": 98,
      "chosen_f1_avg": 0.8495003722373863,
      "chosen_typecheck_rate": 0.826530612244898
    },
    "threshold_0.7213114754098361": {
      "count": 98,
      "chosen_f1_avg": 0.8486466169193453,
      "chosen_typecheck_rate": 0.8163265306122449
    },
    "threshold_0.8181818181818182": {
      "count": 98,
      "chosen_f1_avg": 0.8465488809718195,
      "chosen_typecheck_rate": 0.8163265306122449
    },
    "threshold_0.875": {
      "count": 98,
      "chosen_f1_avg": 0.8446223960921533,
      "chosen_typecheck_rate": 0.8061224489795918
    },
    "threshold_0.9344262295081968": {
      "count": 98,
      "chosen_f1_avg": 0.8438781042575224,
      "chosen_typecheck_rate": 0.8061224489795918
    },
    "threshold_0.9634146341463414": {
      "count": 98,
      "chosen_f1_avg": 0.8439734953471651,
      "chosen_typecheck_rate": 0.8061224489795918
    },
    "threshold_1.0": {
      "count": 98,
      "chosen_f1_avg": 0.8439734953471651,
      "chosen_typecheck_rate": 0.8061224489795918
    }
  }
}