{
  "meta": {
    "results_paths": [
      "kimina_bestof_cycle_lenpen001_64_20_start740_temp08_qwen1p5_rescored_cpu.json",
      "kimina_bestof_cycle_lenpen001_64_20_start760_temp08_qwen1p5_rescored_cpu.json"
    ],
    "dedupe_id": true
  },
  "summary": {
    "count": 32,
    "baseline_f1_avg": 0.7197291787449059,
    "consensus_f1_avg": 0.7884988587236842,
    "oracle_f1_avg": 0.9296142843155134,
    "consensus_improve_rate": 0.6875,
    "correlations": {
      "improve_vs_count": 0.22320061032043872,
      "improve_vs_tc_rate": -0.1993470246048409,
      "improve_vs_pairwise": 0.03578612231222801,
      "improve_vs_pairwise_tc": 0.2590001582515277,
      "improve_vs_consensus_margin": -0.18943636542394315,
      "improve_vs_baseline_f1": -0.7764623107670672,
      "oracle_improve_vs_count": 0.07815788319607515,
      "oracle_improve_vs_pairwise": -0.30238947041782377
    }
  }
}