{
  "meta": {
    "results_path": "kimina_bestof_cycle_lenpen001_64_20_temp08_merged_start740_1460_rescored_cpu_forward_kimina7b.json",
    "train_results": null,
    "test_results": null,
    "folds": 5,
    "ridge": 0.001,
    "baseline_feature": false
  },
  "summary": {
    "count": 172,
    "baseline_f1_avg": 0.7573946441610524,
    "learned_f1_avg": 0.826422275462599,
    "learned_tc_f1_avg": 0.8243723155893563,
    "learned_typecheck_rate": 0.9651162790697675,
    "learned_tc_typecheck_rate": 0.9941860465116279,
    "learned_improve_rate": 0.6569767441860465,
    "learned_tc_improve_rate": 0.6569767441860465,
    "avg_weights": [
      0.7156212077725854,
      0.008200784419332535,
      0.011464867525814661,
      0.06656896683267444,
      0.062188712495740636,
      -0.0006761888674927847
    ]
  }
}