{
  "meta": {
    "results_paths": [
      "kimina_bestof_cycle_lenpen001_128_20_temp08_merged_start1580_2100_rescored_cpu.json"
    ],
    "feature": "tc_count",
    "direction": "le",
    "dedupe_id": false,
    "all_consensus_f1_avg": 0.834258064322955,
    "tc_consensus_f1_avg": 0.8388771140827725
  },
  "summary": {
    "threshold_0.0": {
      "count": 163,
      "chosen_f1_avg": 0.8342580643229547,
      "chosen_typecheck_rate": 0.7730061349693251
    },
    "threshold_15.0": {
      "count": 163,
      "chosen_f1_avg": 0.8350509445693279,
      "chosen_typecheck_rate": 0.8650306748466258
    },
    "threshold_25.0": {
      "count": 163,
      "chosen_f1_avg": 0.8358033133322751,
      "chosen_typecheck_rate": 0.9079754601226994
    },
    "threshold_40.0": {
      "count": 163,
      "chosen_f1_avg": 0.8371568880730811,
      "chosen_typecheck_rate": 0.9386503067484663
    },
    "threshold_48.0": {
      "count": 163,
      "chosen_f1_avg": 0.8395307923096683,
      "chosen_typecheck_rate": 0.9693251533742331
    },
    "threshold_57.0": {
      "count": 163,
      "chosen_f1_avg": 0.8395672415555205,
      "chosen_typecheck_rate": 0.9754601226993865
    },
    "threshold_70.0": {
      "count": 163,
      "chosen_f1_avg": 0.8383800615660983,
      "chosen_typecheck_rate": 0.9815950920245399
    },
    "threshold_77.0": {
      "count": 163,
      "chosen_f1_avg": 0.8374338289801274,
      "chosen_typecheck_rate": 0.9938650306748467
    },
    "threshold_86.0": {
      "count": 163,
      "chosen_f1_avg": 0.838697473846613,
      "chosen_typecheck_rate": 0.9938650306748467
    },
    "threshold_101.0": {
      "count": 163,
      "chosen_f1_avg": 0.8388180948406042,
      "chosen_typecheck_rate": 0.9938650306748467
    },
    "threshold_124.0": {
      "count": 163,
      "chosen_f1_avg": 0.8388771140827722,
      "chosen_typecheck_rate": 0.9938650306748467
    }
  }
}