{
  "meta": {
    "results_path": "kimina_bestof_cycle_lenpen001_128_20_start2280_temp08_qwen1p5_rescored.json"
  },
  "summary": {
    "count": 19,
    "baseline_f1_avg": 0.8217524019082127,
    "consensus_f1_avg": 0.8432384544377297,
    "consensus_tc_f1_avg": 0.8293908714722278,
    "consensus_typecheck_rate": 0.8421052631578947,
    "consensus_tc_typecheck_rate": 1.0
  }
}