{
  "meta": {
    "results_path": "kimina_bestof_cycle_lenpen001_128_20_start2180_temp08_qwen1p5_rescored_cpu.json",
    "ks": [
      4,
      8,
      16,
      32,
      64
    ],
    "score_key": "cycle_score"
  },
  "summary": {
    "all": {
      "k_4": {
        "count": 20,
        "f1_avg": 0.8019866134054112,
        "typecheck_rate": 0.7
      },
      "k_8": {
        "count": 20,
        "f1_avg": 0.8260304180772563,
        "typecheck_rate": 0.7
      },
      "k_16": {
        "count": 20,
        "f1_avg": 0.8472927562580645,
        "typecheck_rate": 0.7
      },
      "k_32": {
        "count": 18,
        "f1_avg": 0.8354738317791058,
        "typecheck_rate": 0.6666666666666666
      },
      "k_64": {
        "count": 16,
        "f1_avg": 0.8411064576234353,
        "typecheck_rate": 0.8125
      }
    },
    "tc_only": {
      "k_4": {
        "count": 20,
        "f1_avg": 0.8036704873141598,
        "typecheck_rate": 1.0
      },
      "k_8": {
        "count": 20,
        "f1_avg": 0.8406052206122938,
        "typecheck_rate": 1.0
      },
      "k_16": {
        "count": 19,
        "f1_avg": 0.8418995035680764,
        "typecheck_rate": 1.0
      },
      "k_32": {
        "count": 17,
        "f1_avg": 0.8416167257091349,
        "typecheck_rate": 1.0
      },
      "k_64": {
        "count": 9,
        "f1_avg": 0.8453792777174988,
        "typecheck_rate": 1.0
      }
    }
  }
}