{
  "meta": {
    "results_path": "kimina_bestof_cycle_lenpen001_64_20_start1360_temp08_qwen1p5_rescored_cpu.json",
    "ks": [
      4,
      8,
      16,
      32,
      64
    ],
    "trials": 30,
    "seed": 0
  },
  "summary": {
    "all": {
      "k_4": {
        "count": 600,
        "f1_avg": 0.7577334083734609,
        "typecheck_rate": 0.78
      },
      "k_8": {
        "count": 600,
        "f1_avg": 0.7667246645481212,
        "typecheck_rate": 0.8266666666666667
      },
      "k_16": {
        "count": 600,
        "f1_avg": 0.7735053568577919,
        "typecheck_rate": 0.8566666666666667
      },
      "k_32": {
        "count": 570,
        "f1_avg": 0.77640030018968,
        "typecheck_rate": 0.8526315789473684
      },
      "k_64": {
        "count": 90,
        "f1_avg": 0.8122732686144986,
        "typecheck_rate": 0.3333333333333333
      }
    },
    "tc_only": {
      "k_4": {
        "count": 540,
        "f1_avg": 0.7601969492600235,
        "typecheck_rate": 1.0
      },
      "k_8": {
        "count": 540,
        "f1_avg": 0.7715869529478454,
        "typecheck_rate": 1.0
      },
      "k_16": {
        "count": 540,
        "f1_avg": 0.7752211100305145,
        "typecheck_rate": 1.0
      },
      "k_32": {
        "count": 420,
        "f1_avg": 0.7686043373978395,
        "typecheck_rate": 1.0
      },
      "k_64": {
        "count": 0,
        "f1_avg": 0.0,
        "typecheck_rate": 0.0
      }
    }
  }
}