{
  "meta": {
    "results_path": "kimina_bestof_cycle_lenpen001_128_20_start2100_temp08_qwen1p5_rescored_cpu.json"
  },
  "summary": {
    "alpha_0.0": {
      "count": 19,
      "all_f1_avg": 0.6820293745323692,
      "all_typecheck_rate": 0.5263157894736842,
      "tc_f1_avg": 0.7221969511703917,
      "tc_typecheck_rate": 1.0
    },
    "alpha_0.001": {
      "count": 19,
      "all_f1_avg": 0.7186525407139005,
      "all_typecheck_rate": 0.5263157894736842,
      "tc_f1_avg": 0.749388579568979,
      "tc_typecheck_rate": 1.0
    },
    "alpha_0.002": {
      "count": 19,
      "all_f1_avg": 0.7206440809026173,
      "all_typecheck_rate": 0.5263157894736842,
      "tc_f1_avg": 0.7548108834797624,
      "tc_typecheck_rate": 1.0
    },
    "alpha_0.005": {
      "count": 19,
      "all_f1_avg": 0.5828292151612912,
      "all_typecheck_rate": 0.5789473684210527,
      "tc_f1_avg": 0.5800853985450779,
      "tc_typecheck_rate": 1.0
    },
    "alpha_0.01": {
      "count": 19,
      "all_f1_avg": 0.550369687513374,
      "all_typecheck_rate": 0.5789473684210527,
      "tc_f1_avg": 0.5445725932768749,
      "tc_typecheck_rate": 1.0
    },
    "alpha_0.02": {
      "count": 19,
      "all_f1_avg": 0.5007936440695611,
      "all_typecheck_rate": 0.5263157894736842,
      "tc_f1_avg": 0.4986098392479505,
      "tc_typecheck_rate": 1.0
    }
  }
}