{
  "meta": {
    "results_path": "kimina_bestof_cycle_lenpen001_128_20_start2160_temp08_qwen1p5_rescored_cpu.json",
    "ks": [
      4,
      8,
      16,
      32,
      64
    ],
    "trials": 30,
    "seed": 0
  },
  "summary": {
    "all": {
      "k_4": {
        "count": 600,
        "f1_avg": 0.7899318509434404,
        "typecheck_rate": 0.8383333333333334
      },
      "k_8": {
        "count": 600,
        "f1_avg": 0.7962382146497973,
        "typecheck_rate": 0.8983333333333333
      },
      "k_16": {
        "count": 600,
        "f1_avg": 0.8047622392441788,
        "typecheck_rate": 0.9233333333333333
      },
      "k_32": {
        "count": 600,
        "f1_avg": 0.8128732083538474,
        "typecheck_rate": 0.9283333333333333
      },
      "k_64": {
        "count": 510,
        "f1_avg": 0.8033718108689808,
        "typecheck_rate": 0.9392156862745098
      }
    },
    "tc_only": {
      "k_4": {
        "count": 600,
        "f1_avg": 0.7914379940018264,
        "typecheck_rate": 1.0
      },
      "k_8": {
        "count": 600,
        "f1_avg": 0.8024829409910831,
        "typecheck_rate": 1.0
      },
      "k_16": {
        "count": 600,
        "f1_avg": 0.8096061543193401,
        "typecheck_rate": 1.0
      },
      "k_32": {
        "count": 570,
        "f1_avg": 0.8108543135729567,
        "typecheck_rate": 1.0
      },
      "k_64": {
        "count": 360,
        "f1_avg": 0.8042084264011659,
        "typecheck_rate": 1.0
      }
    }
  }
}