{
  "meta": {
    "results_paths": [
      "kimina_bestof_cycle_lenpen001_64_20_start1500_temp08_qwen1p5_rescored_cpu.json"
    ],
    "dedupe_id": false
  },
  "summary": {
    "count": 20,
    "baseline_f1_avg": 0.7876102893924325,
    "consensus_f1_avg": 0.8245849172117907,
    "oracle_f1_avg": 0.930723470193817,
    "consensus_improve_rate": 0.55,
    "correlations": {
      "improve_vs_count": -0.026261859147950536,
      "improve_vs_tc_rate": -0.45125239510866855,
      "improve_vs_pairwise": 0.11576358121153167,
      "improve_vs_pairwise_tc": -0.04292510891563076,
      "improve_vs_consensus_margin": -0.10191988864423421,
      "improve_vs_baseline_f1": -0.5332552472179968,
      "oracle_improve_vs_count": 0.17874577182283108,
      "oracle_improve_vs_pairwise": -0.4322758199850881
    }
  }
}