{
  "meta": {
    "results_path": "kimina_bestof_cycle_lenpen001_128_20_temp08_merged_start1580_2280_rescored.json",
    "train_results": null,
    "test_results": null,
    "folds": 5,
    "model": "gbrt",
    "ridge": 0.001,
    "gbrt_estimators": 200,
    "gbrt_learning_rate": 0.05,
    "gbrt_depth": 3,
    "baseline_feature": false,
    "forward_feature": false,
    "embed_consensus": false,
    "context_interactions": false,
    "extra_candidate_features": true,
    "embed_model_id": null,
    "embed_batch_size": null,
    "embed_max_length": null,
    "embed_device": null
  },
  "summary": {
    "count": 687,
    "baseline_f1_avg": 0.7782621332067704,
    "learned_f1_avg": 0.8348776977714953,
    "learned_tc_f1_avg": 0.8296539326588148,
    "learned_typecheck_rate": 0.9723435225618632,
    "learned_tc_typecheck_rate": 0.9956331877729258,
    "learned_improve_rate": 0.6259097525473072,
    "learned_tc_improve_rate": 0.6200873362445415,
    "avg_feature_importances": [
      0.0,
      0.013880281328797418,
      0.05654791643278158,
      0.48975213097754294,
      0.043616234879150825,
      0.02310030219054346,
      0.018132109300788214,
      0.040017170023307465,
      0.014553631049209325,
      0.26407550266647173,
      0.03632472115140695
    ]
  }
}