{
  "meta": {
    "results_path": "kimina_bestof_cycle_lenpen001_64_20_start1000_temp08_qwen1p5_rescored_cpu.json"
  },
  "summary": {
    "count": 19,
    "baseline_f1_avg": 0.8307736098312631,
    "consensus_f1_avg": 0.8609809820467494,
    "consensus_tc_f1_avg": 0.8890038551380307,
    "consensus_typecheck_rate": 0.8947368421052632,
    "consensus_tc_typecheck_rate": 1.0
  }
}