{
  "meta": {
    "results_path": "kimina_bestof_cycle_lenpen001_128_20_start1620_temp08_qwen1p5_rescored_cpu.json",
    "train_results": null,
    "test_results": null,
    "folds": 5,
    "model": "ridge",
    "ridge": 0.001,
    "gbrt_estimators": 200,
    "gbrt_learning_rate": 0.05,
    "gbrt_depth": 3,
    "baseline_feature": false
  },
  "summary": {
    "count": 20,
    "baseline_f1_avg": 0.6768138177712002,
    "learned_f1_avg": 0.7894061503391671,
    "learned_tc_f1_avg": 0.7894061503391671,
    "learned_typecheck_rate": 0.95,
    "learned_tc_typecheck_rate": 0.95,
    "learned_improve_rate": 0.6,
    "learned_tc_improve_rate": 0.6,
    "avg_weights": [
      0.6684540400544391,
      0.012410736467258468,
      0.07183157806932337,
      0.05384997031026943
    ]
  }
}