{
  "meta": {
    "results_path": "kimina_bestof_cycle_lenpen001_64_20_start1420_temp08_qwen1p5_rescored_cpu.json",
    "ks": [
      4,
      8,
      16,
      32,
      64
    ],
    "trials": 30,
    "seed": 0
  },
  "summary": {
    "all": {
      "k_4": {
        "count": 570,
        "f1_avg": 0.8567976781347393,
        "typecheck_rate": 0.8649122807017544
      },
      "k_8": {
        "count": 570,
        "f1_avg": 0.866454299438825,
        "typecheck_rate": 0.8842105263157894
      },
      "k_16": {
        "count": 570,
        "f1_avg": 0.8715426517114541,
        "typecheck_rate": 0.9035087719298246
      },
      "k_32": {
        "count": 450,
        "f1_avg": 0.8834784745869448,
        "typecheck_rate": 0.9333333333333333
      },
      "k_64": {
        "count": 90,
        "f1_avg": 0.8882717207226645,
        "typecheck_rate": 1.0
      }
    },
    "tc_only": {
      "k_4": {
        "count": 570,
        "f1_avg": 0.875395836488873,
        "typecheck_rate": 1.0
      },
      "k_8": {
        "count": 540,
        "f1_avg": 0.8804512510453939,
        "typecheck_rate": 1.0
      },
      "k_16": {
        "count": 510,
        "f1_avg": 0.8897782972411807,
        "typecheck_rate": 1.0
      },
      "k_32": {
        "count": 360,
        "f1_avg": 0.8922870608729955,
        "typecheck_rate": 1.0
      },
      "k_64": {
        "count": 0,
        "f1_avg": 0.0,
        "typecheck_rate": 0.0
      }
    }
  }
}