{
  "meta": {
    "results_path": "kimina_bestof_cycle_lenpen001_temp08_merged_64_128_rescored.json",
    "train_results": null,
    "test_results": null,
    "folds": 5,
    "model": "ridge",
    "ridge": 0.001,
    "gbrt_estimators": 200,
    "gbrt_learning_rate": 0.05,
    "gbrt_depth": 3,
    "baseline_feature": false,
    "forward_feature": false,
    "embed_consensus": true,
    "context_interactions": false,
    "extra_candidate_features": true,
    "numeric_features": false,
    "nl_number_features": false,
    "nl_number_detail": false,
    "nl_number_missing_extra": true,
    "nl_number_missing_extra_ratio": false,
    "nl_number_missing_extra_signed": false,
    "embed_model_id": "sentence-transformers/all-MiniLM-L6-v2",
    "embed_batch_size": 64,
    "embed_max_length": 256,
    "embed_device": "cuda"
  },
  "summary": {
    "count": 859,
    "baseline_f1_avg": 0.7740837768437162,
    "learned_f1_avg": 0.8414344129638032,
    "learned_tc_f1_avg": 0.8365943522792201,
    "learned_typecheck_rate": 0.9720605355064028,
    "learned_tc_typecheck_rate": 0.9953434225844005,
    "learned_improve_rate": 0.6542491268917345,
    "learned_tc_improve_rate": 0.6507566938300349,
    "feature_names": [
      "bias",
      "len_z",
      "cons_z",
      "embed_cons_z",
      "typecheck",
      "lenpen_z",
      "cycle_rank",
      "len_rank",
      "cons_rank",
      "tc_cons_z",
      "tc_cons_rank",
      "nl_num_missing_z",
      "nl_num_extra_z"
    ],
    "avg_weights": [
      0.7191962941532959,
      0.0066912448855801585,
      0.049837064441512105,
      0.005285753080547684,
      0.04233257539275631,
      0.009018203632507752,
      0.010567070660895118,
      -0.0017263590367069762,
      0.018512131612902934,
      0.020324706045327826,
      0.0028142788780611714,
      -0.007317946167475003,
      -0.003172638647229752
    ]
  }
}