{
  "meta": {
    "results_path": "kimina_bestof_cycle_lenpen001_64_20_start1340_temp08_qwen1p5_rescored_cpu.json"
  },
  "summary": {
    "count": 18,
    "baseline_f1_avg": 0.8347029327781958,
    "consensus_f1_avg": 0.8563069153742002,
    "consensus_tc_f1_avg": 0.8553923183882641,
    "consensus_typecheck_rate": 0.8888888888888888,
    "consensus_tc_typecheck_rate": 1.0
  }
}