{
  "meta": {
    "results_paths": [
      "kimina_bestof_cycle_lenpen001_128_20_start2180_temp08_qwen1p5_rescored_cpu.json"
    ],
    "dedupe_id": false
  },
  "summary": {
    "count": 20,
    "all_consensus_f1_avg": 0.8568012341369353,
    "tc_consensus_f1_avg": 0.8601662836925723,
    "tc_better_rate": 0.15,
    "diff_vs_tc_rate": -0.20627470361922146,
    "diff_vs_tc_count": -0.1991191502752528
  }
}