{
  "meta": {
    "results_path": "kimina_bestof_cycle_lenpen001_128_20_start1840_temp08_qwen1p5_rescored_cpu.json",
    "ks": [
      4,
      8,
      16,
      32,
      64
    ],
    "score_key": "length_penalized_score"
  },
  "summary": {
    "all": {
      "k_4": {
        "count": 18,
        "f1_avg": 0.8129737231296428,
        "typecheck_rate": 0.6111111111111112
      },
      "k_8": {
        "count": 18,
        "f1_avg": 0.8199651886372946,
        "typecheck_rate": 0.6111111111111112
      },
      "k_16": {
        "count": 18,
        "f1_avg": 0.8295954164070786,
        "typecheck_rate": 0.7777777777777778
      },
      "k_32": {
        "count": 17,
        "f1_avg": 0.851195487345049,
        "typecheck_rate": 0.8235294117647058
      },
      "k_64": {
        "count": 15,
        "f1_avg": 0.8611798872647327,
        "typecheck_rate": 0.8666666666666667
      }
    },
    "tc_only": {
      "k_4": {
        "count": 18,
        "f1_avg": 0.8165962978269419,
        "typecheck_rate": 1.0
      },
      "k_8": {
        "count": 18,
        "f1_avg": 0.8194269910259462,
        "typecheck_rate": 1.0
      },
      "k_16": {
        "count": 18,
        "f1_avg": 0.8457539030955392,
        "typecheck_rate": 1.0
      },
      "k_32": {
        "count": 16,
        "f1_avg": 0.8736419376888717,
        "typecheck_rate": 1.0
      },
      "k_64": {
        "count": 10,
        "f1_avg": 0.8879493166055905,
        "typecheck_rate": 1.0
      }
    }
  }
}