{
  "meta": {
    "results_paths": [
      "kimina_bestof_cycle_lenpen001_64_20_start940_temp08_qwen1p5_rescored_cpu.json"
    ],
    "dedupe_id": false
  },
  "summary": {
    "count": 18,
    "all_consensus_f1_avg": 0.8405806725464378,
    "tc_consensus_f1_avg": 0.8405104013764224,
    "tc_better_rate": 0.05555555555555555,
    "diff_vs_tc_rate": 0.18787289403169724,
    "diff_vs_tc_count": 0.052590157092761866
  }
}