{
  "meta": {
    "results_path": "kimina_bestof_cycle_lenpen001_64_20_temp08_merged_start740_1460_rescored_cpu_forward_kimina7b.json",
    "train_results": null,
    "test_results": null,
    "folds": 5,
    "ridge": 0.001,
    "baseline_feature": false
  },
  "summary": {
    "count": 172,
    "baseline_f1_avg": 0.7573946441610524,
    "learned_f1_avg": 0.8277956870596391,
    "learned_tc_f1_avg": 0.8257457271863962,
    "learned_typecheck_rate": 0.9651162790697675,
    "learned_tc_typecheck_rate": 0.9941860465116279,
    "learned_improve_rate": 0.6686046511627907,
    "learned_tc_improve_rate": 0.6686046511627907,
    "avg_weights": [
      0.7157233398484254,
      0.008154813681257663,
      0.011279834043796916,
      0.06621849639165464,
      0.06201749367705676
    ]
  }
}