{
  "meta": {
    "results_path": "kimina_bestof_cycle_lenpen001_16_50_start450_qwen1p5.json"
  },
  "summary": {
    "alpha_0.0": {
      "count": 41,
      "all_f1_avg": 0.7954274480137947,
      "all_typecheck_rate": 0.8780487804878049,
      "tc_f1_avg": 0.8006020296111915,
      "tc_typecheck_rate": 1.0
    },
    "alpha_0.001": {
      "count": 41,
      "all_f1_avg": 0.786012928601011,
      "all_typecheck_rate": 0.8536585365853658,
      "tc_f1_avg": 0.7874893734434717,
      "tc_typecheck_rate": 1.0
    },
    "alpha_0.002": {
      "count": 41,
      "all_f1_avg": 0.786012928601011,
      "all_typecheck_rate": 0.8536585365853658,
      "tc_f1_avg": 0.7874893734434717,
      "tc_typecheck_rate": 1.0
    },
    "alpha_0.005": {
      "count": 41,
      "all_f1_avg": 0.786012928601011,
      "all_typecheck_rate": 0.8536585365853658,
      "tc_f1_avg": 0.7874893734434717,
      "tc_typecheck_rate": 1.0
    },
    "alpha_0.01": {
      "count": 41,
      "all_f1_avg": 0.786012928601011,
      "all_typecheck_rate": 0.8536585365853658,
      "tc_f1_avg": 0.7874893734434717,
      "tc_typecheck_rate": 1.0
    },
    "alpha_0.02": {
      "count": 41,
      "all_f1_avg": 0.786012928601011,
      "all_typecheck_rate": 0.8536585365853658,
      "tc_f1_avg": 0.7874893734434717,
      "tc_typecheck_rate": 1.0
    }
  }
}