{
  "meta": {
    "results_path": "kimina_bestof_cycle_lenpen001_128_20_temp08_merged_start1580_2180_rescored_cpu.json",
    "ks": [
      4,
      8,
      16,
      32,
      64
    ],
    "trials": 30,
    "seed": 0
  },
  "summary": {
    "all": {
      "k_4": {
        "count": 7230,
        "f1_avg": 0.8008332971249188,
        "typecheck_rate": 0.7331950207468879
      },
      "k_8": {
        "count": 7230,
        "f1_avg": 0.8157146566608651,
        "typecheck_rate": 0.7719225449515906
      },
      "k_16": {
        "count": 7200,
        "f1_avg": 0.8234095122908154,
        "typecheck_rate": 0.7830555555555555
      },
      "k_32": {
        "count": 6900,
        "f1_avg": 0.8266593101571925,
        "typecheck_rate": 0.7910144927536232
      },
      "k_64": {
        "count": 6150,
        "f1_avg": 0.8229794978216421,
        "typecheck_rate": 0.7941463414634147
      }
    },
    "tc_only": {
      "k_4": {
        "count": 7080,
        "f1_avg": 0.8139768934742544,
        "typecheck_rate": 1.0
      },
      "k_8": {
        "count": 6960,
        "f1_avg": 0.8277463731600857,
        "typecheck_rate": 1.0
      },
      "k_16": {
        "count": 6570,
        "f1_avg": 0.837510261496286,
        "typecheck_rate": 1.0
      },
      "k_32": {
        "count": 5610,
        "f1_avg": 0.8404894408365401,
        "typecheck_rate": 1.0
      },
      "k_64": {
        "count": 3570,
        "f1_avg": 0.8335946618749229,
        "typecheck_rate": 1.0
      }
    }
  }
}