{
  "meta": {
    "results_path": "kimina_bestof_cycle_lenpen001_128_20_temp08_merged_start1580_1860_rescored_cpu.json"
  },
  "summary": {
    "count": 129,
    "baseline_f1_avg": 0.7719140472361592,
    "consensus_f1_avg": 0.8383230275235233,
    "consensus_tc_f1_avg": 0.8427446608746497,
    "consensus_typecheck_rate": 0.7984496124031008,
    "consensus_tc_typecheck_rate": 0.9922480620155039
  }
}