{
  "meta": {
    "results_path": null,
    "train_results": "kimina_bestof_cycle_lenpen001_64_20_start900_temp08_qwen1p5_rescored_cpu.json",
    "test_results": "kimina_bestof_cycle_lenpen001_64_20_start740_temp08_qwen1p5_rescored_cpu.json",
    "folds": 5,
    "ridge": 0.001,
    "baseline_feature": false
  },
  "summary": {
    "count": 18,
    "baseline_f1_avg": 0.7458911421215128,
    "learned_f1_avg": 0.8028935554972642,
    "learned_tc_f1_avg": 0.8028935554972642,
    "learned_typecheck_rate": 1.0,
    "learned_tc_typecheck_rate": 1.0,
    "learned_improve_rate": 0.7222222222222222,
    "learned_tc_improve_rate": 0.7222222222222222,
    "avg_weights": [
      0.6408986276275714,
      0.011581231044860413,
      0.016535388625145465,
      0.06133086884747145,
      0.11558245414938277
    ]
  }
}