{
  "meta": {
    "results_paths": [
      "kimina_bestof_cycle_lenpen001_128_20_start2260_temp08_qwen1p5_rescored_cpu.json"
    ],
    "dedupe_id": false
  },
  "summary": {
    "count": 18,
    "all_consensus_f1_avg": 0.7931913279536027,
    "tc_consensus_f1_avg": 0.7904755814570807,
    "tc_better_rate": 0.1111111111111111,
    "diff_vs_tc_rate": -0.21046952215342513,
    "diff_vs_tc_count": -0.0810530782418295
  }
}