{
  "meta": {
    "results_path": "kimina_bestof_cycle_lenpen001_128_20_start1740_temp08_qwen1p5_rescored_cpu.json",
    "ks": [
      4,
      8,
      16,
      32,
      64
    ],
    "score_key": "length_penalized_score"
  },
  "summary": {
    "all": {
      "k_4": {
        "count": 18,
        "f1_avg": 0.7862895798462474,
        "typecheck_rate": 0.7222222222222222
      },
      "k_8": {
        "count": 18,
        "f1_avg": 0.8052890529527013,
        "typecheck_rate": 0.7777777777777778
      },
      "k_16": {
        "count": 18,
        "f1_avg": 0.8274948449670239,
        "typecheck_rate": 0.7222222222222222
      },
      "k_32": {
        "count": 17,
        "f1_avg": 0.8400385634943528,
        "typecheck_rate": 0.8235294117647058
      },
      "k_64": {
        "count": 15,
        "f1_avg": 0.822377708769449,
        "typecheck_rate": 0.8
      }
    },
    "tc_only": {
      "k_4": {
        "count": 17,
        "f1_avg": 0.8042233842777667,
        "typecheck_rate": 1.0
      },
      "k_8": {
        "count": 17,
        "f1_avg": 0.827704251186043,
        "typecheck_rate": 1.0
      },
      "k_16": {
        "count": 16,
        "f1_avg": 0.8309277341402836,
        "typecheck_rate": 1.0
      },
      "k_32": {
        "count": 14,
        "f1_avg": 0.8373623715270923,
        "typecheck_rate": 1.0
      },
      "k_64": {
        "count": 11,
        "f1_avg": 0.812894061659738,
        "typecheck_rate": 1.0
      }
    }
  }
}