{
  "meta": {
    "results_paths": [
      "kimina_bestof_cycle_lenpen001_128_20_start1740_temp08_qwen1p5_rescored_cpu.json"
    ],
    "dedupe_id": false
  },
  "summary": {
    "count": 18,
    "baseline_f1_avg": 0.8103249274160841,
    "consensus_f1_avg": 0.8247617519853796,
    "oracle_f1_avg": 0.9391398133410603,
    "consensus_improve_rate": 0.5555555555555556,
    "correlations": {
      "improve_vs_count": 0.10051881843180038,
      "improve_vs_tc_rate": -0.04571677692716268,
      "improve_vs_pairwise": 0.5508698695317278,
      "improve_vs_pairwise_tc": -0.15929549512871705,
      "improve_vs_consensus_margin": -0.14599551867845684,
      "improve_vs_baseline_f1": -0.1778774522833909,
      "oracle_improve_vs_count": 0.2504643924951131,
      "oracle_improve_vs_pairwise": -0.210071598993729
    }
  }
}