{
  "meta": {
    "results_paths": [
      "kimina_bestof_cycle_lenpen001_128_20_start2060_temp08_qwen1p5_rescored_cpu.json"
    ],
    "feature": "tc_rate",
    "direction": "ge",
    "dedupe_id": false,
    "all_consensus_f1_avg": 0.8644198793860901,
    "tc_consensus_f1_avg": 0.8531775215067703
  },
  "summary": {
    "threshold_0.04132231404958678": {
      "count": 19,
      "chosen_f1_avg": 0.8531775215067703,
      "chosen_typecheck_rate": 1.0
    },
    "threshold_0.32857142857142857": {
      "count": 19,
      "chosen_f1_avg": 0.8695775832925611,
      "chosen_typecheck_rate": 0.8947368421052632
    },
    "threshold_0.5862068965517241": {
      "count": 19,
      "chosen_f1_avg": 0.8675725707612327,
      "chosen_typecheck_rate": 0.8947368421052632
    },
    "threshold_0.6015625": {
      "count": 19,
      "chosen_f1_avg": 0.8632037251499367,
      "chosen_typecheck_rate": 0.8947368421052632
    },
    "threshold_0.7076923076923077": {
      "count": 19,
      "chosen_f1_avg": 0.8632037251499367,
      "chosen_typecheck_rate": 0.8947368421052632
    },
    "threshold_0.7711864406779662": {
      "count": 19,
      "chosen_f1_avg": 0.8632037251499367,
      "chosen_typecheck_rate": 0.8947368421052632
    },
    "threshold_0.8823529411764706": {
      "count": 19,
      "chosen_f1_avg": 0.8636101627869001,
      "chosen_typecheck_rate": 0.8947368421052632
    },
    "threshold_0.9154929577464789": {
      "count": 19,
      "chosen_f1_avg": 0.8636101627869001,
      "chosen_typecheck_rate": 0.8947368421052632
    },
    "threshold_0.9158878504672897": {
      "count": 19,
      "chosen_f1_avg": 0.8636101627869001,
      "chosen_typecheck_rate": 0.8947368421052632
    },
    "threshold_0.9736842105263158": {
      "count": 19,
      "chosen_f1_avg": 0.8644198793860903,
      "chosen_typecheck_rate": 0.8947368421052632
    },
    "threshold_1.0": {
      "count": 19,
      "chosen_f1_avg": 0.8644198793860903,
      "chosen_typecheck_rate": 0.8947368421052632
    }
  }
}