{
  "meta": {
    "results_path": "kimina_bestof_cycle_lenpen001_64_20_start860_temp08_qwen1p5_rescored_cpu.json"
  },
  "summary": {
    "records": 20,
    "candidate_typecheck_rate": 0.7384960718294051,
    "tc_candidate_f1_avg": 0.7902146339748771,
    "non_tc_candidate_f1_avg": 0.7286175171899889,
    "max_tc_f1_avg": 0.9159185953484267,
    "max_non_tc_f1_avg": 0.7859169630106217,
    "records_with_tc": 20,
    "records_with_non_tc": 18,
    "records_with_both": 18
  }
}