{
  "meta": {
    "results_path": "kimina_bestof_cycle_lenpen001_64_20_start940_temp08_qwen1p5_rescored_cpu.json"
  },
  "summary": {
    "alpha_0.0": {
      "count": 18,
      "all_f1_avg": 0.7754885206636135,
      "all_typecheck_rate": 0.7777777777777778,
      "tc_f1_avg": 0.7932572026009451,
      "tc_typecheck_rate": 1.0
    },
    "alpha_0.001": {
      "count": 18,
      "all_f1_avg": 0.775226677425026,
      "all_typecheck_rate": 0.7777777777777778,
      "tc_f1_avg": 0.7932572026009451,
      "tc_typecheck_rate": 1.0
    },
    "alpha_0.002": {
      "count": 18,
      "all_f1_avg": 0.7869020925534764,
      "all_typecheck_rate": 0.8333333333333334,
      "tc_f1_avg": 0.8066047791824645,
      "tc_typecheck_rate": 1.0
    },
    "alpha_0.005": {
      "count": 18,
      "all_f1_avg": 0.6900510232419655,
      "all_typecheck_rate": 0.7777777777777778,
      "tc_f1_avg": 0.721755233546528,
      "tc_typecheck_rate": 1.0
    },
    "alpha_0.01": {
      "count": 18,
      "all_f1_avg": 0.6356980194877779,
      "all_typecheck_rate": 0.7222222222222222,
      "tc_f1_avg": 0.7096172737705475,
      "tc_typecheck_rate": 1.0
    },
    "alpha_0.02": {
      "count": 18,
      "all_f1_avg": 0.5761500893841932,
      "all_typecheck_rate": 0.7777777777777778,
      "tc_f1_avg": 0.6703109106864502,
      "tc_typecheck_rate": 1.0
    }
  }
}