{
  "meta": {
    "results_path": "kimina_bestof_cycle_lenpen001_64_20_start1180_temp08_qwen1p5_rescored_cpu.json"
  },
  "summary": {
    "alpha_0.0": {
      "count": 19,
      "all_f1_avg": 0.7442192290096649,
      "all_typecheck_rate": 0.7368421052631579,
      "tc_f1_avg": 0.7608541977466213,
      "tc_typecheck_rate": 1.0
    },
    "alpha_0.001": {
      "count": 19,
      "all_f1_avg": 0.7473552988493358,
      "all_typecheck_rate": 0.7894736842105263,
      "tc_f1_avg": 0.7566260071327869,
      "tc_typecheck_rate": 1.0
    },
    "alpha_0.002": {
      "count": 19,
      "all_f1_avg": 0.7232372905612656,
      "all_typecheck_rate": 0.7368421052631579,
      "tc_f1_avg": 0.7566260071327869,
      "tc_typecheck_rate": 1.0
    },
    "alpha_0.005": {
      "count": 19,
      "all_f1_avg": 0.7361018305092623,
      "all_typecheck_rate": 0.5789473684210527,
      "tc_f1_avg": 0.7592392851039061,
      "tc_typecheck_rate": 1.0
    },
    "alpha_0.01": {
      "count": 19,
      "all_f1_avg": 0.6686115920952321,
      "all_typecheck_rate": 0.47368421052631576,
      "tc_f1_avg": 0.7574372213068642,
      "tc_typecheck_rate": 1.0
    },
    "alpha_0.02": {
      "count": 19,
      "all_f1_avg": 0.6586594100659419,
      "all_typecheck_rate": 0.5263157894736842,
      "tc_f1_avg": 0.726312557750914,
      "tc_typecheck_rate": 1.0
    }
  }
}