{
  "meta": {
    "results_path": "kimina_bestof_cycle_lenpen001_temp06_merged_start600_700_forward_kimina7b.json",
    "ks": [
      4,
      8,
      16,
      32,
      64
    ]
  },
  "summary": {
    "all": {
      "k_4": {
        "count": 69,
        "f1_avg": 0.7904891515169149,
        "typecheck_rate": 0.8840579710144928
      },
      "k_8": {
        "count": 66,
        "f1_avg": 0.7938746810688753,
        "typecheck_rate": 0.8787878787878788
      },
      "k_16": {
        "count": 43,
        "f1_avg": 0.8217617930685268,
        "typecheck_rate": 0.7906976744186046
      },
      "k_32": {
        "count": 13,
        "f1_avg": 0.8846595914588572,
        "typecheck_rate": 0.8461538461538461
      },
      "k_64": {
        "count": 1,
        "f1_avg": 0.8878923766816144,
        "typecheck_rate": 1.0
      }
    },
    "tc_only": {
      "k_4": {
        "count": 64,
        "f1_avg": 0.7988575158088209,
        "typecheck_rate": 1.0
      },
      "k_8": {
        "count": 57,
        "f1_avg": 0.8147127425133107,
        "typecheck_rate": 1.0
      },
      "k_16": {
        "count": 29,
        "f1_avg": 0.8539415989757787,
        "typecheck_rate": 1.0
      },
      "k_32": {
        "count": 7,
        "f1_avg": 0.8720925798290161,
        "typecheck_rate": 1.0
      },
      "k_64": {
        "count": 0,
        "f1_avg": 0.0,
        "typecheck_rate": 0.0
      }
    }
  }
}