{
  "meta": {
    "results_paths": [
      "kimina_bestof_cycle_lenpen001_128_20_start2040_temp08_qwen1p5_rescored_cpu.json"
    ],
    "feature": "tc_rate",
    "direction": "ge",
    "dedupe_id": false,
    "all_consensus_f1_avg": 0.8107847941658713,
    "tc_consensus_f1_avg": 0.8116250360034764
  },
  "summary": {
    "threshold_0.171875": {
      "count": 20,
      "chosen_f1_avg": 0.8116250360034764,
      "chosen_typecheck_rate": 1.0
    },
    "threshold_0.31932773109243695": {
      "count": 20,
      "chosen_f1_avg": 0.8033359113350412,
      "chosen_typecheck_rate": 0.9
    },
    "threshold_0.39316239316239315": {
      "count": 20,
      "chosen_f1_avg": 0.7961511606019036,
      "chosen_typecheck_rate": 0.85
    },
    "threshold_0.5714285714285714": {
      "count": 20,
      "chosen_f1_avg": 0.7959108453082383,
      "chosen_typecheck_rate": 0.8
    },
    "threshold_0.7384615384615385": {
      "count": 20,
      "chosen_f1_avg": 0.8100189275655314,
      "chosen_typecheck_rate": 0.75
    },
    "threshold_0.78125": {
      "count": 20,
      "chosen_f1_avg": 0.8084592127705225,
      "chosen_typecheck_rate": 0.75
    },
    "threshold_0.782608695652174": {
      "count": 20,
      "chosen_f1_avg": 0.8084592127705225,
      "chosen_typecheck_rate": 0.75
    },
    "threshold_0.8898305084745762": {
      "count": 20,
      "chosen_f1_avg": 0.8107847941658713,
      "chosen_typecheck_rate": 0.75
    },
    "threshold_0.9047619047619048": {
      "count": 20,
      "chosen_f1_avg": 0.8107847941658713,
      "chosen_typecheck_rate": 0.75
    },
    "threshold_0.9426229508196722": {
      "count": 20,
      "chosen_f1_avg": 0.8107847941658713,
      "chosen_typecheck_rate": 0.75
    },
    "threshold_1.0": {
      "count": 20,
      "chosen_f1_avg": 0.8107847941658713,
      "chosen_typecheck_rate": 0.75
    }
  }
}