{
  "meta": {
    "results_path": "kimina_bestof_cycle_lenpen001_128_20_start2220_temp08_qwen1p5_rescored_cpu.json"
  },
  "summary": {
    "count": 19,
    "baseline_f1_avg": 0.7608924196464966,
    "consensus_f1_avg": 0.7867371232476311,
    "consensus_tc_f1_avg": 0.780485494187972,
    "consensus_typecheck_rate": 0.6842105263157895,
    "consensus_tc_typecheck_rate": 1.0
  }
}