{
  "meta": {
    "results_paths": [
      "kimina_bestof_cycle_lenpen001_128_20_start1820_temp08_qwen1p5_rescored_cpu.json"
    ],
    "dedupe_id": false
  },
  "summary": {
    "count": 18,
    "baseline_f1_avg": 0.7768167357254333,
    "consensus_f1_avg": 0.843241482145492,
    "oracle_f1_avg": 0.9396683548936249,
    "consensus_improve_rate": 0.6111111111111112,
    "correlations": {
      "improve_vs_count": 0.027949164583257906,
      "improve_vs_tc_rate": -0.7932766246978185,
      "improve_vs_pairwise": -0.2726020663072235,
      "improve_vs_pairwise_tc": -0.6494754564653227,
      "improve_vs_consensus_margin": -0.15609744830118905,
      "improve_vs_baseline_f1": -0.6036114395694302,
      "oracle_improve_vs_count": 0.0882732862561387,
      "oracle_improve_vs_pairwise": -0.5164905816446252
    }
  }
}