{
  "meta": {
    "results_path": "kimina_bestof_cycle_lenpen001_temp08_merged_64_128_rescored.json",
    "train_results": null,
    "test_results": null,
    "folds": 5,
    "model": "ridge",
    "ridge": 0.001,
    "gbrt_estimators": 200,
    "gbrt_learning_rate": 0.05,
    "gbrt_depth": 3,
    "baseline_feature": false,
    "forward_feature": false,
    "embed_consensus": false,
    "context_interactions": true,
    "extra_candidate_features": true,
    "numeric_features": false,
    "nl_number_features": false,
    "nl_number_detail": false,
    "nl_number_missing_extra": true,
    "nl_number_missing_extra_ratio": false,
    "embed_model_id": null,
    "embed_batch_size": null,
    "embed_max_length": null,
    "embed_device": null
  },
  "summary": {
    "count": 859,
    "baseline_f1_avg": 0.7740837768437162,
    "learned_f1_avg": 0.8378342614028934,
    "learned_tc_f1_avg": 0.8350881392212874,
    "learned_typecheck_rate": 0.89988358556461,
    "learned_tc_typecheck_rate": 0.9953434225844005,
    "learned_improve_rate": 0.6321303841676368,
    "learned_tc_improve_rate": 0.6332945285215367,
    "feature_names": [
      "bias",
      "len_z",
      "cons_z",
      "typecheck",
      "cycle_tc_rate",
      "cons_tc_rate",
      "typecheck_tc_rate",
      "cycle_cons_margin",
      "cons_cons_margin",
      "cycle_avg_pairwise",
      "cons_avg_pairwise",
      "lenpen_z",
      "cycle_rank",
      "len_rank",
      "cons_rank",
      "tc_cons_z",
      "tc_cons_rank",
      "nl_num_missing_z",
      "nl_num_extra_z"
    ],
    "avg_weights": [
      0.7136269766932071,
      0.015126140588297782,
      0.1869436404979974,
      -0.005179326116297114,
      -0.003196828621758875,
      -0.015229469029747708,
      0.05974347203332615,
      0.2342605488907858,
      -2.2901596812568177,
      -0.07176191286170083,
      -0.1742095602748074,
      0.0675479576865483,
      0.014851774407209539,
      0.0038814718589883905,
      0.02041781031244446,
      0.03621746758559135,
      0.0030807026375279474,
      -0.008461449316196714,
      -0.0038958212609186624
    ]
  }
}