{
  "meta": {
    "results_paths": [
      "kimina_bestof_cycle_lenpen001_128_20_start1860_temp08_qwen1p5_rescored_cpu.json"
    ],
    "dedupe_id": false
  },
  "summary": {
    "count": 18,
    "all_consensus_f1_avg": 0.8228722438546541,
    "tc_consensus_f1_avg": 0.8214555105378811,
    "tc_better_rate": 0.05555555555555555,
    "diff_vs_tc_rate": -0.02999204529330604,
    "diff_vs_tc_count": 0.19837749550907405
  }
}