{
  "meta": {
    "results_path": "kimina_bestof_cycle_lenpen001_64_20_start1260_temp08_qwen1p5_rescored_cpu.json"
  },
  "summary": {
    "count": 19,
    "baseline_f1_avg": 0.7280524624125322,
    "oracle_f1_avg": 0.9149716130323041,
    "oracle_tc_f1_avg": 0.9074948342073457,
    "oracle_typecheck_rate": 0.8421052631578947,
    "oracle_tc_typecheck_rate": 0.9473684210526315,
    "oracle_improve_rate": 0.9473684210526315,
    "oracle_tc_improve_rate": 0.9473684210526315
  }
}