{
  "meta": {
    "results_path": "kimina_bestof_cycle_lenpen001_128_20_start2160_temp08_qwen1p5_rescored_cpu.json",
    "ks": [
      4,
      8,
      16,
      32,
      64
    ],
    "score_key": "length_penalized_score"
  },
  "summary": {
    "all": {
      "k_4": {
        "count": 20,
        "f1_avg": 0.7712705211444424,
        "typecheck_rate": 0.5
      },
      "k_8": {
        "count": 20,
        "f1_avg": 0.787100890472232,
        "typecheck_rate": 0.8
      },
      "k_16": {
        "count": 20,
        "f1_avg": 0.8102772900683675,
        "typecheck_rate": 0.8
      },
      "k_32": {
        "count": 20,
        "f1_avg": 0.8199334823271706,
        "typecheck_rate": 0.95
      },
      "k_64": {
        "count": 17,
        "f1_avg": 0.7916897205877872,
        "typecheck_rate": 0.9411764705882353
      }
    },
    "tc_only": {
      "k_4": {
        "count": 20,
        "f1_avg": 0.8032188385532393,
        "typecheck_rate": 1.0
      },
      "k_8": {
        "count": 20,
        "f1_avg": 0.8126728315402305,
        "typecheck_rate": 1.0
      },
      "k_16": {
        "count": 20,
        "f1_avg": 0.818566230765505,
        "typecheck_rate": 1.0
      },
      "k_32": {
        "count": 19,
        "f1_avg": 0.8155954667141025,
        "typecheck_rate": 1.0
      },
      "k_64": {
        "count": 12,
        "f1_avg": 0.8076245579098792,
        "typecheck_rate": 1.0
      }
    }
  }
}