{
  "meta": {
    "results_path": "kimina_bestof_cycle_lenpen001_128_20_start2060_temp08_qwen1p5_rescored_cpu.json"
  },
  "summary": {
    "records": 19,
    "candidate_typecheck_rate": 0.7065940713853599,
    "tc_candidate_f1_avg": 0.8027261969666832,
    "non_tc_candidate_f1_avg": 0.694859164262873,
    "max_tc_f1_avg": 0.9431659733570413,
    "max_non_tc_f1_avg": 0.8522573431750371,
    "records_with_tc": 19,
    "records_with_non_tc": 18,
    "records_with_both": 18
  }
}