{
  "meta": {
    "results_path": "kimina_bestof_cycle_lenpen001_128_20_start1960_temp08_qwen1p5_rescored_cpu.json",
    "ks": [
      4,
      8,
      16,
      32,
      64
    ],
    "score_key": "length_penalized_score"
  },
  "summary": {
    "all": {
      "k_4": {
        "count": 19,
        "f1_avg": 0.7303348293185364,
        "typecheck_rate": 0.42105263157894735
      },
      "k_8": {
        "count": 19,
        "f1_avg": 0.7589899763558179,
        "typecheck_rate": 0.5789473684210527
      },
      "k_16": {
        "count": 19,
        "f1_avg": 0.8210815745810264,
        "typecheck_rate": 0.631578947368421
      },
      "k_32": {
        "count": 19,
        "f1_avg": 0.826372815180707,
        "typecheck_rate": 0.7368421052631579
      },
      "k_64": {
        "count": 15,
        "f1_avg": 0.8351840108217136,
        "typecheck_rate": 0.7333333333333333
      }
    },
    "tc_only": {
      "k_4": {
        "count": 19,
        "f1_avg": 0.8232651478786953,
        "typecheck_rate": 1.0
      },
      "k_8": {
        "count": 19,
        "f1_avg": 0.8300694078354506,
        "typecheck_rate": 1.0
      },
      "k_16": {
        "count": 17,
        "f1_avg": 0.8478027947217535,
        "typecheck_rate": 1.0
      },
      "k_32": {
        "count": 15,
        "f1_avg": 0.8479241483520731,
        "typecheck_rate": 1.0
      },
      "k_64": {
        "count": 8,
        "f1_avg": 0.8530385397476954,
        "typecheck_rate": 1.0
      }
    }
  }
}