{
  "meta": {
    "results_paths": [
      "kimina_bestof_cycle_lenpen001_64_20_start1440_temp08_qwen1p5_rescored_cpu.json"
    ],
    "dedupe_id": false
  },
  "summary": {
    "count": 18,
    "all_consensus_f1_avg": 0.827625132941932,
    "tc_consensus_f1_avg": 0.7547460985855644,
    "tc_better_rate": 0.05555555555555555,
    "diff_vs_tc_rate": 0.7682057919885938,
    "diff_vs_tc_count": 0.7354934062031797
  }
}