{
  "meta": {
    "results_paths": [
      "kimina_bestof_cycle_lenpen001_128_20_start1580_temp08_qwen1p5_rescored_cpu.json",
      "kimina_bestof_cycle_lenpen001_128_20_start1600_temp08_qwen1p5_rescored_cpu.json",
      "kimina_bestof_cycle_lenpen001_128_20_start1620_temp08_qwen1p5_rescored_cpu.json",
      "kimina_bestof_cycle_lenpen001_128_20_start1640_temp08_qwen1p5_rescored_cpu.json",
      "kimina_bestof_cycle_lenpen001_128_20_start1660_temp08_qwen1p5_rescored_cpu.json",
      "kimina_bestof_cycle_lenpen001_128_20_start1680_temp08_qwen1p5_rescored_cpu.json",
      "kimina_bestof_cycle_lenpen001_128_20_start1700_temp08_qwen1p5_rescored_cpu.json",
      "kimina_bestof_cycle_lenpen001_128_20_start1720_temp08_qwen1p5_rescored_cpu.json"
    ],
    "feature": "tc_count",
    "direction": "ge",
    "dedupe_id": false,
    "all_consensus_f1_avg": 0.8383803329859708,
    "tc_consensus_f1_avg": 0.8439742898923075
  },
  "summary": {
    "threshold_0.0": {
      "count": 152,
      "chosen_f1_avg": 0.8439742898923075,
      "chosen_typecheck_rate": 0.993421052631579
    },
    "threshold_17.0": {
      "count": 152,
      "chosen_f1_avg": 0.843100149940598,
      "chosen_typecheck_rate": 0.9078947368421053
    },
    "threshold_25.0": {
      "count": 152,
      "chosen_f1_avg": 0.8420351315109417,
      "chosen_typecheck_rate": 0.8947368421052632
    },
    "threshold_38.0": {
      "count": 152,
      "chosen_f1_avg": 0.8419097449698851,
      "chosen_typecheck_rate": 0.8355263157894737
    },
    "threshold_46.0": {
      "count": 152,
      "chosen_f1_avg": 0.8404166995680146,
      "chosen_typecheck_rate": 0.8223684210526315
    },
    "threshold_57.0": {
      "count": 152,
      "chosen_f1_avg": 0.8404762117048284,
      "chosen_typecheck_rate": 0.8026315789473685
    },
    "threshold_69.0": {
      "count": 152,
      "chosen_f1_avg": 0.8398279244408361,
      "chosen_typecheck_rate": 0.8026315789473685
    },
    "threshold_77.0": {
      "count": 152,
      "chosen_f1_avg": 0.8392705997649218,
      "chosen_typecheck_rate": 0.7960526315789473
    },
    "threshold_84.0": {
      "count": 152,
      "chosen_f1_avg": 0.8383821212076045,
      "chosen_typecheck_rate": 0.7960526315789473
    },
    "threshold_104.0": {
      "count": 152,
      "chosen_f1_avg": 0.8383821212076045,
      "chosen_typecheck_rate": 0.7960526315789473
    },
    "threshold_124.0": {
      "count": 152,
      "chosen_f1_avg": 0.8383803329859705,
      "chosen_typecheck_rate": 0.7960526315789473
    }
  }
}