{
  "meta": {
    "results_path": "kimina_bestof_cycle_lenpen001_128_20_start1700_temp08_qwen1p5_rescored_cpu.json",
    "train_results": null,
    "test_results": null,
    "folds": 5,
    "model": "ridge",
    "ridge": 0.001,
    "gbrt_estimators": 200,
    "gbrt_learning_rate": 0.05,
    "gbrt_depth": 3,
    "baseline_feature": false
  },
  "summary": {
    "count": 19,
    "baseline_f1_avg": 0.7673047688846943,
    "learned_f1_avg": 0.8205725282089695,
    "learned_tc_f1_avg": 0.8205725282089695,
    "learned_typecheck_rate": 1.0,
    "learned_tc_typecheck_rate": 1.0,
    "learned_improve_rate": 0.7894736842105263,
    "learned_tc_improve_rate": 0.7894736842105263,
    "avg_weights": [
      0.6918481624813894,
      0.01489030821888993,
      0.05287046679734776,
      0.08433601797009252
    ]
  }
}