{
  "meta": {
    "results_path": "kimina_bestof_cycle_lenpen001_128_20_start1920_temp08_qwen1p5_rescored_cpu.json",
    "ks": [
      4,
      8,
      16,
      32,
      64
    ],
    "score_key": "cycle_score"
  },
  "summary": {
    "all": {
      "k_4": {
        "count": 18,
        "f1_avg": 0.821012898600881,
        "typecheck_rate": 0.7777777777777778
      },
      "k_8": {
        "count": 18,
        "f1_avg": 0.8115648221352291,
        "typecheck_rate": 0.8333333333333334
      },
      "k_16": {
        "count": 18,
        "f1_avg": 0.820093108510402,
        "typecheck_rate": 0.9444444444444444
      },
      "k_32": {
        "count": 18,
        "f1_avg": 0.8271161923442127,
        "typecheck_rate": 0.9444444444444444
      },
      "k_64": {
        "count": 15,
        "f1_avg": 0.8196430920393389,
        "typecheck_rate": 0.8666666666666667
      }
    },
    "tc_only": {
      "k_4": {
        "count": 17,
        "f1_avg": 0.8112443731981458,
        "typecheck_rate": 1.0
      },
      "k_8": {
        "count": 17,
        "f1_avg": 0.8194540549934459,
        "typecheck_rate": 1.0
      },
      "k_16": {
        "count": 17,
        "f1_avg": 0.8280682583253647,
        "typecheck_rate": 1.0
      },
      "k_32": {
        "count": 17,
        "f1_avg": 0.8234577674388268,
        "typecheck_rate": 1.0
      },
      "k_64": {
        "count": 11,
        "f1_avg": 0.796190680826329,
        "typecheck_rate": 1.0
      }
    }
  }
}