{
  "meta": {
    "results_path": null,
    "train_results": "kimina_bestof_cycle_lenpen001_temp06_merged_start600_700.json",
    "test_results": "kimina_bestof_cycle_lenpen001_64_20_start1440_temp08_qwen1p5_rescored_cpu.json",
    "folds": 5,
    "ridge": 0.001,
    "baseline_feature": false
  },
  "summary": {
    "count": 18,
    "baseline_f1_avg": 0.7875919914452276,
    "learned_f1_avg": 0.8114493610009961,
    "learned_tc_f1_avg": 0.786317085868721,
    "learned_typecheck_rate": 0.9444444444444444,
    "learned_tc_typecheck_rate": 1.0,
    "learned_improve_rate": 0.5555555555555556,
    "learned_tc_improve_rate": 0.5555555555555556,
    "avg_weights": [
      0.7092989554441309,
      0.01206888213298925,
      0.0068487738101711566,
      0.03801066479793375,
      0.09594059902529871
    ]
  }
}