{
  "meta": {
    "results_paths": [
      "kimina_bestof_cycle_lenpen001_128_20_temp08_merged_start1580_2060_rescored_cpu.json"
    ],
    "feature": "tc_rate",
    "direction": "ge",
    "dedupe_id": false,
    "all_consensus_f1_avg": 0.8366612738066279,
    "tc_consensus_f1_avg": 0.8398174067385453
  },
  "summary": {
    "threshold_0.333": {
      "count": 159,
      "chosen_f1_avg": 0.8403134188461469,
      "chosen_typecheck_rate": 0.8616352201257862
    }
  }
}