{
  "meta": {
    "results_path": "kimina_bestof_cycle_lenpen001_128_20_temp08_merged_start1580_2280_rescored.json",
    "train_results": null,
    "test_results": null,
    "folds": 5,
    "model": "ridge",
    "ridge": 0.001,
    "gbrt_estimators": 200,
    "gbrt_learning_rate": 0.05,
    "gbrt_depth": 3,
    "baseline_feature": false,
    "forward_feature": false,
    "embed_consensus": true,
    "embed_model_id": "intfloat/e5-base-v2",
    "embed_batch_size": 32,
    "embed_max_length": 256,
    "embed_device": null
  },
  "summary": {
    "count": 687,
    "baseline_f1_avg": 0.7782621332067704,
    "learned_f1_avg": 0.8410237580162289,
    "learned_tc_f1_avg": 0.8393719354126427,
    "learned_typecheck_rate": 0.9592430858806404,
    "learned_tc_typecheck_rate": 0.9956331877729258,
    "learned_improve_rate": 0.636098981077147,
    "learned_tc_improve_rate": 0.6390101892285298,
    "avg_weights": [
      0.736208394392974,
      0.006867973680910307,
      0.007820006794807906,
      0.06958327334400624,
      0.0019209008452861648,
      0.04087774848405227
    ]
  }
}