{
  "meta": {
    "results_path": "kimina_bestof_cycle_lenpen001_128_20_start1660_temp08_qwen1p5_rescored_cpu.json",
    "ks": [
      4,
      8,
      16,
      32,
      64
    ],
    "trials": 30,
    "seed": 0
  },
  "summary": {
    "all": {
      "k_4": {
        "count": 570,
        "f1_avg": 0.7941322094560741,
        "typecheck_rate": 0.6877192982456141
      },
      "k_8": {
        "count": 570,
        "f1_avg": 0.8166727068742299,
        "typecheck_rate": 0.7298245614035088
      },
      "k_16": {
        "count": 570,
        "f1_avg": 0.8324238666110839,
        "typecheck_rate": 0.7842105263157895
      },
      "k_32": {
        "count": 570,
        "f1_avg": 0.8387706723070324,
        "typecheck_rate": 0.8105263157894737
      },
      "k_64": {
        "count": 480,
        "f1_avg": 0.84062067282408,
        "typecheck_rate": 0.85
      }
    },
    "tc_only": {
      "k_4": {
        "count": 570,
        "f1_avg": 0.8154314222261693,
        "typecheck_rate": 1.0
      },
      "k_8": {
        "count": 570,
        "f1_avg": 0.8348046557251113,
        "typecheck_rate": 1.0
      },
      "k_16": {
        "count": 510,
        "f1_avg": 0.8576294952895099,
        "typecheck_rate": 1.0
      },
      "k_32": {
        "count": 480,
        "f1_avg": 0.863581932687418,
        "typecheck_rate": 1.0
      },
      "k_64": {
        "count": 270,
        "f1_avg": 0.8547276558062613,
        "typecheck_rate": 1.0
      }
    }
  }
}