{
  "meta": {
    "results_path": "kimina_bestof_cycle_lenpen001_128_20_start1580_temp08_qwen1p5_rescored_cpu.json"
  },
  "summary": {
    "alpha_0.0": {
      "count": 20,
      "all_f1_avg": 0.7519700375964744,
      "all_typecheck_rate": 0.4,
      "tc_f1_avg": 0.8180803655829159,
      "tc_typecheck_rate": 1.0
    },
    "alpha_0.001": {
      "count": 20,
      "all_f1_avg": 0.747518408766329,
      "all_typecheck_rate": 0.35,
      "tc_f1_avg": 0.7766474387536477,
      "tc_typecheck_rate": 1.0
    },
    "alpha_0.002": {
      "count": 20,
      "all_f1_avg": 0.747518408766329,
      "all_typecheck_rate": 0.35,
      "tc_f1_avg": 0.7771608316107905,
      "tc_typecheck_rate": 1.0
    },
    "alpha_0.005": {
      "count": 20,
      "all_f1_avg": 0.6708440181712186,
      "all_typecheck_rate": 0.4,
      "tc_f1_avg": 0.6980473081263178,
      "tc_typecheck_rate": 1.0
    },
    "alpha_0.01": {
      "count": 20,
      "all_f1_avg": 0.5925422596644287,
      "all_typecheck_rate": 0.45,
      "tc_f1_avg": 0.6359069666548978,
      "tc_typecheck_rate": 1.0
    },
    "alpha_0.02": {
      "count": 20,
      "all_f1_avg": 0.587039380222197,
      "all_typecheck_rate": 0.5,
      "tc_f1_avg": 0.6344499818804243,
      "tc_typecheck_rate": 1.0
    }
  }
}