{
  "meta": {
    "results_path": "kimina_bestof_cycle_lenpen001_128_20_start2140_temp08_qwen1p5_rescored_cpu.json"
  },
  "summary": {
    "records": 19,
    "candidate_typecheck_rate": 0.8186046511627907,
    "tc_candidate_f1_avg": 0.7619224200449065,
    "non_tc_candidate_f1_avg": 0.7001315785611515,
    "max_tc_f1_avg": 0.8836788786837411,
    "max_non_tc_f1_avg": 0.8341487405403416,
    "records_with_tc": 18,
    "records_with_non_tc": 19,
    "records_with_both": 18
  }
}