{
  "meta": {
    "results_path": "kimina_bestof_cycle_lenpen001_64_20_start1300_temp08_qwen1p5_rescored_cpu.json"
  },
  "summary": {
    "records": 19,
    "candidate_typecheck_rate": 0.6649377593360996,
    "tc_candidate_f1_avg": 0.7700013871114689,
    "non_tc_candidate_f1_avg": 0.7478299700484403,
    "max_tc_f1_avg": 0.9125699074646322,
    "max_non_tc_f1_avg": 0.8289832705727952,
    "records_with_tc": 19,
    "records_with_non_tc": 18,
    "records_with_both": 18
  }
}