{
  "meta": {
    "results_paths": [
      "kimina_bestof_cycle_lenpen001_128_20_start2080_temp08_qwen1p5_rescored_cpu.json"
    ],
    "feature": "tc_count",
    "direction": "ge",
    "dedupe_id": false,
    "all_consensus_f1_avg": 0.8401521964177784,
    "tc_consensus_f1_avg": 0.8655385221035816
  },
  "summary": {
    "threshold_7.0": {
      "count": 19,
      "chosen_f1_avg": 0.8655385221035816,
      "chosen_typecheck_rate": 1.0
    },
    "threshold_27.0": {
      "count": 19,
      "chosen_f1_avg": 0.8451751229549068,
      "chosen_typecheck_rate": 0.8947368421052632
    },
    "threshold_29.0": {
      "count": 19,
      "chosen_f1_avg": 0.840971906580638,
      "chosen_typecheck_rate": 0.8421052631578947
    },
    "threshold_37.0": {
      "count": 19,
      "chosen_f1_avg": 0.840971906580638,
      "chosen_typecheck_rate": 0.8421052631578947
    },
    "threshold_57.0": {
      "count": 19,
      "chosen_f1_avg": 0.840971906580638,
      "chosen_typecheck_rate": 0.8421052631578947
    },
    "threshold_69.0": {
      "count": 19,
      "chosen_f1_avg": 0.840971906580638,
      "chosen_typecheck_rate": 0.8421052631578947
    },
    "threshold_85.0": {
      "count": 19,
      "chosen_f1_avg": 0.840971906580638,
      "chosen_typecheck_rate": 0.8421052631578947
    },
    "threshold_88.0": {
      "count": 19,
      "chosen_f1_avg": 0.840971906580638,
      "chosen_typecheck_rate": 0.8421052631578947
    },
    "threshold_100.0": {
      "count": 19,
      "chosen_f1_avg": 0.840971906580638,
      "chosen_typecheck_rate": 0.8421052631578947
    },
    "threshold_112.0": {
      "count": 19,
      "chosen_f1_avg": 0.840971906580638,
      "chosen_typecheck_rate": 0.8421052631578947
    },
    "threshold_125.0": {
      "count": 19,
      "chosen_f1_avg": 0.8401521964177786,
      "chosen_typecheck_rate": 0.8421052631578947
    }
  }
}