{
  "meta": {
    "results_paths": [
      "kimina_bestof_cycle_lenpen001_128_20_start1580_temp08_qwen1p5_rescored_cpu.json",
      "kimina_bestof_cycle_lenpen001_128_20_start1600_temp08_qwen1p5_rescored_cpu.json",
      "kimina_bestof_cycle_lenpen001_128_20_start1620_temp08_qwen1p5_rescored_cpu.json",
      "kimina_bestof_cycle_lenpen001_128_20_start1640_temp08_qwen1p5_rescored_cpu.json",
      "kimina_bestof_cycle_lenpen001_128_20_start1660_temp08_qwen1p5_rescored_cpu.json",
      "kimina_bestof_cycle_lenpen001_128_20_start1680_temp08_qwen1p5_rescored_cpu.json",
      "kimina_bestof_cycle_lenpen001_128_20_start1700_temp08_qwen1p5_rescored_cpu.json",
      "kimina_bestof_cycle_lenpen001_128_20_start1720_temp08_qwen1p5_rescored_cpu.json",
      "kimina_bestof_cycle_lenpen001_128_20_start1740_temp08_qwen1p5_rescored_cpu.json",
      "kimina_bestof_cycle_lenpen001_128_20_start1760_temp08_qwen1p5_rescored_cpu.json",
      "kimina_bestof_cycle_lenpen001_128_20_start1780_temp08_qwen1p5_rescored_cpu.json",
      "kimina_bestof_cycle_lenpen001_128_20_start1800_temp08_qwen1p5_rescored_cpu.json",
      "kimina_bestof_cycle_lenpen001_128_20_start1820_temp08_qwen1p5_rescored_cpu.json",
      "kimina_bestof_cycle_lenpen001_128_20_start1840_temp08_qwen1p5_rescored_cpu.json"
    ],
    "feature": "tc_rate",
    "direction": "ge",
    "dedupe_id": true,
    "all_consensus_f1_avg": 0.8383913343613737,
    "tc_consensus_f1_avg": 0.8426865656523925
  },
  "summary": {
    "threshold_0.0": {
      "count": 126,
      "chosen_f1_avg": 0.8426865656523922,
      "chosen_typecheck_rate": 0.9920634920634921
    },
    "threshold_0.168": {
      "count": 126,
      "chosen_f1_avg": 0.8468313928085353,
      "chosen_typecheck_rate": 0.9126984126984127
    },
    "threshold_0.37254901960784315": {
      "count": 126,
      "chosen_f1_avg": 0.8462575338680401,
      "chosen_typecheck_rate": 0.8650793650793651
    },
    "threshold_0.5633802816901409": {
      "count": 126,
      "chosen_f1_avg": 0.8427128283885021,
      "chosen_typecheck_rate": 0.8174603174603174
    },
    "threshold_0.6535433070866141": {
      "count": 126,
      "chosen_f1_avg": 0.8429128169340409,
      "chosen_typecheck_rate": 0.8174603174603174
    },
    "threshold_0.7142857142857143": {
      "count": 126,
      "chosen_f1_avg": 0.8423290123323792,
      "chosen_typecheck_rate": 0.8015873015873016
    },
    "threshold_0.7890625": {
      "count": 126,
      "chosen_f1_avg": 0.8397798642263803,
      "chosen_typecheck_rate": 0.8015873015873016
    },
    "threshold_0.8641975308641975": {
      "count": 126,
      "chosen_f1_avg": 0.8389702280105307,
      "chosen_typecheck_rate": 0.7936507936507936
    },
    "threshold_0.9066666666666666": {
      "count": 126,
      "chosen_f1_avg": 0.8387774383440569,
      "chosen_typecheck_rate": 0.7936507936507936
    },
    "threshold_0.9565217391304348": {
      "count": 126,
      "chosen_f1_avg": 0.8383913343613735,
      "chosen_typecheck_rate": 0.7936507936507936
    },
    "threshold_1.0": {
      "count": 126,
      "chosen_f1_avg": 0.8383913343613735,
      "chosen_typecheck_rate": 0.7936507936507936
    }
  }
}