{
  "meta": {
    "results_paths": [
      "kimina_bestof_cycle_lenpen001_128_20_start1900_temp08_qwen1p5_rescored_cpu.json"
    ],
    "dedupe_id": false
  },
  "summary": {
    "count": 20,
    "all_consensus_f1_avg": 0.814131209262056,
    "tc_consensus_f1_avg": 0.8469842476506197,
    "tc_better_rate": 0.3,
    "diff_vs_tc_rate": -0.5399603569747767,
    "diff_vs_tc_count": -0.4222860519057199
  }
}