{
  "meta": {
    "results_path": "kimina_bestof_cycle_lenpen001_64_20_start1160_temp08_qwen1p5_rescored_cpu.json"
  },
  "summary": {
    "alpha_0.0": {
      "count": 19,
      "all_f1_avg": 0.7559858343548411,
      "all_typecheck_rate": 0.8421052631578947,
      "tc_f1_avg": 0.7475097595383788,
      "tc_typecheck_rate": 1.0
    },
    "alpha_0.001": {
      "count": 19,
      "all_f1_avg": 0.7559858343548411,
      "all_typecheck_rate": 0.8421052631578947,
      "tc_f1_avg": 0.7475097595383788,
      "tc_typecheck_rate": 1.0
    },
    "alpha_0.002": {
      "count": 19,
      "all_f1_avg": 0.7559858343548411,
      "all_typecheck_rate": 0.8421052631578947,
      "tc_f1_avg": 0.7529362386490684,
      "tc_typecheck_rate": 1.0
    },
    "alpha_0.005": {
      "count": 19,
      "all_f1_avg": 0.7168618178721802,
      "all_typecheck_rate": 0.8947368421052632,
      "tc_f1_avg": 0.7116385249593244,
      "tc_typecheck_rate": 1.0
    },
    "alpha_0.01": {
      "count": 19,
      "all_f1_avg": 0.6754834544605545,
      "all_typecheck_rate": 0.9473684210526315,
      "tc_f1_avg": 0.6831950411195095,
      "tc_typecheck_rate": 1.0
    },
    "alpha_0.02": {
      "count": 19,
      "all_f1_avg": 0.64117404383132,
      "all_typecheck_rate": 0.7894736842105263,
      "tc_f1_avg": 0.664269724821738,
      "tc_typecheck_rate": 1.0
    }
  }
}