{
  "meta": {
    "results_paths": [
      "kimina_bestof_cycle_lenpen001_128_20_start1580_temp08_qwen1p5_rescored_cpu.json",
      "kimina_bestof_cycle_lenpen001_128_20_start1600_temp08_qwen1p5_rescored_cpu.json",
      "kimina_bestof_cycle_lenpen001_128_20_start1620_temp08_qwen1p5_rescored_cpu.json",
      "kimina_bestof_cycle_lenpen001_128_20_start1640_temp08_qwen1p5_rescored_cpu.json",
      "kimina_bestof_cycle_lenpen001_128_20_start1660_temp08_qwen1p5_rescored_cpu.json",
      "kimina_bestof_cycle_lenpen001_128_20_start1680_temp08_qwen1p5_rescored_cpu.json",
      "kimina_bestof_cycle_lenpen001_128_20_start1700_temp08_qwen1p5_rescored_cpu.json",
      "kimina_bestof_cycle_lenpen001_128_20_start1720_temp08_qwen1p5_rescored_cpu.json",
      "kimina_bestof_cycle_lenpen001_128_20_start1740_temp08_qwen1p5_rescored_cpu.json",
      "kimina_bestof_cycle_lenpen001_128_20_start1760_temp08_qwen1p5_rescored_cpu.json",
      "kimina_bestof_cycle_lenpen001_128_20_start1780_temp08_qwen1p5_rescored_cpu.json",
      "kimina_bestof_cycle_lenpen001_128_20_start1800_temp08_qwen1p5_rescored_cpu.json",
      "kimina_bestof_cycle_lenpen001_128_20_start1820_temp08_qwen1p5_rescored_cpu.json"
    ],
    "feature": "tc_rate",
    "direction": "ge",
    "dedupe_id": true,
    "all_consensus_f1_avg": 0.8361686730683181,
    "tc_consensus_f1_avg": 0.8412115153933641
  },
  "summary": {
    "threshold_0.0": {
      "count": 121,
      "chosen_f1_avg": 0.8412115153933637,
      "chosen_typecheck_rate": 0.9917355371900827
    },
    "threshold_0.168": {
      "count": 121,
      "chosen_f1_avg": 0.8455276163989341,
      "chosen_typecheck_rate": 0.9090909090909091
    },
    "threshold_0.37254901960784315": {
      "count": 121,
      "chosen_f1_avg": 0.8445745835130618,
      "chosen_typecheck_rate": 0.8677685950413223
    },
    "threshold_0.5617977528089888": {
      "count": 121,
      "chosen_f1_avg": 0.8408834026004851,
      "chosen_typecheck_rate": 0.8181818181818182
    },
    "threshold_0.6326530612244898": {
      "count": 121,
      "chosen_f1_avg": 0.8411988697881781,
      "chosen_typecheck_rate": 0.8181818181818182
    },
    "threshold_0.7142857142857143": {
      "count": 121,
      "chosen_f1_avg": 0.8402690650050677,
      "chosen_typecheck_rate": 0.8016528925619835
    },
    "threshold_0.7741935483870968": {
      "count": 121,
      "chosen_f1_avg": 0.8389751929801553,
      "chosen_typecheck_rate": 0.8016528925619835
    },
    "threshold_0.8641975308641975": {
      "count": 121,
      "chosen_f1_avg": 0.8367714879426469,
      "chosen_typecheck_rate": 0.7933884297520661
    },
    "threshold_0.9183673469387755": {
      "count": 121,
      "chosen_f1_avg": 0.8360474221468108,
      "chosen_typecheck_rate": 0.7933884297520661
    },
    "threshold_0.9596774193548387": {
      "count": 121,
      "chosen_f1_avg": 0.8361686730683179,
      "chosen_typecheck_rate": 0.7933884297520661
    },
    "threshold_1.0": {
      "count": 121,
      "chosen_f1_avg": 0.8361686730683179,
      "chosen_typecheck_rate": 0.7933884297520661
    }
  }
}