{
  "meta": {
    "results_paths": [
      "kimina_bestof_cycle_lenpen001_128_20_start1580_temp08_qwen1p5_rescored_cpu.json",
      "kimina_bestof_cycle_lenpen001_128_20_start1600_temp08_qwen1p5_rescored_cpu.json",
      "kimina_bestof_cycle_lenpen001_128_20_start1620_temp08_qwen1p5_rescored_cpu.json",
      "kimina_bestof_cycle_lenpen001_128_20_start1640_temp08_qwen1p5_rescored_cpu.json",
      "kimina_bestof_cycle_lenpen001_128_20_start1660_temp08_qwen1p5_rescored_cpu.json",
      "kimina_bestof_cycle_lenpen001_128_20_start1680_temp08_qwen1p5_rescored_cpu.json",
      "kimina_bestof_cycle_lenpen001_128_20_start1700_temp08_qwen1p5_rescored_cpu.json",
      "kimina_bestof_cycle_lenpen001_128_20_start1720_temp08_qwen1p5_rescored_cpu.json",
      "kimina_bestof_cycle_lenpen001_128_20_start1740_temp08_qwen1p5_rescored_cpu.json",
      "kimina_bestof_cycle_lenpen001_128_20_start1760_temp08_qwen1p5_rescored_cpu.json",
      "kimina_bestof_cycle_lenpen001_128_20_start1780_temp08_qwen1p5_rescored_cpu.json",
      "kimina_bestof_cycle_lenpen001_128_20_start1800_temp08_qwen1p5_rescored_cpu.json",
      "kimina_bestof_cycle_lenpen001_128_20_start1820_temp08_qwen1p5_rescored_cpu.json",
      "kimina_bestof_cycle_lenpen001_128_20_start1840_temp08_qwen1p5_rescored_cpu.json",
      "kimina_bestof_cycle_lenpen001_128_20_start1860_temp08_qwen1p5_rescored_cpu.json",
      "kimina_bestof_cycle_lenpen001_128_20_start1880_temp08_qwen1p5_rescored_cpu.json",
      "kimina_bestof_cycle_lenpen001_128_20_start1900_temp08_qwen1p5_rescored_cpu.json",
      "kimina_bestof_cycle_lenpen001_128_20_start1920_temp08_qwen1p5_rescored_cpu.json"
    ],
    "feature": "tc_rate",
    "direction": "ge",
    "dedupe_id": true,
    "all_consensus_f1_avg": 0.8386421638606013,
    "tc_consensus_f1_avg": 0.8450690107120297
  },
  "summary": {
    "threshold_0.0": {
      "count": 144,
      "chosen_f1_avg": 0.8450690107120292,
      "chosen_typecheck_rate": 0.9930555555555556
    },
    "threshold_0.1485148514851485": {
      "count": 144,
      "chosen_f1_avg": 0.8438348346812417,
      "chosen_typecheck_rate": 0.9166666666666666
    },
    "threshold_0.37254901960784315": {
      "count": 144,
      "chosen_f1_avg": 0.8447464114503238,
      "chosen_typecheck_rate": 0.8611111111111112
    },
    "threshold_0.5274725274725275": {
      "count": 144,
      "chosen_f1_avg": 0.8419298258793156,
      "chosen_typecheck_rate": 0.8263888888888888
    },
    "threshold_0.6326530612244898": {
      "count": 144,
      "chosen_f1_avg": 0.8417071550590886,
      "chosen_typecheck_rate": 0.8194444444444444
    },
    "threshold_0.7142857142857143": {
      "count": 144,
      "chosen_f1_avg": 0.8420876320852311,
      "chosen_typecheck_rate": 0.7986111111111112
    },
    "threshold_0.7890625": {
      "count": 144,
      "chosen_f1_avg": 0.839857127492482,
      "chosen_typecheck_rate": 0.7986111111111112
    },
    "threshold_0.8547008547008547": {
      "count": 144,
      "chosen_f1_avg": 0.8392852320676453,
      "chosen_typecheck_rate": 0.7916666666666666
    },
    "threshold_0.9024390243902439": {
      "count": 144,
      "chosen_f1_avg": 0.838980004845449,
      "chosen_typecheck_rate": 0.7916666666666666
    },
    "threshold_0.9565217391304348": {
      "count": 144,
      "chosen_f1_avg": 0.838642163860601,
      "chosen_typecheck_rate": 0.7916666666666666
    },
    "threshold_1.0": {
      "count": 144,
      "chosen_f1_avg": 0.838642163860601,
      "chosen_typecheck_rate": 0.7916666666666666
    }
  }
}