{
  "meta": {
    "results_paths": [
      "kimina_bestof_cycle_lenpen001_128_20_start1760_temp08_qwen1p5_rescored_cpu.json"
    ],
    "dedupe_id": false
  },
  "summary": {
    "count": 18,
    "all_consensus_f1_avg": 0.8434492384652734,
    "tc_consensus_f1_avg": 0.8239092842843934,
    "tc_better_rate": 0.2222222222222222,
    "diff_vs_tc_rate": -0.059170672587851775,
    "diff_vs_tc_count": -0.1738171897090277
  }
}