{
  "meta": {
    "results_path": "kimina_bestof_cycle_lenpen001_128_20_start2120_temp08_qwen1p5_rescored_cpu.json",
    "ks": [
      4,
      8,
      16,
      32,
      64
    ],
    "score_key": "length_penalized_score"
  },
  "summary": {
    "all": {
      "k_4": {
        "count": 19,
        "f1_avg": 0.7844144801262086,
        "typecheck_rate": 0.631578947368421
      },
      "k_8": {
        "count": 19,
        "f1_avg": 0.8070544900428407,
        "typecheck_rate": 0.5789473684210527
      },
      "k_16": {
        "count": 19,
        "f1_avg": 0.8076255032092964,
        "typecheck_rate": 0.631578947368421
      },
      "k_32": {
        "count": 18,
        "f1_avg": 0.8167491760143638,
        "typecheck_rate": 0.7777777777777778
      },
      "k_64": {
        "count": 17,
        "f1_avg": 0.7983133253577637,
        "typecheck_rate": 0.8235294117647058
      }
    },
    "tc_only": {
      "k_4": {
        "count": 18,
        "f1_avg": 0.8312627971440415,
        "typecheck_rate": 1.0
      },
      "k_8": {
        "count": 18,
        "f1_avg": 0.8399598645546791,
        "typecheck_rate": 1.0
      },
      "k_16": {
        "count": 17,
        "f1_avg": 0.8449205585831115,
        "typecheck_rate": 1.0
      },
      "k_32": {
        "count": 14,
        "f1_avg": 0.829421865569682,
        "typecheck_rate": 1.0
      },
      "k_64": {
        "count": 10,
        "f1_avg": 0.8449043780173838,
        "typecheck_rate": 1.0
      }
    }
  }
}