{
  "meta": {
    "results_path": "kimina_bestof_cycle_lenpen001_128_20_start2000_temp08_qwen1p5_rescored_cpu.json"
  },
  "summary": {
    "count": 19,
    "pearson_avg": 0.4336262955297661,
    "pearson_median": 0.3890612079039071,
    "spearman_avg": 0.2866753348344848,
    "spearman_median": 0.2982221670731488
  }
}