{
  "meta": {
    "results_path": "kimina_bestof_cycle_lenpen001_128_20_start1860_temp08_qwen1p5_rescored_cpu.json"
  },
  "summary": {
    "records": 18,
    "candidate_typecheck_rate": 0.684956843403206,
    "tc_candidate_f1_avg": 0.7585774495758176,
    "non_tc_candidate_f1_avg": 0.7016397663418816,
    "max_tc_f1_avg": 0.9271188549151143,
    "max_non_tc_f1_avg": 0.8597381310170088,
    "records_with_tc": 18,
    "records_with_non_tc": 18,
    "records_with_both": 18
  }
}