{
  "meta": {
    "results_paths": [
      "kimina_bestof_cycle_lenpen001_128_20_temp08_merged_start1580_2240_rescored_cpu.json"
    ],
    "feature": "tc_count",
    "direction": "ge",
    "dedupe_id": false,
    "all_consensus_f1_avg": 0.8366424493576269,
    "tc_consensus_f1_avg": 0.8362946379006857
  },
  "summary": {
    "threshold_0.0": {
      "count": 650,
      "chosen_f1_avg": 0.8362946379006871,
      "chosen_typecheck_rate": 0.9953846153846154
    },
    "threshold_19.0": {
      "count": 650,
      "chosen_f1_avg": 0.838202375225567,
      "chosen_typecheck_rate": 0.9261538461538461
    },
    "threshold_30.0": {
      "count": 650,
      "chosen_f1_avg": 0.8377341999171024,
      "chosen_typecheck_rate": 0.8861538461538462
    },
    "threshold_41.0": {
      "count": 650,
      "chosen_f1_avg": 0.8366768075348565,
      "chosen_typecheck_rate": 0.8646153846153846
    },
    "threshold_50.0": {
      "count": 650,
      "chosen_f1_avg": 0.8358455883738323,
      "chosen_typecheck_rate": 0.8415384615384616
    },
    "threshold_59.0": {
      "count": 650,
      "chosen_f1_avg": 0.8362563567074787,
      "chosen_typecheck_rate": 0.8353846153846154
    },
    "threshold_70.0": {
      "count": 650,
      "chosen_f1_avg": 0.8360494667461197,
      "chosen_typecheck_rate": 0.8338461538461538
    },
    "threshold_81.0": {
      "count": 650,
      "chosen_f1_avg": 0.8361134818067805,
      "chosen_typecheck_rate": 0.8246153846153846
    },
    "threshold_91.0": {
      "count": 650,
      "chosen_f1_avg": 0.8358775694593802,
      "chosen_typecheck_rate": 0.8246153846153846
    },
    "threshold_105.0": {
      "count": 650,
      "chosen_f1_avg": 0.836236916771457,
      "chosen_typecheck_rate": 0.8246153846153846
    },
    "threshold_127.0": {
      "count": 650,
      "chosen_f1_avg": 0.836642449357628,
      "chosen_typecheck_rate": 0.8246153846153846
    }
  }
}