{
  "meta": {
    "results_paths": [
      "kimina_bestof_cycle_lenpen001_128_20_temp08_merged_start1580_2020_rescored_cpu.json"
    ],
    "feature": "tc_count",
    "direction": "ge",
    "dedupe_id": false,
    "all_consensus_f1_avg": 0.8353384402668317,
    "tc_consensus_f1_avg": 0.8403639965573493
  },
  "summary": {
    "threshold_0.0": {
      "count": 156,
      "chosen_f1_avg": 0.840363996557349,
      "chosen_typecheck_rate": 0.9935897435897436
    },
    "threshold_16.0": {
      "count": 156,
      "chosen_f1_avg": 0.839463851145475,
      "chosen_typecheck_rate": 0.9102564102564102
    },
    "threshold_25.0": {
      "count": 156,
      "chosen_f1_avg": 0.8377945620371455,
      "chosen_typecheck_rate": 0.8910256410256411
    },
    "threshold_40.0": {
      "count": 156,
      "chosen_f1_avg": 0.8389445843996872,
      "chosen_typecheck_rate": 0.8461538461538461
    },
    "threshold_49.0": {
      "count": 156,
      "chosen_f1_avg": 0.8364641588191504,
      "chosen_typecheck_rate": 0.8141025641025641
    },
    "threshold_58.0": {
      "count": 156,
      "chosen_f1_avg": 0.8364260740302151,
      "chosen_typecheck_rate": 0.8076923076923077
    },
    "threshold_70.0": {
      "count": 156,
      "chosen_f1_avg": 0.8358577964220739,
      "chosen_typecheck_rate": 0.8076923076923077
    },
    "threshold_78.0": {
      "count": 156,
      "chosen_f1_avg": 0.8368464881625434,
      "chosen_typecheck_rate": 0.7948717948717948
    },
    "threshold_87.0": {
      "count": 156,
      "chosen_f1_avg": 0.8355261412828182,
      "chosen_typecheck_rate": 0.7948717948717948
    },
    "threshold_104.0": {
      "count": 156,
      "chosen_f1_avg": 0.8354001078083274,
      "chosen_typecheck_rate": 0.7948717948717948
    },
    "threshold_124.0": {
      "count": 156,
      "chosen_f1_avg": 0.8353384402668315,
      "chosen_typecheck_rate": 0.7948717948717948
    }
  }
}