{
  "meta": {
    "results_path": "kimina_bestof_cycle_lenpen001_64_20_start1220_temp08_qwen1p5_rescored_cpu.json"
  },
  "summary": {
    "alpha_0.0_beta_0.0": {
      "count": 19,
      "all_f1_avg": 0.7352411241653349,
      "all_typecheck_rate": 0.5263157894736842,
      "tc_f1_avg": 0.7690252872044689,
      "tc_typecheck_rate": 0.9473684210526315
    },
    "alpha_0.0_beta_0.5": {
      "count": 19,
      "all_f1_avg": 0.7538281582113691,
      "all_typecheck_rate": 0.5789473684210527,
      "tc_f1_avg": 0.7821979231863773,
      "tc_typecheck_rate": 0.9473684210526315
    },
    "alpha_0.0_beta_1.0": {
      "count": 19,
      "all_f1_avg": 0.7600257759115334,
      "all_typecheck_rate": 0.631578947368421,
      "tc_f1_avg": 0.7867820763045321,
      "tc_typecheck_rate": 0.9473684210526315
    },
    "alpha_0.0_beta_2.0": {
      "count": 19,
      "all_f1_avg": 0.8013591623452688,
      "all_typecheck_rate": 0.631578947368421,
      "tc_f1_avg": 0.8092509218796213,
      "tc_typecheck_rate": 0.9473684210526315
    },
    "alpha_0.0_beta_3.0": {
      "count": 19,
      "all_f1_avg": 0.8020994708207039,
      "all_typecheck_rate": 0.6842105263157895,
      "tc_f1_avg": 0.8123109118146609,
      "tc_typecheck_rate": 0.9473684210526315
    },
    "alpha_0.001_beta_0.0": {
      "count": 19,
      "all_f1_avg": 0.7149316241108029,
      "all_typecheck_rate": 0.5263157894736842,
      "tc_f1_avg": 0.7295867560307961,
      "tc_typecheck_rate": 0.9473684210526315
    },
    "alpha_0.001_beta_0.5": {
      "count": 19,
      "all_f1_avg": 0.7473786735926191,
      "all_typecheck_rate": 0.5263157894736842,
      "tc_f1_avg": 0.7835927570136413,
      "tc_typecheck_rate": 0.9473684210526315
    },
    "alpha_0.001_beta_1.0": {
      "count": 19,
      "all_f1_avg": 0.7617393209932449,
      "all_typecheck_rate": 0.5789473684210527,
      "tc_f1_avg": 0.7920453281974997,
      "tc_typecheck_rate": 0.9473684210526315
    },
    "alpha_0.001_beta_2.0": {
      "count": 19,
      "all_f1_avg": 0.789397834480229,
      "all_typecheck_rate": 0.631578947368421,
      "tc_f1_avg": 0.80310254607272,
      "tc_typecheck_rate": 0.9473684210526315
    },
    "alpha_0.001_beta_3.0": {
      "count": 19,
      "all_f1_avg": 0.7981240149396218,
      "all_typecheck_rate": 0.6842105263157895,
      "tc_f1_avg": 0.808335455933579,
      "tc_typecheck_rate": 0.9473684210526315
    },
    "alpha_0.002_beta_0.0": {
      "count": 19,
      "all_f1_avg": 0.6697986227687986,
      "all_typecheck_rate": 0.5263157894736842,
      "tc_f1_avg": 0.7340721073401039,
      "tc_typecheck_rate": 0.9473684210526315
    },
    "alpha_0.002_beta_0.5": {
      "count": 19,
      "all_f1_avg": 0.7569098212816616,
      "all_typecheck_rate": 0.5263157894736842,
      "tc_f1_avg": 0.7949613451230833,
      "tc_typecheck_rate": 0.9473684210526315
    },
    "alpha_0.002_beta_1.0": {
      "count": 19,
      "all_f1_avg": 0.7554903121302774,
      "all_typecheck_rate": 0.5263157894736842,
      "tc_f1_avg": 0.7920453281974997,
      "tc_typecheck_rate": 0.9473684210526315
    },
    "alpha_0.002_beta_2.0": {
      "count": 19,
      "all_f1_avg": 0.7975510454575736,
      "all_typecheck_rate": 0.631578947368421,
      "tc_f1_avg": 0.80310254607272,
      "tc_typecheck_rate": 0.9473684210526315
    },
    "alpha_0.002_beta_3.0": {
      "count": 19,
      "all_f1_avg": 0.7981240149396218,
      "all_typecheck_rate": 0.6842105263157895,
      "tc_f1_avg": 0.808335455933579,
      "tc_typecheck_rate": 0.9473684210526315
    },
    "alpha_0.005_beta_0.0": {
      "count": 19,
      "all_f1_avg": 0.6391660159350264,
      "all_typecheck_rate": 0.5789473684210527,
      "tc_f1_avg": 0.6777938853794164,
      "tc_typecheck_rate": 0.9473684210526315
    },
    "alpha_0.005_beta_0.5": {
      "count": 19,
      "all_f1_avg": 0.7102299124192669,
      "all_typecheck_rate": 0.47368421052631576,
      "tc_f1_avg": 0.749102822917767,
      "tc_typecheck_rate": 0.9473684210526315
    },
    "alpha_0.005_beta_1.0": {
      "count": 19,
      "all_f1_avg": 0.754430402301012,
      "all_typecheck_rate": 0.5263157894736842,
      "tc_f1_avg": 0.7954707696775422,
      "tc_typecheck_rate": 0.9473684210526315
    },
    "alpha_0.005_beta_2.0": {
      "count": 19,
      "all_f1_avg": 0.781706117044587,
      "all_typecheck_rate": 0.5789473684210527,
      "tc_f1_avg": 0.8040704831568095,
      "tc_typecheck_rate": 0.9473684210526315
    },
    "alpha_0.005_beta_3.0": {
      "count": 19,
      "all_f1_avg": 0.7839694329972682,
      "all_typecheck_rate": 0.6842105263157895,
      "tc_f1_avg": 0.808335455933579,
      "tc_typecheck_rate": 0.9473684210526315
    },
    "alpha_0.01_beta_0.0": {
      "count": 19,
      "all_f1_avg": 0.6326276633953021,
      "all_typecheck_rate": 0.5789473684210527,
      "tc_f1_avg": 0.6493385427274486,
      "tc_typecheck_rate": 0.9473684210526315
    },
    "alpha_0.01_beta_0.5": {
      "count": 19,
      "all_f1_avg": 0.6962645980848684,
      "all_typecheck_rate": 0.5263157894736842,
      "tc_f1_avg": 0.6679149132311728,
      "tc_typecheck_rate": 0.9473684210526315
    },
    "alpha_0.01_beta_1.0": {
      "count": 19,
      "all_f1_avg": 0.7306644505596759,
      "all_typecheck_rate": 0.5789473684210527,
      "tc_f1_avg": 0.7311925635991061,
      "tc_typecheck_rate": 0.9473684210526315
    },
    "alpha_0.01_beta_2.0": {
      "count": 19,
      "all_f1_avg": 0.7694555600645256,
      "all_typecheck_rate": 0.631578947368421,
      "tc_f1_avg": 0.8000872227866602,
      "tc_typecheck_rate": 0.9473684210526315
    },
    "alpha_0.01_beta_3.0": {
      "count": 19,
      "all_f1_avg": 0.7825031841331194,
      "all_typecheck_rate": 0.6842105263157895,
      "tc_f1_avg": 0.7987159960920858,
      "tc_typecheck_rate": 0.9473684210526315
    },
    "alpha_0.02_beta_0.0": {
      "count": 19,
      "all_f1_avg": 0.5605780012222714,
      "all_typecheck_rate": 0.6842105263157895,
      "tc_f1_avg": 0.6037603614871278,
      "tc_typecheck_rate": 0.9473684210526315
    },
    "alpha_0.02_beta_0.5": {
      "count": 19,
      "all_f1_avg": 0.6213307138116724,
      "all_typecheck_rate": 0.5789473684210527,
      "tc_f1_avg": 0.61140251856152,
      "tc_typecheck_rate": 0.9473684210526315
    },
    "alpha_0.02_beta_1.0": {
      "count": 19,
      "all_f1_avg": 0.6845869895928554,
      "all_typecheck_rate": 0.5789473684210527,
      "tc_f1_avg": 0.6680248177082482,
      "tc_typecheck_rate": 0.9473684210526315
    },
    "alpha_0.02_beta_2.0": {
      "count": 19,
      "all_f1_avg": 0.7421192036850632,
      "all_typecheck_rate": 0.5789473684210527,
      "tc_f1_avg": 0.7212663456724698,
      "tc_typecheck_rate": 0.9473684210526315
    },
    "alpha_0.02_beta_3.0": {
      "count": 19,
      "all_f1_avg": 0.7576152110375193,
      "all_typecheck_rate": 0.631578947368421,
      "tc_f1_avg": 0.7752141032965428,
      "tc_typecheck_rate": 0.9473684210526315
    }
  }
}