{
  "meta": {
    "results_paths": [
      "kimina_bestof_cycle_lenpen001_128_20_start2020_temp08_qwen1p5_rescored_cpu.json"
    ],
    "feature": "tc_rate",
    "direction": "ge",
    "dedupe_id": false,
    "all_consensus_f1_avg": 0.8859841481660025,
    "tc_consensus_f1_avg": 0.8767213897398084
  },
  "summary": {
    "threshold_0.17886178861788618": {
      "count": 19,
      "chosen_f1_avg": 0.8767213897398084,
      "chosen_typecheck_rate": 1.0
    },
    "threshold_0.3380281690140845": {
      "count": 19,
      "chosen_f1_avg": 0.8860013155004021,
      "chosen_typecheck_rate": 0.8947368421052632
    },
    "threshold_0.4583333333333333": {
      "count": 19,
      "chosen_f1_avg": 0.8782546761748155,
      "chosen_typecheck_rate": 0.8421052631578947
    },
    "threshold_0.6046511627906976": {
      "count": 19,
      "chosen_f1_avg": 0.8814699386656433,
      "chosen_typecheck_rate": 0.7894736842105263
    },
    "threshold_0.75": {
      "count": 19,
      "chosen_f1_avg": 0.8859841481660025,
      "chosen_typecheck_rate": 0.7894736842105263
    },
    "threshold_0.7622950819672131": {
      "count": 19,
      "chosen_f1_avg": 0.8859841481660025,
      "chosen_typecheck_rate": 0.7894736842105263
    },
    "threshold_0.85": {
      "count": 19,
      "chosen_f1_avg": 0.8859841481660025,
      "chosen_typecheck_rate": 0.7894736842105263
    },
    "threshold_0.8636363636363636": {
      "count": 19,
      "chosen_f1_avg": 0.8859841481660025,
      "chosen_typecheck_rate": 0.7894736842105263
    },
    "threshold_0.8666666666666667": {
      "count": 19,
      "chosen_f1_avg": 0.8859841481660025,
      "chosen_typecheck_rate": 0.7894736842105263
    },
    "threshold_0.9222222222222223": {
      "count": 19,
      "chosen_f1_avg": 0.8859841481660025,
      "chosen_typecheck_rate": 0.7894736842105263
    },
    "threshold_1.0": {
      "count": 19,
      "chosen_f1_avg": 0.8859841481660025,
      "chosen_typecheck_rate": 0.7894736842105263
    }
  }
}