{
  "meta": {
    "results_paths": [
      "kimina_bestof_cycle_lenpen001_128_20_temp08_merged_start1580_1980_rescored_cpu.json"
    ],
    "feature": "tc_rate",
    "direction": "ge",
    "dedupe_id": false,
    "all_consensus_f1_avg": 0.833731323611103,
    "tc_consensus_f1_avg": 0.839439867239483
  },
  "summary": {
    "threshold_0.0": {
      "count": 151,
      "chosen_f1_avg": 0.8394398672394825,
      "chosen_typecheck_rate": 0.9933774834437086
    },
    "threshold_0.13953488372093023": {
      "count": 151,
      "chosen_f1_avg": 0.83875805738939,
      "chosen_typecheck_rate": 0.9139072847682119
    },
    "threshold_0.3671875": {
      "count": 151,
      "chosen_f1_avg": 0.8396888316865743,
      "chosen_typecheck_rate": 0.8609271523178808
    },
    "threshold_0.5274725274725275": {
      "count": 151,
      "chosen_f1_avg": 0.8373342017062225,
      "chosen_typecheck_rate": 0.8278145695364238
    },
    "threshold_0.6326530612244898": {
      "count": 151,
      "chosen_f1_avg": 0.8366542291248923,
      "chosen_typecheck_rate": 0.8211920529801324
    },
    "threshold_0.7142857142857143": {
      "count": 151,
      "chosen_f1_avg": 0.8370170681432002,
      "chosen_typecheck_rate": 0.8013245033112583
    },
    "threshold_0.7890625": {
      "count": 151,
      "chosen_f1_avg": 0.8348899644256118,
      "chosen_typecheck_rate": 0.8013245033112583
    },
    "threshold_0.8571428571428571": {
      "count": 151,
      "chosen_f1_avg": 0.8342143739408631,
      "chosen_typecheck_rate": 0.7947019867549668
    },
    "threshold_0.9010989010989011": {
      "count": 151,
      "chosen_f1_avg": 0.8340535030933419,
      "chosen_typecheck_rate": 0.7947019867549668
    },
    "threshold_0.9553571428571429": {
      "count": 151,
      "chosen_f1_avg": 0.8337313236111028,
      "chosen_typecheck_rate": 0.7947019867549668
    },
    "threshold_1.0": {
      "count": 151,
      "chosen_f1_avg": 0.8337313236111028,
      "chosen_typecheck_rate": 0.7947019867549668
    }
  }
}