{
  "meta": {
    "results_paths": [
      "kimina_bestof_cycle_lenpen001_128_20_start2140_temp08_qwen1p5_rescored_cpu.json"
    ],
    "feature": "tc_count",
    "direction": "ge",
    "dedupe_id": false,
    "all_consensus_f1_avg": 0.8031629799284533,
    "tc_consensus_f1_avg": 0.7989002539949613
  },
  "summary": {
    "threshold_0.0": {
      "count": 19,
      "chosen_f1_avg": 0.7989002539949613,
      "chosen_typecheck_rate": 0.9473684210526315
    },
    "threshold_30.0": {
      "count": 19,
      "chosen_f1_avg": 0.7989002539949613,
      "chosen_typecheck_rate": 0.9473684210526315
    },
    "threshold_45.0": {
      "count": 19,
      "chosen_f1_avg": 0.7989002539949613,
      "chosen_typecheck_rate": 0.9473684210526315
    },
    "threshold_59.0": {
      "count": 19,
      "chosen_f1_avg": 0.7989002539949613,
      "chosen_typecheck_rate": 0.9473684210526315
    },
    "threshold_66.0": {
      "count": 19,
      "chosen_f1_avg": 0.7989002539949613,
      "chosen_typecheck_rate": 0.9473684210526315
    },
    "threshold_76.0": {
      "count": 19,
      "chosen_f1_avg": 0.7989002539949613,
      "chosen_typecheck_rate": 0.9473684210526315
    },
    "threshold_81.0": {
      "count": 19,
      "chosen_f1_avg": 0.7993066916319245,
      "chosen_typecheck_rate": 0.9473684210526315
    },
    "threshold_106.0": {
      "count": 19,
      "chosen_f1_avg": 0.7993066916319245,
      "chosen_typecheck_rate": 0.9473684210526315
    },
    "threshold_109.0": {
      "count": 19,
      "chosen_f1_avg": 0.7980281917384662,
      "chosen_typecheck_rate": 0.9473684210526315
    },
    "threshold_112.0": {
      "count": 19,
      "chosen_f1_avg": 0.7980281917384662,
      "chosen_typecheck_rate": 0.9473684210526315
    },
    "threshold_121.0": {
      "count": 19,
      "chosen_f1_avg": 0.8031629799284533,
      "chosen_typecheck_rate": 0.9473684210526315
    }
  }
}