{
  "meta": {
    "results_path": "kimina_bestof_cycle_lenpen001_128_20_start1860_temp08_qwen1p5_rescored_cpu.json",
    "ks": [
      4,
      8,
      16,
      32,
      64
    ],
    "score_key": "cycle_score"
  },
  "summary": {
    "all": {
      "k_4": {
        "count": 18,
        "f1_avg": 0.7781488487496772,
        "typecheck_rate": 0.7777777777777778
      },
      "k_8": {
        "count": 18,
        "f1_avg": 0.7968947857956974,
        "typecheck_rate": 0.8333333333333334
      },
      "k_16": {
        "count": 18,
        "f1_avg": 0.8159643950273482,
        "typecheck_rate": 0.8333333333333334
      },
      "k_32": {
        "count": 16,
        "f1_avg": 0.8288983547658281,
        "typecheck_rate": 0.875
      },
      "k_64": {
        "count": 13,
        "f1_avg": 0.8203457107131027,
        "typecheck_rate": 0.9230769230769231
      }
    },
    "tc_only": {
      "k_4": {
        "count": 18,
        "f1_avg": 0.7969564148221969,
        "typecheck_rate": 1.0
      },
      "k_8": {
        "count": 18,
        "f1_avg": 0.8053615384006685,
        "typecheck_rate": 1.0
      },
      "k_16": {
        "count": 18,
        "f1_avg": 0.8117931700921122,
        "typecheck_rate": 1.0
      },
      "k_32": {
        "count": 16,
        "f1_avg": 0.8290014771808534,
        "typecheck_rate": 1.0
      },
      "k_64": {
        "count": 6,
        "f1_avg": 0.7716962031902609,
        "typecheck_rate": 1.0
      }
    }
  }
}