{
  "meta": {
    "results_path": "kimina_bestof_cycle_lenpen001_64_20_start1020_temp08_qwen1p5_rescored_cpu.json"
  },
  "summary": {
    "count": 17,
    "baseline_f1_avg": 0.7904888358279737,
    "consensus_f1_avg": 0.8461861283573446,
    "consensus_tc_f1_avg": 0.8812314720271834,
    "consensus_typecheck_rate": 0.6470588235294118,
    "consensus_tc_typecheck_rate": 1.0
  }
}