{
  "meta": {
    "results_paths": [
      "kimina_bestof_cycle_lenpen001_128_20_start1800_temp08_qwen1p5_rescored_cpu.json"
    ],
    "dedupe_id": false
  },
  "summary": {
    "count": 19,
    "all_consensus_f1_avg": 0.8595693283598503,
    "tc_consensus_f1_avg": 0.8719829205148217,
    "tc_better_rate": 0.10526315789473684,
    "diff_vs_tc_rate": -0.8562863882469041,
    "diff_vs_tc_count": -0.6823640777927863
  }
}