{
  "meta": {
    "results_path": "kimina_bestof_cycle_lenpen001_128_20_start2020_temp08_qwen1p5_rescored_cpu.json",
    "ks": [
      4,
      8,
      16,
      32,
      64
    ],
    "score_key": "length_penalized_score"
  },
  "summary": {
    "all": {
      "k_4": {
        "count": 19,
        "f1_avg": 0.8079789952785214,
        "typecheck_rate": 0.6842105263157895
      },
      "k_8": {
        "count": 19,
        "f1_avg": 0.8341425734079587,
        "typecheck_rate": 0.7368421052631579
      },
      "k_16": {
        "count": 19,
        "f1_avg": 0.8781926708032316,
        "typecheck_rate": 0.8421052631578947
      },
      "k_32": {
        "count": 18,
        "f1_avg": 0.8828775567524925,
        "typecheck_rate": 0.8333333333333334
      },
      "k_64": {
        "count": 14,
        "f1_avg": 0.8562021733990001,
        "typecheck_rate": 0.7142857142857143
      }
    },
    "tc_only": {
      "k_4": {
        "count": 19,
        "f1_avg": 0.839260054307836,
        "typecheck_rate": 1.0
      },
      "k_8": {
        "count": 19,
        "f1_avg": 0.8626021788969249,
        "typecheck_rate": 1.0
      },
      "k_16": {
        "count": 19,
        "f1_avg": 0.8770438424287436,
        "typecheck_rate": 1.0
      },
      "k_32": {
        "count": 15,
        "f1_avg": 0.8938002559170293,
        "typecheck_rate": 1.0
      },
      "k_64": {
        "count": 7,
        "f1_avg": 0.8820734228176096,
        "typecheck_rate": 1.0
      }
    }
  }
}