{
  "meta": {
    "results_paths": [
      "kimina_bestof_cycle_lenpen001_64_20_start1060_temp08_qwen1p5_rescored_cpu.json"
    ],
    "dedupe_id": false
  },
  "summary": {
    "count": 18,
    "all_consensus_f1_avg": 0.8198185904433254,
    "tc_consensus_f1_avg": 0.8246651961263503,
    "tc_better_rate": 0.2222222222222222,
    "diff_vs_tc_rate": 0.0899517682228462,
    "diff_vs_tc_count": 0.05203136800809837
  }
}