{
  "meta": {
    "results_paths": [
      "kimina_bestof_cycle_lenpen001_128_20_start1580_temp08_qwen1p5_rescored_cpu.json",
      "kimina_bestof_cycle_lenpen001_128_20_start1600_temp08_qwen1p5_rescored_cpu.json",
      "kimina_bestof_cycle_lenpen001_128_20_start1620_temp08_qwen1p5_rescored_cpu.json",
      "kimina_bestof_cycle_lenpen001_128_20_start1640_temp08_qwen1p5_rescored_cpu.json",
      "kimina_bestof_cycle_lenpen001_128_20_start1660_temp08_qwen1p5_rescored_cpu.json",
      "kimina_bestof_cycle_lenpen001_128_20_start1680_temp08_qwen1p5_rescored_cpu.json",
      "kimina_bestof_cycle_lenpen001_128_20_start1700_temp08_qwen1p5_rescored_cpu.json",
      "kimina_bestof_cycle_lenpen001_128_20_start1720_temp08_qwen1p5_rescored_cpu.json",
      "kimina_bestof_cycle_lenpen001_128_20_start1740_temp08_qwen1p5_rescored_cpu.json",
      "kimina_bestof_cycle_lenpen001_128_20_start1760_temp08_qwen1p5_rescored_cpu.json",
      "kimina_bestof_cycle_lenpen001_128_20_start1780_temp08_qwen1p5_rescored_cpu.json",
      "kimina_bestof_cycle_lenpen001_128_20_start1800_temp08_qwen1p5_rescored_cpu.json",
      "kimina_bestof_cycle_lenpen001_128_20_start1820_temp08_qwen1p5_rescored_cpu.json",
      "kimina_bestof_cycle_lenpen001_128_20_start1840_temp08_qwen1p5_rescored_cpu.json"
    ],
    "feature": "tc_count",
    "direction": "ge",
    "dedupe_id": true,
    "all_consensus_f1_avg": 0.8383913343613737,
    "tc_consensus_f1_avg": 0.8426865656523925
  },
  "summary": {
    "threshold_0.0": {
      "count": 126,
      "chosen_f1_avg": 0.8426865656523922,
      "chosen_typecheck_rate": 0.9920634920634921
    },
    "threshold_17.0": {
      "count": 126,
      "chosen_f1_avg": 0.844019037270491,
      "chosen_typecheck_rate": 0.9047619047619048
    },
    "threshold_26.0": {
      "count": 126,
      "chosen_f1_avg": 0.8434742670480747,
      "chosen_typecheck_rate": 0.8650793650793651
    },
    "threshold_44.0": {
      "count": 126,
      "chosen_f1_avg": 0.8434228613407607,
      "chosen_typecheck_rate": 0.8412698412698413
    },
    "threshold_49.0": {
      "count": 126,
      "chosen_f1_avg": 0.8405119773851248,
      "chosen_typecheck_rate": 0.8015873015873016
    },
    "threshold_58.0": {
      "count": 126,
      "chosen_f1_avg": 0.8399799836200484,
      "chosen_typecheck_rate": 0.8015873015873016
    },
    "threshold_70.0": {
      "count": 126,
      "chosen_f1_avg": 0.8392764018194926,
      "chosen_typecheck_rate": 0.8015873015873016
    },
    "threshold_78.0": {
      "count": 126,
      "chosen_f1_avg": 0.8393789007636704,
      "chosen_typecheck_rate": 0.7936507936507936
    },
    "threshold_88.0": {
      "count": 126,
      "chosen_f1_avg": 0.8386237260954522,
      "chosen_typecheck_rate": 0.7936507936507936
    },
    "threshold_105.0": {
      "count": 126,
      "chosen_f1_avg": 0.8384676846508445,
      "chosen_typecheck_rate": 0.7936507936507936
    },
    "threshold_124.0": {
      "count": 126,
      "chosen_f1_avg": 0.8383913343613735,
      "chosen_typecheck_rate": 0.7936507936507936
    }
  }
}