{
  "meta": {
    "results_path": "kimina_bestof_cycle_lenpen001_128_20_start2180_temp08_qwen1p5_rescored_cpu.json"
  },
  "summary": {
    "count": 20,
    "pearson_avg": 0.19731902614004665,
    "pearson_median": 0.12659179609881835,
    "spearman_avg": 0.023874022100658587,
    "spearman_median": 0.04854306257571925
  }
}