{
  "meta": {
    "results_paths": [
      "kimina_bestof_cycle_lenpen001_128_20_temp08_merged_start1580_2040_rescored_cpu.json"
    ],
    "feature": "tc_count",
    "direction": "ge",
    "dedupe_id": false,
    "all_consensus_f1_avg": 0.8362321768134665,
    "tc_consensus_f1_avg": 0.8394082852702696
  },
  "summary": {
    "threshold_0.0": {
      "count": 158,
      "chosen_f1_avg": 0.8394082852702692,
      "chosen_typecheck_rate": 0.9936708860759493
    },
    "threshold_15.0": {
      "count": 158,
      "chosen_f1_avg": 0.8370961861921248,
      "chosen_typecheck_rate": 0.9177215189873418
    },
    "threshold_25.0": {
      "count": 158,
      "chosen_f1_avg": 0.8368713752376633,
      "chosen_typecheck_rate": 0.8860759493670886
    },
    "threshold_40.0": {
      "count": 158,
      "chosen_f1_avg": 0.8380068403551095,
      "chosen_typecheck_rate": 0.8417721518987342
    },
    "threshold_49.0": {
      "count": 158,
      "chosen_f1_avg": 0.8355578125667315,
      "chosen_typecheck_rate": 0.810126582278481
    },
    "threshold_57.0": {
      "count": 158,
      "chosen_f1_avg": 0.8355827944033318,
      "chosen_typecheck_rate": 0.8037974683544303
    },
    "threshold_70.0": {
      "count": 158,
      "chosen_f1_avg": 0.8367449588401613,
      "chosen_typecheck_rate": 0.7974683544303798
    },
    "threshold_78.0": {
      "count": 158,
      "chosen_f1_avg": 0.8377211354953084,
      "chosen_typecheck_rate": 0.7848101265822784
    },
    "threshold_87.0": {
      "count": 158,
      "chosen_f1_avg": 0.8364175018672254,
      "chosen_typecheck_rate": 0.7848101265822784
    },
    "threshold_101.0": {
      "count": 158,
      "chosen_f1_avg": 0.8362930637531711,
      "chosen_typecheck_rate": 0.7848101265822784
    },
    "threshold_124.0": {
      "count": 158,
      "chosen_f1_avg": 0.8362321768134663,
      "chosen_typecheck_rate": 0.7848101265822784
    }
  }
}