{
  "meta": {
    "results_path": "kimina_bestof_cycle_lenpen001_128_20_start1700_temp08_qwen1p5_rescored_cpu.json"
  },
  "summary": {
    "count": 19,
    "pearson_avg": 0.19432476446405395,
    "pearson_median": 0.26543866871474014,
    "spearman_avg": 0.047892591485819036,
    "spearman_median": 0.1442153773703626
  }
}