{
  "meta": {
    "results_path": "kimina_bestof_cycle_lenpen001_64_20_start1060_temp08_qwen1p5_rescored_cpu.json"
  },
  "summary": {
    "count": 18,
    "baseline_f1_avg": 0.7876753915329116,
    "oracle_f1_avg": 0.9242140414945867,
    "oracle_tc_f1_avg": 0.9226807738802939,
    "oracle_typecheck_rate": 0.8888888888888888,
    "oracle_tc_typecheck_rate": 1.0,
    "oracle_improve_rate": 0.8888888888888888,
    "oracle_tc_improve_rate": 0.8888888888888888
  }
}