{
  "meta": {
    "results_path": "kimina_bestof_cycle_lenpen001_128_20_start1660_temp08_qwen1p5_rescored_cpu.json"
  },
  "summary": {
    "alpha_0.0": {
      "count": 19,
      "all_f1_avg": 0.7371141272546881,
      "all_typecheck_rate": 0.5263157894736842,
      "tc_f1_avg": 0.7810240404875339,
      "tc_typecheck_rate": 1.0
    },
    "alpha_0.001": {
      "count": 19,
      "all_f1_avg": 0.729960878940645,
      "all_typecheck_rate": 0.42105263157894735,
      "tc_f1_avg": 0.7746356941580674,
      "tc_typecheck_rate": 1.0
    },
    "alpha_0.002": {
      "count": 19,
      "all_f1_avg": 0.729960878940645,
      "all_typecheck_rate": 0.42105263157894735,
      "tc_f1_avg": 0.7935429413075844,
      "tc_typecheck_rate": 1.0
    },
    "alpha_0.005": {
      "count": 19,
      "all_f1_avg": 0.7275716215182467,
      "all_typecheck_rate": 0.3684210526315789,
      "tc_f1_avg": 0.7849363531665555,
      "tc_typecheck_rate": 1.0
    },
    "alpha_0.01": {
      "count": 19,
      "all_f1_avg": 0.7222870082607534,
      "all_typecheck_rate": 0.42105263157894735,
      "tc_f1_avg": 0.6695621558679867,
      "tc_typecheck_rate": 1.0
    },
    "alpha_0.02": {
      "count": 19,
      "all_f1_avg": 0.5520888307241244,
      "all_typecheck_rate": 0.631578947368421,
      "tc_f1_avg": 0.6161621523723344,
      "tc_typecheck_rate": 1.0
    }
  }
}