{
  "meta": {
    "results_paths": [
      "kimina_bestof_cycle_lenpen001_128_20_start1980_temp08_qwen1p5_rescored_cpu.json"
    ],
    "feature": "tc_count",
    "direction": "ge",
    "dedupe_id": false,
    "all_consensus_f1_avg": 0.7896241689833599,
    "tc_consensus_f1_avg": 0.8088527115896678
  },
  "summary": {
    "threshold_9.0": {
      "count": 20,
      "chosen_f1_avg": 0.8088527115896678,
      "chosen_typecheck_rate": 1.0
    },
    "threshold_15.0": {
      "count": 20,
      "chosen_f1_avg": 0.8079693559694701,
      "chosen_typecheck_rate": 0.95
    },
    "threshold_32.0": {
      "count": 20,
      "chosen_f1_avg": 0.7880649665735553,
      "chosen_typecheck_rate": 0.9
    },
    "threshold_36.0": {
      "count": 20,
      "chosen_f1_avg": 0.7880649665735553,
      "chosen_typecheck_rate": 0.9
    },
    "threshold_41.0": {
      "count": 20,
      "chosen_f1_avg": 0.7875273321649532,
      "chosen_typecheck_rate": 0.9
    },
    "threshold_59.0": {
      "count": 20,
      "chosen_f1_avg": 0.7875273321649532,
      "chosen_typecheck_rate": 0.9
    },
    "threshold_64.0": {
      "count": 20,
      "chosen_f1_avg": 0.7875273321649532,
      "chosen_typecheck_rate": 0.9
    },
    "threshold_68.0": {
      "count": 20,
      "chosen_f1_avg": 0.7875273321649532,
      "chosen_typecheck_rate": 0.9
    },
    "threshold_73.0": {
      "count": 20,
      "chosen_f1_avg": 0.7875273321649532,
      "chosen_typecheck_rate": 0.9
    },
    "threshold_103.0": {
      "count": 20,
      "chosen_f1_avg": 0.7901143650617912,
      "chosen_typecheck_rate": 0.85
    },
    "threshold_111.0": {
      "count": 20,
      "chosen_f1_avg": 0.7901143650617912,
      "chosen_typecheck_rate": 0.85
    }
  }
}