{
  "meta": {
    "results_path": "kimina_bestof_cycle_lenpen001_64_20_start1180_temp08_qwen1p5_rescored_cpu.json"
  },
  "summary": {
    "records": 19,
    "candidate_typecheck_rate": 0.6765578635014837,
    "tc_candidate_f1_avg": 0.7743099618925889,
    "non_tc_candidate_f1_avg": 0.675615295210883,
    "max_tc_f1_avg": 0.9008231993230914,
    "max_non_tc_f1_avg": 0.8389394862280731,
    "records_with_tc": 19,
    "records_with_non_tc": 19,
    "records_with_both": 19
  }
}