{
  "meta": {
    "results_path": "kimina_bestof_cycle_lenpen001_16_50_start600_temp06_qwen1p5_rescored_cpu.json",
    "train_results": null,
    "test_results": null,
    "folds": 5,
    "ridge": 0.001,
    "baseline_feature": false
  },
  "summary": {
    "count": 44,
    "baseline_f1_avg": 0.7549820460375586,
    "learned_f1_avg": 0.7830427287352685,
    "learned_tc_f1_avg": 0.7830427287352685,
    "learned_typecheck_rate": 0.9545454545454546,
    "learned_tc_typecheck_rate": 0.9545454545454546,
    "learned_improve_rate": 0.4090909090909091,
    "learned_tc_improve_rate": 0.4090909090909091,
    "avg_weights": [
      0.6813335401328733,
      0.0015968093373535167,
      0.004920716144897836,
      0.02303590580607361,
      0.09100846639982163
    ]
  }
}