{
  "meta": {
    "results_path": "kimina_bestof_cycle_lenpen001_64_20_start760_temp08_qwen1p5_rescored_cpu.json"
  },
  "summary": {
    "count": 17,
    "baseline_f1_avg": 0.7022338889399863,
    "consensus_f1_avg": 0.794016147564086,
    "consensus_tc_f1_avg": 0.766114720607629,
    "consensus_typecheck_rate": 0.9411764705882353,
    "consensus_tc_typecheck_rate": 1.0
  }
}