{
  "meta": {
    "results_paths": [
      "kimina_bestof_cycle_lenpen001_128_20_temp08_merged_start1580_2220_rescored_cpu.json"
    ],
    "feature": "tc_rate",
    "direction": "ge",
    "dedupe_id": false,
    "all_consensus_f1_avg": 0.8353208992363801,
    "tc_consensus_f1_avg": 0.8348587246244813
  },
  "summary": {
    "threshold_0.333": {
      "count": 630,
      "chosen_f1_avg": 0.8371543853017791,
      "chosen_typecheck_rate": 0.8857142857142857
    }
  }
}