{
  "meta": {
    "results_path": "kimina_bestof_cycle_lenpen001_128_20_temp08_merged_start1580_1920_rescored_cpu.json",
    "ks": [
      4,
      8,
      16,
      32,
      64
    ],
    "trials": 30,
    "seed": 0
  },
  "summary": {
    "all": {
      "k_4": {
        "count": 4320,
        "f1_avg": 0.8070618888022777,
        "typecheck_rate": 0.7092592592592593
      },
      "k_8": {
        "count": 4320,
        "f1_avg": 0.8218432033839169,
        "typecheck_rate": 0.7479166666666667
      },
      "k_16": {
        "count": 4320,
        "f1_avg": 0.8300544021729758,
        "typecheck_rate": 0.7574074074074074
      },
      "k_32": {
        "count": 4140,
        "f1_avg": 0.8352706772297389,
        "typecheck_rate": 0.7785024154589372
      },
      "k_64": {
        "count": 3660,
        "f1_avg": 0.834153038443735,
        "typecheck_rate": 0.7737704918032787
      }
    },
    "tc_only": {
      "k_4": {
        "count": 4230,
        "f1_avg": 0.8231786123749038,
        "typecheck_rate": 1.0
      },
      "k_8": {
        "count": 4140,
        "f1_avg": 0.8369826797578078,
        "typecheck_rate": 1.0
      },
      "k_16": {
        "count": 3900,
        "f1_avg": 0.8462630232428162,
        "typecheck_rate": 1.0
      },
      "k_32": {
        "count": 3270,
        "f1_avg": 0.8519604611074821,
        "typecheck_rate": 1.0
      },
      "k_64": {
        "count": 2010,
        "f1_avg": 0.8513245923149109,
        "typecheck_rate": 1.0
      }
    }
  }
}