{
  "meta": {
    "results_paths": [
      "kimina_bestof_cycle_lenpen001_64_20_start740_temp08_qwen1p5_rescored_cpu.json"
    ],
    "dedupe_id": false
  },
  "summary": {
    "count": 18,
    "all_consensus_f1_avg": 0.7972964460773313,
    "tc_consensus_f1_avg": 0.7997873610063814,
    "tc_better_rate": 0.16666666666666666,
    "diff_vs_tc_rate": 0.19109483245660996,
    "diff_vs_tc_count": 0.12124505363243607
  }
}