{
  "meta": {
    "results_path": "kimina_bestof_cycle_lenpen001_128_20_temp08_merged_start1580_1960_rescored_cpu.json",
    "ks": [
      4,
      8,
      16,
      32,
      64
    ],
    "trials": 30,
    "seed": 0
  },
  "summary": {
    "all": {
      "k_4": {
        "count": 4500,
        "f1_avg": 0.8065947862935271,
        "typecheck_rate": 0.7028888888888889
      },
      "k_8": {
        "count": 4500,
        "f1_avg": 0.8201713666725378,
        "typecheck_rate": 0.7484444444444445
      },
      "k_16": {
        "count": 4500,
        "f1_avg": 0.830252991503136,
        "typecheck_rate": 0.7562222222222222
      },
      "k_32": {
        "count": 4320,
        "f1_avg": 0.8336971398188157,
        "typecheck_rate": 0.7699074074074074
      },
      "k_64": {
        "count": 3810,
        "f1_avg": 0.8326790256888824,
        "typecheck_rate": 0.7690288713910761
      }
    },
    "tc_only": {
      "k_4": {
        "count": 4410,
        "f1_avg": 0.8210882245739999,
        "typecheck_rate": 1.0
      },
      "k_8": {
        "count": 4320,
        "f1_avg": 0.8332584907115144,
        "typecheck_rate": 1.0
      },
      "k_16": {
        "count": 4020,
        "f1_avg": 0.8447292133175643,
        "typecheck_rate": 1.0
      },
      "k_32": {
        "count": 3390,
        "f1_avg": 0.8508531865263587,
        "typecheck_rate": 1.0
      },
      "k_64": {
        "count": 2100,
        "f1_avg": 0.8479783051911618,
        "typecheck_rate": 1.0
      }
    }
  }
}