{
  "meta": {
    "results_path": "kimina_bestof_cycle_lenpen001_128_20_temp08_merged_start1580_2100_rescored_cpu.json",
    "train_results": null,
    "test_results": null,
    "folds": 5,
    "model": "ridge",
    "ridge": 0.001,
    "gbrt_estimators": 200,
    "gbrt_learning_rate": 0.05,
    "gbrt_depth": 3,
    "baseline_feature": false
  },
  "summary": {
    "count": 163,
    "baseline_f1_avg": 0.7664657067062508,
    "learned_f1_avg": 0.8418264669387179,
    "learned_tc_f1_avg": 0.841903705094668,
    "learned_typecheck_rate": 0.9386503067484663,
    "learned_tc_typecheck_rate": 0.9938650306748467,
    "learned_improve_rate": 0.6993865030674846,
    "learned_tc_improve_rate": 0.6993865030674846,
    "avg_weights": [
      0.7234800903022828,
      0.00659640433869062,
      0.07137033597953207,
      0.055497447281800324
    ]
  }
}