{
  "meta": {
    "results_paths": [
      "kimina_bestof_cycle_lenpen001_128_20_start2200_temp08_qwen1p5_rescored_cpu.json"
    ],
    "dedupe_id": false
  },
  "summary": {
    "count": 20,
    "all_consensus_f1_avg": 0.8411443718098385,
    "tc_consensus_f1_avg": 0.7892462684025684,
    "tc_better_rate": 0.1,
    "diff_vs_tc_rate": 0.49687336951849187,
    "diff_vs_tc_count": 0.3871585399423376
  }
}