{
  "meta": {
    "results_path": null,
    "train_results": "kimina_bestof_cycle_lenpen001_64_20_start760_temp08_qwen1p5_rescored_cpu.json",
    "test_results": "kimina_bestof_cycle_lenpen001_64_20_start740_temp08_qwen1p5_rescored_cpu.json",
    "folds": 5,
    "ridge": 0.001,
    "baseline_feature": false
  },
  "summary": {
    "count": 18,
    "baseline_f1_avg": 0.7458911421215128,
    "learned_f1_avg": 0.8323120578796032,
    "learned_tc_f1_avg": 0.8366459372134826,
    "learned_typecheck_rate": 0.9444444444444444,
    "learned_tc_typecheck_rate": 1.0,
    "learned_improve_rate": 0.8888888888888888,
    "learned_tc_improve_rate": 0.8888888888888888,
    "avg_weights": [
      0.7247004586427427,
      0.0027077878291439012,
      0.03294861505208962,
      0.05827741356668794,
      0.023395131439801146
    ]
  }
}