{
  "meta": {
    "results_path": "kimina_bestof_cycle_lenpen001_128_20_temp08_merged_start1580_2140_rescored_cpu.json",
    "ks": [
      4,
      8,
      16,
      32,
      64
    ],
    "score_key": "cycle_score"
  },
  "summary": {
    "all": {
      "k_4": {
        "count": 201,
        "f1_avg": 0.7864120545604848,
        "typecheck_rate": 0.6169154228855721
      },
      "k_8": {
        "count": 201,
        "f1_avg": 0.80890783981088,
        "typecheck_rate": 0.7114427860696517
      },
      "k_16": {
        "count": 200,
        "f1_avg": 0.8197455738625795,
        "typecheck_rate": 0.72
      },
      "k_32": {
        "count": 192,
        "f1_avg": 0.8211793351955946,
        "typecheck_rate": 0.765625
      },
      "k_64": {
        "count": 172,
        "f1_avg": 0.820956110858216,
        "typecheck_rate": 0.7616279069767442
      }
    },
    "tc_only": {
      "k_4": {
        "count": 196,
        "f1_avg": 0.8079846040430941,
        "typecheck_rate": 1.0
      },
      "k_8": {
        "count": 192,
        "f1_avg": 0.8167369152186016,
        "typecheck_rate": 1.0
      },
      "k_16": {
        "count": 180,
        "f1_avg": 0.8368236944976545,
        "typecheck_rate": 1.0
      },
      "k_32": {
        "count": 151,
        "f1_avg": 0.8416741161982908,
        "typecheck_rate": 1.0
      },
      "k_64": {
        "count": 98,
        "f1_avg": 0.8361399128274998,
        "typecheck_rate": 1.0
      }
    }
  }
}