{
  "meta": {
    "results_path": "kimina_bestof_cycle_lenpen001_128_20_start1640_temp08_qwen1p5_rescored_cpu.json"
  },
  "summary": {
    "count": 20,
    "pearson_avg": 0.33744900860999444,
    "pearson_median": 0.4134312949318183,
    "spearman_avg": 0.16950339454012184,
    "spearman_median": 0.1799292909459697
  }
}