{
  "meta": {
    "results_path": "kimina_bestof_cycle_lenpen001_128_20_start1680_temp08_qwen1p5_rescored_cpu.json"
  },
  "summary": {
    "alpha_0.0_beta_0.0": {
      "count": 17,
      "all_f1_avg": 0.7831602607677398,
      "all_typecheck_rate": 0.5294117647058824,
      "tc_f1_avg": 0.8023677289024347,
      "tc_typecheck_rate": 1.0
    },
    "alpha_0.0_beta_0.5": {
      "count": 17,
      "all_f1_avg": 0.8064953156829251,
      "all_typecheck_rate": 0.5294117647058824,
      "tc_f1_avg": 0.8113546965191957,
      "tc_typecheck_rate": 1.0
    },
    "alpha_0.0_beta_1.0": {
      "count": 17,
      "all_f1_avg": 0.8224406931144648,
      "all_typecheck_rate": 0.5882352941176471,
      "tc_f1_avg": 0.820510020540633,
      "tc_typecheck_rate": 1.0
    },
    "alpha_0.0_beta_2.0": {
      "count": 17,
      "all_f1_avg": 0.8374765395872644,
      "all_typecheck_rate": 0.7058823529411765,
      "tc_f1_avg": 0.8397224722511247,
      "tc_typecheck_rate": 1.0
    },
    "alpha_0.0_beta_3.0": {
      "count": 17,
      "all_f1_avg": 0.8303040278641872,
      "all_typecheck_rate": 0.6470588235294118,
      "tc_f1_avg": 0.8412684414552515,
      "tc_typecheck_rate": 1.0
    },
    "alpha_0.001_beta_0.0": {
      "count": 17,
      "all_f1_avg": 0.7822078873168298,
      "all_typecheck_rate": 0.5294117647058824,
      "tc_f1_avg": 0.8009534198528587,
      "tc_typecheck_rate": 1.0
    },
    "alpha_0.001_beta_0.5": {
      "count": 17,
      "all_f1_avg": 0.8035508676033597,
      "all_typecheck_rate": 0.5294117647058824,
      "tc_f1_avg": 0.80841024843963,
      "tc_typecheck_rate": 1.0
    },
    "alpha_0.001_beta_1.0": {
      "count": 17,
      "all_f1_avg": 0.8251371203483798,
      "all_typecheck_rate": 0.6470588235294118,
      "tc_f1_avg": 0.8217255010531712,
      "tc_typecheck_rate": 1.0
    },
    "alpha_0.001_beta_2.0": {
      "count": 17,
      "all_f1_avg": 0.8306876400907202,
      "all_typecheck_rate": 0.7058823529411765,
      "tc_f1_avg": 0.8357818771451578,
      "tc_typecheck_rate": 1.0
    },
    "alpha_0.001_beta_3.0": {
      "count": 17,
      "all_f1_avg": 0.8303040278641872,
      "all_typecheck_rate": 0.6470588235294118,
      "tc_f1_avg": 0.8412684414552515,
      "tc_typecheck_rate": 1.0
    },
    "alpha_0.002_beta_0.0": {
      "count": 17,
      "all_f1_avg": 0.7822078873168298,
      "all_typecheck_rate": 0.5294117647058824,
      "tc_f1_avg": 0.8009534198528587,
      "tc_typecheck_rate": 1.0
    },
    "alpha_0.002_beta_0.5": {
      "count": 17,
      "all_f1_avg": 0.8030508621179707,
      "all_typecheck_rate": 0.5882352941176471,
      "tc_f1_avg": 0.8092075881429891,
      "tc_typecheck_rate": 1.0
    },
    "alpha_0.002_beta_1.0": {
      "count": 17,
      "all_f1_avg": 0.8251371203483798,
      "all_typecheck_rate": 0.6470588235294118,
      "tc_f1_avg": 0.8217255010531712,
      "tc_typecheck_rate": 1.0
    },
    "alpha_0.002_beta_2.0": {
      "count": 17,
      "all_f1_avg": 0.817622373416099,
      "all_typecheck_rate": 0.6470588235294118,
      "tc_f1_avg": 0.8357818771451578,
      "tc_typecheck_rate": 1.0
    },
    "alpha_0.002_beta_3.0": {
      "count": 17,
      "all_f1_avg": 0.8303040278641872,
      "all_typecheck_rate": 0.6470588235294118,
      "tc_f1_avg": 0.8412684414552515,
      "tc_typecheck_rate": 1.0
    },
    "alpha_0.005_beta_0.0": {
      "count": 17,
      "all_f1_avg": 0.7542482368722452,
      "all_typecheck_rate": 0.5294117647058824,
      "tc_f1_avg": 0.7940260343345238,
      "tc_typecheck_rate": 1.0
    },
    "alpha_0.005_beta_0.5": {
      "count": 17,
      "all_f1_avg": 0.8016365530683945,
      "all_typecheck_rate": 0.5882352941176471,
      "tc_f1_avg": 0.8090087596059511,
      "tc_typecheck_rate": 1.0
    },
    "alpha_0.005_beta_1.0": {
      "count": 17,
      "all_f1_avg": 0.8238972994449917,
      "all_typecheck_rate": 0.6470588235294118,
      "tc_f1_avg": 0.823606905733347,
      "tc_typecheck_rate": 1.0
    },
    "alpha_0.005_beta_2.0": {
      "count": 17,
      "all_f1_avg": 0.8143633965545959,
      "all_typecheck_rate": 0.6470588235294118,
      "tc_f1_avg": 0.8245015219530407,
      "tc_typecheck_rate": 1.0
    },
    "alpha_0.005_beta_3.0": {
      "count": 17,
      "all_f1_avg": 0.8138428644551163,
      "all_typecheck_rate": 0.7058823529411765,
      "tc_f1_avg": 0.8352140905014218,
      "tc_typecheck_rate": 1.0
    },
    "alpha_0.01_beta_0.0": {
      "count": 17,
      "all_f1_avg": 0.6740954777691094,
      "all_typecheck_rate": 0.47058823529411764,
      "tc_f1_avg": 0.7280502185130959,
      "tc_typecheck_rate": 1.0
    },
    "alpha_0.01_beta_0.5": {
      "count": 17,
      "all_f1_avg": 0.7467192308789324,
      "all_typecheck_rate": 0.5294117647058824,
      "tc_f1_avg": 0.8056771917428726,
      "tc_typecheck_rate": 1.0
    },
    "alpha_0.01_beta_1.0": {
      "count": 17,
      "all_f1_avg": 0.7813353400315187,
      "all_typecheck_rate": 0.6470588235294118,
      "tc_f1_avg": 0.809420969625571,
      "tc_typecheck_rate": 1.0
    },
    "alpha_0.01_beta_2.0": {
      "count": 17,
      "all_f1_avg": 0.8037919754487864,
      "all_typecheck_rate": 0.7058823529411765,
      "tc_f1_avg": 0.8184551477017328,
      "tc_typecheck_rate": 1.0
    },
    "alpha_0.01_beta_3.0": {
      "count": 17,
      "all_f1_avg": 0.8240311403413201,
      "all_typecheck_rate": 0.7058823529411765,
      "tc_f1_avg": 0.8453475576017772,
      "tc_typecheck_rate": 1.0
    },
    "alpha_0.02_beta_0.0": {
      "count": 17,
      "all_f1_avg": 0.6711195702491861,
      "all_typecheck_rate": 0.4117647058823529,
      "tc_f1_avg": 0.7177526303505689,
      "tc_typecheck_rate": 1.0
    },
    "alpha_0.02_beta_0.5": {
      "count": 17,
      "all_f1_avg": 0.6849851164676735,
      "all_typecheck_rate": 0.47058823529411764,
      "tc_f1_avg": 0.7344846000610057,
      "tc_typecheck_rate": 1.0
    },
    "alpha_0.02_beta_1.0": {
      "count": 17,
      "all_f1_avg": 0.7395563991073582,
      "all_typecheck_rate": 0.5294117647058824,
      "tc_f1_avg": 0.7935751054989276,
      "tc_typecheck_rate": 1.0
    },
    "alpha_0.02_beta_2.0": {
      "count": 17,
      "all_f1_avg": 0.7786265878758856,
      "all_typecheck_rate": 0.5882352941176471,
      "tc_f1_avg": 0.822939415058931,
      "tc_typecheck_rate": 1.0
    },
    "alpha_0.02_beta_3.0": {
      "count": 17,
      "all_f1_avg": 0.8095579411462485,
      "all_typecheck_rate": 0.7647058823529411,
      "tc_f1_avg": 0.8276212754191742,
      "tc_typecheck_rate": 1.0
    }
  }
}