{
  "meta": {
    "results_path": "kimina_bestof_cycle_lenpen001_128_20_start2220_temp08_qwen1p5_rescored_cpu.json",
    "train_results": null,
    "test_results": null,
    "folds": 5,
    "model": "ridge",
    "ridge": 0.001,
    "gbrt_estimators": 200,
    "gbrt_learning_rate": 0.05,
    "gbrt_depth": 3,
    "baseline_feature": false
  },
  "summary": {
    "count": 19,
    "baseline_f1_avg": 0.7608924196464963,
    "learned_f1_avg": 0.7954289385082065,
    "learned_tc_f1_avg": 0.7850902575812903,
    "learned_typecheck_rate": 0.9473684210526315,
    "learned_tc_typecheck_rate": 1.0,
    "learned_improve_rate": 0.631578947368421,
    "learned_tc_improve_rate": 0.631578947368421,
    "avg_weights": [
      0.7055042934066886,
      -0.0017532258138435873,
      0.010993780455812988,
      0.06526045133070194,
      0.054197952805850894
    ]
  }
}