{
  "meta": {
    "results_path": "kimina_bestof_cycle_lenpen001_128_20_start2100_temp08_qwen1p5_rescored_cpu.json"
  },
  "summary": {
    "records": 19,
    "candidate_typecheck_rate": 0.6369318181818182,
    "tc_candidate_f1_avg": 0.7748533299841437,
    "non_tc_candidate_f1_avg": 0.7087036046746337,
    "max_tc_f1_avg": 0.9077852168251613,
    "max_non_tc_f1_avg": 0.8836976999316148,
    "records_with_tc": 19,
    "records_with_non_tc": 18,
    "records_with_both": 18
  }
}