{
  "meta": {
    "results_path": "kimina_bestof_cycle_lenpen001_128_20_start2180_temp08_qwen1p5_rescored_cpu.json"
  },
  "summary": {
    "alpha_0.0": {
      "count": 20,
      "all_f1_avg": 0.7186052048309916,
      "all_typecheck_rate": 0.6,
      "tc_f1_avg": 0.78797494661764,
      "tc_typecheck_rate": 1.0
    },
    "alpha_0.001": {
      "count": 20,
      "all_f1_avg": 0.7013819985615893,
      "all_typecheck_rate": 0.5,
      "tc_f1_avg": 0.7927444650214599,
      "tc_typecheck_rate": 1.0
    },
    "alpha_0.002": {
      "count": 20,
      "all_f1_avg": 0.708658213395349,
      "all_typecheck_rate": 0.5,
      "tc_f1_avg": 0.8000206798552195,
      "tc_typecheck_rate": 1.0
    },
    "alpha_0.005": {
      "count": 20,
      "all_f1_avg": 0.7112142449344312,
      "all_typecheck_rate": 0.45,
      "tc_f1_avg": 0.7944274889571822,
      "tc_typecheck_rate": 1.0
    },
    "alpha_0.01": {
      "count": 20,
      "all_f1_avg": 0.7026807057669875,
      "all_typecheck_rate": 0.4,
      "tc_f1_avg": 0.7732588339710783,
      "tc_typecheck_rate": 1.0
    },
    "alpha_0.02": {
      "count": 20,
      "all_f1_avg": 0.6676050025278781,
      "all_typecheck_rate": 0.4,
      "tc_f1_avg": 0.7509439361981495,
      "tc_typecheck_rate": 1.0
    }
  }
}