{
  "meta": {
    "results_paths": [
      "kimina_bestof_cycle_lenpen001_128_20_temp08_merged_start1580_2120_rescored_cpu.json"
    ],
    "feature": "tc_rate",
    "direction": "ge",
    "dedupe_id": false,
    "all_consensus_f1_avg": 0.8325512890301109,
    "tc_consensus_f1_avg": 0.8364223016304357
  },
  "summary": {
    "threshold_0.333": {
      "count": 182,
      "chosen_f1_avg": 0.8357377137076463,
      "chosen_typecheck_rate": 0.8516483516483516
    }
  }
}