{
  "meta": {
    "results_paths": [
      "kimina_bestof_cycle_lenpen001_64_20_start900_temp08_qwen1p5_rescored_cpu.json"
    ],
    "dedupe_id": false
  },
  "summary": {
    "count": 19,
    "all_consensus_f1_avg": 0.7875695333224332,
    "tc_consensus_f1_avg": 0.8215906877835835,
    "tc_better_rate": 0.21052631578947367,
    "diff_vs_tc_rate": -0.7972614013977282,
    "diff_vs_tc_count": -0.657391541128343
  }
}