{
  "meta": {
    "results_paths": [
      "kimina_bestof_cycle_lenpen001_64_20_start1000_temp08_qwen1p5_rescored_cpu.json"
    ],
    "dedupe_id": false
  },
  "summary": {
    "count": 19,
    "all_consensus_f1_avg": 0.8609809820467494,
    "tc_consensus_f1_avg": 0.8890038551380307,
    "tc_better_rate": 0.3157894736842105,
    "diff_vs_tc_rate": 0.04834396594909963,
    "diff_vs_tc_count": -0.22076995921314937
  }
}