{
  "meta": {
    "results_path": "kimina_bestof_cycle_lenpen001_128_20_temp08_merged_start1580_2100_rescored_cpu.json",
    "pairwise_thresholds": [
      0.42080280196176717,
      0.6732286431571424,
      0.7167328665292478,
      0.7450448596298209,
      0.7635449587685335,
      0.7874921578190227,
      0.806333992277739,
      0.8216158555939785,
      0.8482205336007267,
      0.8644956949031904,
      0.9438914017678607
    ],
    "tc_rate_thresholds": [
      0.0,
      0.13953488372093023,
      0.32786885245901637,
      0.5185185185185185,
      0.6260162601626016,
      0.7052631578947368,
      0.7739130434782608,
      0.8478260869565217,
      0.898989898989899,
      0.9553571428571429,
      1.0
    ],
    "folds": 5
  },
  "summary": {
    "all_consensus_f1_avg": 0.834258064322955,
    "tc_consensus_f1_avg": 0.8388771140827725,
    "best_full_fit": {
      "and_low": {
        "f1_avg": 0.8402313737719267,
        "thresholds": [
          0.7635449587685335,
          0.6260162601626016
        ]
      },
      "and_high": {
        "f1_avg": 0.8399349578946798,
        "thresholds": [
          0.7874921578190227,
          0.0
        ]
      },
      "or_low": {
        "f1_avg": 0.8399349578946798,
        "thresholds": [
          0.7874921578190227,
          0.0
        ]
      },
      "or_high": {
        "f1_avg": 0.841438470930228,
        "thresholds": [
          0.7874921578190227,
          0.6260162601626016
        ]
      }
    },
    "cv": {
      "and_low": {
        "f1_avg": 0.8360333378683592,
        "thresholds": [
          [
            0.7874921578190227,
            0.6260162601626016
          ],
          [
            0.7874921578190227,
            0.6260162601626016
          ],
          [
            0.7167328665292478,
            0.6260162601626016
          ],
          [
            0.7635449587685335,
            0.6260162601626016
          ],
          [
            0.9438914017678607,
            0.9553571428571429
          ]
        ]
      },
      "and_high": {
        "f1_avg": 0.833129286503568,
        "thresholds": [
          [
            0.7874921578190227,
            0.0
          ],
          [
            0.7874921578190227,
            0.0
          ],
          [
            0.8644956949031904,
            0.5185185185185185
          ],
          [
            0.7874921578190227,
            0.0
          ],
          [
            0.9438914017678607,
            0.0
          ]
        ]
      },
      "or_low": {
        "f1_avg": 0.8351827123667119,
        "thresholds": [
          [
            0.7874921578190227,
            0.0
          ],
          [
            0.7874921578190227,
            0.0
          ],
          [
            0.7167328665292478,
            0.0
          ],
          [
            0.7874921578190227,
            0.0
          ],
          [
            0.6732286431571424,
            0.7052631578947368
          ]
        ]
      },
      "or_high": {
        "f1_avg": 0.8369032626059256,
        "thresholds": [
          [
            0.7450448596298209,
            0.5185185185185185
          ],
          [
            0.7874921578190227,
            0.6260162601626016
          ],
          [
            0.7167328665292478,
            0.5185185185185185
          ],
          [
            0.7635449587685335,
            0.7052631578947368
          ],
          [
            0.7874921578190227,
            0.6260162601626016
          ]
        ]
      }
    }
  }
}