{
  "meta": {
    "results_paths": [
      "kimina_bestof_cycle_lenpen001_128_20_start1820_temp08_qwen1p5_rescored_cpu.json"
    ],
    "dedupe_id": false
  },
  "summary": {
    "count": 18,
    "all_consensus_f1_avg": 0.843241482145492,
    "tc_consensus_f1_avg": 0.7932201374824109,
    "tc_better_rate": 0.1111111111111111,
    "diff_vs_tc_rate": 0.7114897626536131,
    "diff_vs_tc_count": 0.6350089773054486
  }
}