{
  "meta": {
    "results_paths": [
      "kimina_bestof_cycle_lenpen001_64_20_start740_temp08_qwen1p5_rescored_cpu.json",
      "kimina_bestof_cycle_lenpen001_64_20_start760_temp08_qwen1p5_rescored_cpu.json",
      "kimina_bestof_cycle_lenpen001_64_20_start780_temp08_qwen1p5_rescored_cpu.json",
      "kimina_bestof_cycle_lenpen001_64_20_start800_temp08_qwen1p5_rescored_cpu.json",
      "kimina_bestof_cycle_lenpen001_64_20_start820_temp08_qwen1p5_rescored_cpu.json"
    ],
    "dedupe_id": true
  },
  "summary": {
    "count": 71,
    "baseline_f1_avg": 0.7506191095729131,
    "consensus_f1_avg": 0.8063544736743481,
    "oracle_f1_avg": 0.9217400423706957,
    "consensus_improve_rate": 0.676056338028169,
    "correlations": {
      "improve_vs_count": 0.1805000176889789,
      "improve_vs_tc_rate": -0.047366093750103665,
      "improve_vs_pairwise": 0.11565712405932166,
      "improve_vs_pairwise_tc": 0.21199911254322057,
      "improve_vs_consensus_margin": -0.21079451087694262,
      "improve_vs_baseline_f1": -0.6469352162331301,
      "oracle_improve_vs_count": 0.11776266235442223,
      "oracle_improve_vs_pairwise": -0.2901311833624618
    }
  }
}