{
  "meta": {
    "results_paths": [
      "kimina_bestof_cycle_lenpen001_128_20_start1840_temp08_qwen1p5_rescored_cpu.json"
    ],
    "feature": "tc_rate",
    "direction": "ge",
    "dedupe_id": false,
    "all_consensus_f1_avg": 0.8534387508439369,
    "tc_consensus_f1_avg": 0.8456444366683993
  },
  "summary": {
    "threshold_0.2204724409448819": {
      "count": 18,
      "chosen_f1_avg": 0.8456444366683994,
      "chosen_typecheck_rate": 1.0
    },
    "threshold_0.5": {
      "count": 18,
      "chosen_f1_avg": 0.8480339229288534,
      "chosen_typecheck_rate": 0.9444444444444444
    },
    "threshold_0.5138888888888888": {
      "count": 18,
      "chosen_f1_avg": 0.852798921845899,
      "chosen_typecheck_rate": 0.9444444444444444
    },
    "threshold_0.5952380952380952": {
      "count": 18,
      "chosen_f1_avg": 0.8555377529429391,
      "chosen_typecheck_rate": 0.8888888888888888
    },
    "threshold_0.7019230769230769": {
      "count": 18,
      "chosen_f1_avg": 0.8519957494009354,
      "chosen_typecheck_rate": 0.8888888888888888
    },
    "threshold_0.711864406779661": {
      "count": 18,
      "chosen_f1_avg": 0.8534387508439368,
      "chosen_typecheck_rate": 0.8888888888888888
    },
    "threshold_0.8620689655172413": {
      "count": 18,
      "chosen_f1_avg": 0.8534387508439368,
      "chosen_typecheck_rate": 0.8888888888888888
    },
    "threshold_0.898989898989899": {
      "count": 18,
      "chosen_f1_avg": 0.8534387508439368,
      "chosen_typecheck_rate": 0.8888888888888888
    },
    "threshold_0.9302325581395349": {
      "count": 18,
      "chosen_f1_avg": 0.8534387508439368,
      "chosen_typecheck_rate": 0.8888888888888888
    },
    "threshold_0.9696969696969697": {
      "count": 18,
      "chosen_f1_avg": 0.8534387508439368,
      "chosen_typecheck_rate": 0.8888888888888888
    },
    "threshold_0.983739837398374": {
      "count": 18,
      "chosen_f1_avg": 0.8534387508439368,
      "chosen_typecheck_rate": 0.8888888888888888
    }
  }
}