{
  "meta": {
    "results_path": "kimina_bestof_cycle_lenpen001_64_20_start780_temp08_qwen1p5_rescored_cpu.json"
  },
  "summary": {
    "alpha_0.0_beta_0.0": {
      "count": 20,
      "all_f1_avg": 0.7803089211170066,
      "all_typecheck_rate": 0.55,
      "tc_f1_avg": 0.758728256670533,
      "tc_typecheck_rate": 1.0
    },
    "alpha_0.0_beta_0.5": {
      "count": 20,
      "all_f1_avg": 0.8014173933150575,
      "all_typecheck_rate": 0.6,
      "tc_f1_avg": 0.7980171380464445,
      "tc_typecheck_rate": 1.0
    },
    "alpha_0.0_beta_1.0": {
      "count": 20,
      "all_f1_avg": 0.8038070991974104,
      "all_typecheck_rate": 0.6,
      "tc_f1_avg": 0.8022166846224857,
      "tc_typecheck_rate": 1.0
    },
    "alpha_0.0_beta_2.0": {
      "count": 20,
      "all_f1_avg": 0.8139441360958461,
      "all_typecheck_rate": 0.65,
      "tc_f1_avg": 0.8122960626873225,
      "tc_typecheck_rate": 1.0
    },
    "alpha_0.0_beta_3.0": {
      "count": 20,
      "all_f1_avg": 0.8213070243854388,
      "all_typecheck_rate": 0.7,
      "tc_f1_avg": 0.8163703616344243,
      "tc_typecheck_rate": 1.0
    },
    "alpha_0.001_beta_0.0": {
      "count": 20,
      "all_f1_avg": 0.778820897775615,
      "all_typecheck_rate": 0.55,
      "tc_f1_avg": 0.7627386269089544,
      "tc_typecheck_rate": 1.0
    },
    "alpha_0.001_beta_0.5": {
      "count": 20,
      "all_f1_avg": 0.8019928756850737,
      "all_typecheck_rate": 0.6,
      "tc_f1_avg": 0.7788325196137369,
      "tc_typecheck_rate": 1.0
    },
    "alpha_0.001_beta_1.0": {
      "count": 20,
      "all_f1_avg": 0.8038070991974104,
      "all_typecheck_rate": 0.6,
      "tc_f1_avg": 0.7981253008930929,
      "tc_typecheck_rate": 1.0
    },
    "alpha_0.001_beta_2.0": {
      "count": 20,
      "all_f1_avg": 0.8168633634882957,
      "all_typecheck_rate": 0.65,
      "tc_f1_avg": 0.815215290079772,
      "tc_typecheck_rate": 1.0
    },
    "alpha_0.001_beta_3.0": {
      "count": 20,
      "all_f1_avg": 0.8213070243854388,
      "all_typecheck_rate": 0.7,
      "tc_f1_avg": 0.8163703616344243,
      "tc_typecheck_rate": 1.0
    },
    "alpha_0.002_beta_0.0": {
      "count": 20,
      "all_f1_avg": 0.778820897775615,
      "all_typecheck_rate": 0.55,
      "tc_f1_avg": 0.7621110047387092,
      "tc_typecheck_rate": 1.0
    },
    "alpha_0.002_beta_0.5": {
      "count": 20,
      "all_f1_avg": 0.7957993039985443,
      "all_typecheck_rate": 0.55,
      "tc_f1_avg": 0.7788325196137369,
      "tc_typecheck_rate": 1.0
    },
    "alpha_0.002_beta_1.0": {
      "count": 20,
      "all_f1_avg": 0.8038070991974104,
      "all_typecheck_rate": 0.6,
      "tc_f1_avg": 0.7852263227056532,
      "tc_typecheck_rate": 1.0
    },
    "alpha_0.002_beta_2.0": {
      "count": 20,
      "all_f1_avg": 0.8093239667247609,
      "all_typecheck_rate": 0.65,
      "tc_f1_avg": 0.8076758933162372,
      "tc_typecheck_rate": 1.0
    },
    "alpha_0.002_beta_3.0": {
      "count": 20,
      "all_f1_avg": 0.8213070243854388,
      "all_typecheck_rate": 0.7,
      "tc_f1_avg": 0.8163703616344243,
      "tc_typecheck_rate": 1.0
    },
    "alpha_0.005_beta_0.0": {
      "count": 20,
      "all_f1_avg": 0.7595830227086162,
      "all_typecheck_rate": 0.5,
      "tc_f1_avg": 0.7667728234164852,
      "tc_typecheck_rate": 1.0
    },
    "alpha_0.005_beta_0.5": {
      "count": 20,
      "all_f1_avg": 0.7945963792403086,
      "all_typecheck_rate": 0.55,
      "tc_f1_avg": 0.7788325196137369,
      "tc_typecheck_rate": 1.0
    },
    "alpha_0.005_beta_1.0": {
      "count": 20,
      "all_f1_avg": 0.7984198162261441,
      "all_typecheck_rate": 0.65,
      "tc_f1_avg": 0.7838021733749397,
      "tc_typecheck_rate": 1.0
    },
    "alpha_0.005_beta_2.0": {
      "count": 20,
      "all_f1_avg": 0.7970254707574014,
      "all_typecheck_rate": 0.65,
      "tc_f1_avg": 0.7971791991506796,
      "tc_typecheck_rate": 1.0
    },
    "alpha_0.005_beta_3.0": {
      "count": 20,
      "all_f1_avg": 0.7999018205669307,
      "all_typecheck_rate": 0.7,
      "tc_f1_avg": 0.8013661497266996,
      "tc_typecheck_rate": 1.0
    },
    "alpha_0.01_beta_0.0": {
      "count": 20,
      "all_f1_avg": 0.7472012568176554,
      "all_typecheck_rate": 0.5,
      "tc_f1_avg": 0.7372848224511324,
      "tc_typecheck_rate": 1.0
    },
    "alpha_0.01_beta_0.5": {
      "count": 20,
      "all_f1_avg": 0.7737057152099344,
      "all_typecheck_rate": 0.55,
      "tc_f1_avg": 0.7730228234164852,
      "tc_typecheck_rate": 1.0
    },
    "alpha_0.01_beta_1.0": {
      "count": 20,
      "all_f1_avg": 0.7712597091520977,
      "all_typecheck_rate": 0.5,
      "tc_f1_avg": 0.7792225937953602,
      "tc_typecheck_rate": 1.0
    },
    "alpha_0.01_beta_2.0": {
      "count": 20,
      "all_f1_avg": 0.7838266736745327,
      "all_typecheck_rate": 0.65,
      "tc_f1_avg": 0.7933244520593576,
      "tc_typecheck_rate": 1.0
    },
    "alpha_0.01_beta_3.0": {
      "count": 20,
      "all_f1_avg": 0.7904256127403821,
      "all_typecheck_rate": 0.65,
      "tc_f1_avg": 0.7961269495135243,
      "tc_typecheck_rate": 1.0
    },
    "alpha_0.02_beta_0.0": {
      "count": 20,
      "all_f1_avg": 0.6612066416144116,
      "all_typecheck_rate": 0.45,
      "tc_f1_avg": 0.706399713186838,
      "tc_typecheck_rate": 1.0
    },
    "alpha_0.02_beta_0.5": {
      "count": 20,
      "all_f1_avg": 0.7359289234072648,
      "all_typecheck_rate": 0.45,
      "tc_f1_avg": 0.7431227253254086,
      "tc_typecheck_rate": 1.0
    },
    "alpha_0.02_beta_1.0": {
      "count": 20,
      "all_f1_avg": 0.7359289234072648,
      "all_typecheck_rate": 0.45,
      "tc_f1_avg": 0.7696075738102571,
      "tc_typecheck_rate": 1.0
    },
    "alpha_0.02_beta_2.0": {
      "count": 20,
      "all_f1_avg": 0.7628008852541995,
      "all_typecheck_rate": 0.55,
      "tc_f1_avg": 0.7801650632499203,
      "tc_typecheck_rate": 1.0
    },
    "alpha_0.02_beta_3.0": {
      "count": 20,
      "all_f1_avg": 0.7747880253004737,
      "all_typecheck_rate": 0.65,
      "tc_f1_avg": 0.793134991834806,
      "tc_typecheck_rate": 1.0
    }
  }
}