{
  "meta": {
    "results_path": "kimina_bestof_cycle_lenpen001_64_20_temp08_merged_start740_1460_rescored_cpu.json",
    "train_results": null,
    "test_results": null,
    "folds": 5,
    "ridge": 0.001,
    "baseline_feature": false
  },
  "summary": {
    "count": 172,
    "baseline_f1_avg": 0.7573946441610524,
    "learned_f1_avg": 0.8258766306419717,
    "learned_tc_f1_avg": 0.8249667494949041,
    "learned_typecheck_rate": 0.9651162790697675,
    "learned_tc_typecheck_rate": 0.9941860465116279,
    "learned_improve_rate": 0.6802325581395349,
    "learned_tc_improve_rate": 0.686046511627907,
    "avg_weights": [
      0.7157988734473713,
      0.06751956716788374,
      0.06189108073816909
    ]
  }
}