{
  "meta": {
    "results_path": "kimina_bestof_cycle_lenpen001_temp06_merged_start600_700.json",
    "train_results": null,
    "test_results": null,
    "folds": 5,
    "model": "gbrt",
    "ridge": 0.001,
    "gbrt_estimators": 200,
    "gbrt_learning_rate": 0.05,
    "gbrt_depth": 3,
    "baseline_feature": false
  },
  "summary": {
    "count": 70,
    "baseline_f1_avg": 0.7651247646470724,
    "learned_f1_avg": 0.7937509564102938,
    "learned_tc_f1_avg": 0.7976730246276612,
    "learned_typecheck_rate": 0.9285714285714286,
    "learned_tc_typecheck_rate": 0.9714285714285714,
    "learned_improve_rate": 0.4857142857142857,
    "learned_tc_improve_rate": 0.4714285714285714,
    "avg_feature_importances": [
      0.0,
      0.13682158289851662,
      0.332270331583544,
      0.3430478834092535,
      0.18786020210868593
    ]
  }
}