{
  "meta": {
    "results_path": "kimina_bestof_cycle_lenpen001_64_20_start740_temp08_qwen1p5_rescored_cpu.json",
    "train_results": null,
    "test_results": null,
    "folds": 5,
    "ridge": 0.001,
    "baseline_feature": false
  },
  "summary": {
    "count": 18,
    "baseline_f1_avg": 0.7458911421215126,
    "learned_f1_avg": 0.8097854161841913,
    "learned_tc_f1_avg": 0.8097854161841913,
    "learned_typecheck_rate": 1.0,
    "learned_tc_typecheck_rate": 1.0,
    "learned_improve_rate": 0.7222222222222222,
    "learned_tc_improve_rate": 0.7222222222222222,
    "avg_weights": [
      0.6768329923903776,
      0.014345677747121676,
      0.005333056254943723,
      0.05781043786624991,
      0.09452352207458183
    ]
  }
}