{
  "meta": {
    "results_paths": [
      "kimina_bestof_cycle_lenpen001_64_20_start1260_temp08_qwen1p5_rescored_cpu.json"
    ],
    "dedupe_id": false
  },
  "summary": {
    "count": 19,
    "all_consensus_f1_avg": 0.8042182786366977,
    "tc_consensus_f1_avg": 0.824608059146975,
    "tc_better_rate": 0.2222222222222222,
    "diff_vs_tc_rate": -0.6107859611213398,
    "diff_vs_tc_count": -0.5520755747494616
  }
}