{
  "meta": {
    "results_path": "kimina_bestof_cycle_lenpen001_64_20_start980_temp08_qwen1p5_rescored_cpu.json"
  },
  "summary": {
    "records": 20,
    "candidate_typecheck_rate": 0.6258309591642925,
    "tc_candidate_f1_avg": 0.738405534914728,
    "non_tc_candidate_f1_avg": 0.6820068141619885,
    "max_tc_f1_avg": 0.9198428063453992,
    "max_non_tc_f1_avg": 0.8476041087996784,
    "records_with_tc": 20,
    "records_with_non_tc": 18,
    "records_with_both": 18
  }
}