{
  "meta": {
    "results_path": "kimina_bestof_cycle_lenpen001_128_20_start2200_temp08_qwen1p5_rescored_cpu.json"
  },
  "summary": {
    "alpha_0.0": {
      "count": 20,
      "all_f1_avg": 0.7141002686964936,
      "all_typecheck_rate": 0.5,
      "tc_f1_avg": 0.7130164009727187,
      "tc_typecheck_rate": 1.0
    },
    "alpha_0.001": {
      "count": 20,
      "all_f1_avg": 0.7095998285556485,
      "all_typecheck_rate": 0.5,
      "tc_f1_avg": 0.7085159608318736,
      "tc_typecheck_rate": 1.0
    },
    "alpha_0.002": {
      "count": 20,
      "all_f1_avg": 0.6704573701368743,
      "all_typecheck_rate": 0.5,
      "tc_f1_avg": 0.6946217564843582,
      "tc_typecheck_rate": 1.0
    },
    "alpha_0.005": {
      "count": 20,
      "all_f1_avg": 0.6427205146460944,
      "all_typecheck_rate": 0.6,
      "tc_f1_avg": 0.6726465359202487,
      "tc_typecheck_rate": 1.0
    },
    "alpha_0.01": {
      "count": 20,
      "all_f1_avg": 0.555373928511686,
      "all_typecheck_rate": 0.65,
      "tc_f1_avg": 0.6022061506594459,
      "tc_typecheck_rate": 1.0
    },
    "alpha_0.02": {
      "count": 20,
      "all_f1_avg": 0.5353143712262447,
      "all_typecheck_rate": 0.6,
      "tc_f1_avg": 0.5855246653163471,
      "tc_typecheck_rate": 1.0
    }
  }
}