{
  "meta": {
    "results_path": "kimina_bestof_cycle_lenpen001_128_20_temp08_merged_start1580_2280_rescored.json",
    "folds": 5,
    "ridge": 0.001
  },
  "summary": {
    "count": 687,
    "meta_f1_avg": 0.8403800223319293,
    "consensus_f1_avg": 0.835686414293943,
    "learned_f1_avg": 0.8408057010341872,
    "meta_typecheck_rate": 0.9592430858806404,
    "choose_learned_rate": 0.8064046579330422,
    "avg_weights": [
      0.004448287037555329,
      0.0006609855550302796,
      -0.0023881501535709263,
      0.0021961075141218502,
      -0.003541906819924217,
      -0.0006773911915074818,
      -0.001596351988013741,
      0.0009970515618678674,
      0.0070958971363749655,
      -0.011962283619795743
    ],
    "avg_threshold": -0.003273991760812109
  }
}