{
  "meta": {
    "results_paths": [
      "kimina_bestof_cycle_lenpen001_128_20_start1960_temp08_qwen1p5_rescored_cpu.json"
    ],
    "feature": "tc_count",
    "direction": "ge",
    "dedupe_id": false,
    "all_consensus_f1_avg": 0.8363395557467249,
    "tc_consensus_f1_avg": 0.8607552377212954
  },
  "summary": {
    "threshold_10.0": {
      "count": 19,
      "chosen_f1_avg": 0.8607552377212953,
      "chosen_typecheck_rate": 1.0
    },
    "threshold_22.0": {
      "count": 19,
      "chosen_f1_avg": 0.8398032488834902,
      "chosen_typecheck_rate": 0.9473684210526315
    },
    "threshold_32.0": {
      "count": 19,
      "chosen_f1_avg": 0.8380136621431614,
      "chosen_typecheck_rate": 0.8421052631578947
    },
    "threshold_38.0": {
      "count": 19,
      "chosen_f1_avg": 0.8380136621431614,
      "chosen_typecheck_rate": 0.8421052631578947
    },
    "threshold_50.0": {
      "count": 19,
      "chosen_f1_avg": 0.8400559379397865,
      "chosen_typecheck_rate": 0.8421052631578947
    },
    "threshold_54.0": {
      "count": 19,
      "chosen_f1_avg": 0.8400559379397865,
      "chosen_typecheck_rate": 0.8421052631578947
    },
    "threshold_66.0": {
      "count": 19,
      "chosen_f1_avg": 0.8400559379397865,
      "chosen_typecheck_rate": 0.8421052631578947
    },
    "threshold_77.0": {
      "count": 19,
      "chosen_f1_avg": 0.8400559379397865,
      "chosen_typecheck_rate": 0.8421052631578947
    },
    "threshold_78.0": {
      "count": 19,
      "chosen_f1_avg": 0.8400559379397865,
      "chosen_typecheck_rate": 0.8421052631578947
    },
    "threshold_95.0": {
      "count": 19,
      "chosen_f1_avg": 0.8363395557467248,
      "chosen_typecheck_rate": 0.8421052631578947
    },
    "threshold_106.0": {
      "count": 19,
      "chosen_f1_avg": 0.8363395557467248,
      "chosen_typecheck_rate": 0.8421052631578947
    }
  }
}