{
  "meta": {
    "results_path": "kimina_bestof_cycle_lenpen001_64_20_start700_temp06_qwen1p5_rescored_cpu.json",
    "ks": [
      4,
      8,
      16,
      32,
      64
    ],
    "trials": 30,
    "seed": 0
  },
  "summary": {
    "all": {
      "k_4": {
        "count": 570,
        "f1_avg": 0.8211038998495634,
        "typecheck_rate": 0.8666666666666667
      },
      "k_8": {
        "count": 570,
        "f1_avg": 0.8313273614405758,
        "typecheck_rate": 0.8578947368421053
      },
      "k_16": {
        "count": 570,
        "f1_avg": 0.8357919670272456,
        "typecheck_rate": 0.8385964912280702
      },
      "k_32": {
        "count": 480,
        "f1_avg": 0.825750299891658,
        "typecheck_rate": 0.8520833333333333
      },
      "k_64": {
        "count": 60,
        "f1_avg": 0.9007363117975979,
        "typecheck_rate": 1.0
      }
    },
    "tc_only": {
      "k_4": {
        "count": 570,
        "f1_avg": 0.8283308972626744,
        "typecheck_rate": 1.0
      },
      "k_8": {
        "count": 570,
        "f1_avg": 0.8255301425335219,
        "typecheck_rate": 1.0
      },
      "k_16": {
        "count": 570,
        "f1_avg": 0.8348396192316877,
        "typecheck_rate": 1.0
      },
      "k_32": {
        "count": 360,
        "f1_avg": 0.8078452618058,
        "typecheck_rate": 1.0
      },
      "k_64": {
        "count": 0,
        "f1_avg": 0.0,
        "typecheck_rate": 0.0
      }
    }
  }
}