{
  "meta": {
    "results_path": null,
    "train_results": "kimina_bestof_cycle_lenpen001_64_20_start1060_temp08_qwen1p5_rescored_cpu.json",
    "test_results": "kimina_bestof_cycle_lenpen001_64_20_start740_temp08_qwen1p5_rescored_cpu.json",
    "folds": 5,
    "ridge": 0.001,
    "baseline_feature": false
  },
  "summary": {
    "count": 18,
    "baseline_f1_avg": 0.7458911421215128,
    "learned_f1_avg": 0.8137073059238784,
    "learned_tc_f1_avg": 0.8137073059238784,
    "learned_typecheck_rate": 1.0,
    "learned_tc_typecheck_rate": 1.0,
    "learned_improve_rate": 0.7777777777777778,
    "learned_tc_improve_rate": 0.7777777777777778,
    "avg_weights": [
      0.7489187755977049,
      -0.0006507591915398388,
      0.013821424074777329,
      0.060668441313184954,
      0.021079991089353045
    ]
  }
}