{
  "meta": {
    "results_path": "kimina_bestof_cycle_lenpen001_64_20_start1520_temp08_qwen1p5_rescored_cpu.json"
  },
  "summary": {
    "records": 17,
    "candidate_typecheck_rate": 0.6598930481283423,
    "tc_candidate_f1_avg": 0.8040059918774382,
    "non_tc_candidate_f1_avg": 0.784331913475548,
    "max_tc_f1_avg": 0.929008113293092,
    "max_non_tc_f1_avg": 0.8802645984033822,
    "records_with_tc": 17,
    "records_with_non_tc": 17,
    "records_with_both": 17
  }
}