{
  "meta": {
    "results_path": "kimina_bestof_cycle_32_20_temp02.json"
  },
  "summary": {
    "alpha_0.0": {
      "count": 20,
      "all_f1_avg": 0.782001477439603,
      "all_typecheck_rate": 0.8,
      "tc_f1_avg": 0.7954458812774644,
      "tc_typecheck_rate": 1.0
    },
    "alpha_0.001": {
      "count": 20,
      "all_f1_avg": 0.782001477439603,
      "all_typecheck_rate": 0.8,
      "tc_f1_avg": 0.7954458812774644,
      "tc_typecheck_rate": 1.0
    },
    "alpha_0.002": {
      "count": 20,
      "all_f1_avg": 0.782001477439603,
      "all_typecheck_rate": 0.8,
      "tc_f1_avg": 0.7954458812774644,
      "tc_typecheck_rate": 1.0
    },
    "alpha_0.005": {
      "count": 20,
      "all_f1_avg": 0.7802560228941484,
      "all_typecheck_rate": 0.8,
      "tc_f1_avg": 0.7937004267320098,
      "tc_typecheck_rate": 1.0
    },
    "alpha_0.01": {
      "count": 20,
      "all_f1_avg": 0.7866075352679033,
      "all_typecheck_rate": 0.75,
      "tc_f1_avg": 0.7976724452476387,
      "tc_typecheck_rate": 1.0
    },
    "alpha_0.02": {
      "count": 20,
      "all_f1_avg": 0.7948167923738266,
      "all_typecheck_rate": 0.7,
      "tc_f1_avg": 0.8090788018921247,
      "tc_typecheck_rate": 1.0
    }
  }
}