{
  "meta": {
    "results_path": "kimina_bestof_cycle_lenpen001_temp08_merged_64_128_rescored.json",
    "train_results": null,
    "test_results": null,
    "folds": 5,
    "model": "ridge",
    "ridge": 0.001,
    "gbrt_estimators": 200,
    "gbrt_learning_rate": 0.05,
    "gbrt_depth": 3,
    "baseline_feature": false,
    "forward_feature": false,
    "embed_consensus": false,
    "context_interactions": false,
    "extra_candidate_features": true,
    "numeric_features": false,
    "nl_number_features": true,
    "nl_number_detail": false,
    "nl_number_missing_extra": true,
    "embed_model_id": null,
    "embed_batch_size": null,
    "embed_max_length": null,
    "embed_device": null
  },
  "summary": {
    "count": 859,
    "baseline_f1_avg": 0.7740837768437162,
    "learned_f1_avg": 0.8412197728932475,
    "learned_tc_f1_avg": 0.8366622380334133,
    "learned_typecheck_rate": 0.9732246798603027,
    "learned_tc_typecheck_rate": 0.9953434225844005,
    "learned_improve_rate": 0.6519208381839348,
    "learned_tc_improve_rate": 0.6495925494761351,
    "feature_names": [
      "bias",
      "len_z",
      "cons_z",
      "typecheck",
      "lenpen_z",
      "cycle_rank",
      "len_rank",
      "cons_rank",
      "tc_cons_z",
      "tc_cons_rank",
      "nl_num_f1_z",
      "nl_num_missing_z",
      "nl_num_extra_z"
    ],
    "avg_weights": [
      0.7175437554740115,
      0.007575266575559572,
      0.05401847429815907,
      0.042555015870606706,
      0.009635871696957787,
      0.011746289860666665,
      -7.81347479020998e-05,
      0.018993165353964482,
      0.020340304088161346,
      0.0025167976387599775,
      0.003579820363817667,
      -0.004105659843138374,
      -0.0022257959430564273
    ]
  }
}