{
  "meta": {
    "results_path": "kimina_bestof_cycle_lenpen001_128_20_temp08_merged_start1580_2220_rescored_cpu.json",
    "ks": [
      4,
      8,
      16,
      32,
      64
    ],
    "score_key": "length_penalized_score"
  },
  "summary": {
    "all": {
      "k_4": {
        "count": 630,
        "f1_avg": 0.7917270067078884,
        "typecheck_rate": 0.6587301587301587
      },
      "k_8": {
        "count": 630,
        "f1_avg": 0.8098135179808486,
        "typecheck_rate": 0.7031746031746032
      },
      "k_16": {
        "count": 628,
        "f1_avg": 0.8215889115176874,
        "typecheck_rate": 0.7292993630573248
      },
      "k_32": {
        "count": 596,
        "f1_avg": 0.8297055647900996,
        "typecheck_rate": 0.7785234899328859
      },
      "k_64": {
        "count": 510,
        "f1_avg": 0.8241359572935916,
        "typecheck_rate": 0.8019607843137255
      }
    },
    "tc_only": {
      "k_4": {
        "count": 620,
        "f1_avg": 0.8163594554798584,
        "typecheck_rate": 1.0
      },
      "k_8": {
        "count": 610,
        "f1_avg": 0.8265051015185833,
        "typecheck_rate": 1.0
      },
      "k_16": {
        "count": 580,
        "f1_avg": 0.8371766891899801,
        "typecheck_rate": 1.0
      },
      "k_32": {
        "count": 497,
        "f1_avg": 0.8398159206114539,
        "typecheck_rate": 1.0
      },
      "k_64": {
        "count": 299,
        "f1_avg": 0.8320689973486982,
        "typecheck_rate": 1.0
      }
    }
  }
}