{
  "meta": {
    "results_path": null,
    "train_results": "kimina_bestof_cycle_lenpen001_train_temp06_plus_temp08lt1100_forward_kimina7b.json",
    "test_results": "kimina_bestof_cycle_lenpen001_64_20_temp08_test_ge1100_forward_kimina7b.json",
    "folds": 5,
    "ridge": 0.001,
    "baseline_feature": true
  },
  "summary": {
    "count": 33,
    "baseline_f1_avg": 0.7589055605936174,
    "learned_f1_avg": 0.8198971839666106,
    "learned_tc_f1_avg": 0.8212506860682797,
    "learned_typecheck_rate": 0.9696969696969697,
    "learned_tc_typecheck_rate": 1.0,
    "learned_improve_rate": 0.6666666666666666,
    "learned_tc_improve_rate": 0.6666666666666666,
    "avg_weights": [
      0.709262678238747,
      0.009657150935277393,
      0.012385615344938941,
      0.059790379201142003,
      0.07347059099814901,
      -0.00029371387257036825,
      0.001168986026627884
    ]
  }
}