{
  "meta": {
    "results_paths": [
      "kimina_bestof_cycle_lenpen001_64_20_start1160_temp08_qwen1p5_rescored_cpu.json"
    ],
    "dedupe_id": false
  },
  "summary": {
    "count": 19,
    "all_consensus_f1_avg": 0.8164598842509845,
    "tc_consensus_f1_avg": 0.8121827949183874,
    "tc_better_rate": 0.10526315789473684,
    "diff_vs_tc_rate": 0.23030030464019138,
    "diff_vs_tc_count": -0.03397823993282215
  }
}