{
  "meta": {
    "results_paths": [
      "kimina_bestof_cycle_lenpen001_128_20_temp08_merged_start1580_2100_rescored_cpu.json"
    ],
    "feature": "tc_rate",
    "direction": "ge",
    "dedupe_id": false,
    "all_consensus_f1_avg": 0.834258064322955,
    "tc_consensus_f1_avg": 0.8388771140827725
  },
  "summary": {
    "threshold_0.333": {
      "count": 163,
      "chosen_f1_avg": 0.8378205861713202,
      "chosen_typecheck_rate": 0.8466257668711656
    }
  }
}