{
  "meta": {
    "results_path": "kimina_bestof_cycle_lenpen001_128_20_start1760_temp08_qwen1p5_rescored_cpu.json"
  },
  "summary": {
    "count": 18,
    "baseline_f1_avg": 0.7811755680099077,
    "consensus_f1_avg": 0.8434492384652734,
    "consensus_tc_f1_avg": 0.8239092842843934,
    "consensus_typecheck_rate": 0.7222222222222222,
    "consensus_tc_typecheck_rate": 1.0
  }
}