{
  "meta": {
    "results_path": "kimina_bestof_cycle_lenpen001_128_20_start1660_temp08_qwen1p5_rescored_cpu.json",
    "ks": [
      4,
      8,
      16,
      32,
      64
    ],
    "score_key": "cycle_score"
  },
  "summary": {
    "all": {
      "k_4": {
        "count": 19,
        "f1_avg": 0.797716772742848,
        "typecheck_rate": 0.5263157894736842
      },
      "k_8": {
        "count": 19,
        "f1_avg": 0.802233269955725,
        "typecheck_rate": 0.5789473684210527
      },
      "k_16": {
        "count": 19,
        "f1_avg": 0.814943868342851,
        "typecheck_rate": 0.6842105263157895
      },
      "k_32": {
        "count": 19,
        "f1_avg": 0.8223887880268373,
        "typecheck_rate": 0.7368421052631579
      },
      "k_64": {
        "count": 16,
        "f1_avg": 0.8313885971556841,
        "typecheck_rate": 0.8125
      }
    },
    "tc_only": {
      "k_4": {
        "count": 19,
        "f1_avg": 0.820008653343846,
        "typecheck_rate": 1.0
      },
      "k_8": {
        "count": 19,
        "f1_avg": 0.8162460031991984,
        "typecheck_rate": 1.0
      },
      "k_16": {
        "count": 17,
        "f1_avg": 0.8531831891537173,
        "typecheck_rate": 1.0
      },
      "k_32": {
        "count": 16,
        "f1_avg": 0.8549091768905884,
        "typecheck_rate": 1.0
      },
      "k_64": {
        "count": 9,
        "f1_avg": 0.8387810092832312,
        "typecheck_rate": 1.0
      }
    }
  }
}