{
  "meta": {
    "results_path": "kimina_bestof_cycle_lenpen001_64_20_start740_temp08_qwen1p5_rescored_cpu.json"
  },
  "summary": {
    "count": 18,
    "pearson_avg": 0.28308413379414216,
    "pearson_median": 0.29673707677526096,
    "spearman_avg": 0.2093635338672858,
    "spearman_median": 0.2723115819316707
  }
}