{
  "meta": {
    "results_paths": [
      "kimina_bestof_cycle_lenpen001_128_20_start1840_temp08_qwen1p5_rescored_cpu.json"
    ],
    "dedupe_id": false
  },
  "summary": {
    "count": 18,
    "baseline_f1_avg": 0.7587077526914113,
    "consensus_f1_avg": 0.8534387508439368,
    "oracle_f1_avg": 0.9516525266156006,
    "consensus_improve_rate": 0.7777777777777778,
    "correlations": {
      "improve_vs_count": 0.07843732509370001,
      "improve_vs_tc_rate": -0.2177580070179785,
      "improve_vs_pairwise": -0.24979179388961317,
      "improve_vs_pairwise_tc": -0.35717677919377655,
      "improve_vs_consensus_margin": -0.09819007026229165,
      "improve_vs_baseline_f1": -0.6525333148282695,
      "oracle_improve_vs_count": -0.01327114339793457,
      "oracle_improve_vs_pairwise": -0.7324326972911146
    }
  }
}