{
  "meta": {
    "results_path": "kimina_bestof_cycle_lenpen001_128_20_start1940_temp08_qwen1p5_rescored_cpu.json"
  },
  "summary": {
    "records": 20,
    "candidate_typecheck_rate": 0.6440982624325944,
    "tc_candidate_f1_avg": 0.7886087675855977,
    "non_tc_candidate_f1_avg": 0.6989455790588088,
    "max_tc_f1_avg": 0.9281277039603093,
    "max_non_tc_f1_avg": 0.8076933613594761,
    "records_with_tc": 20,
    "records_with_non_tc": 20,
    "records_with_both": 20
  }
}