{
  "meta": {
    "results_paths": [
      "kimina_bestof_cycle_lenpen001_128_20_start2240_temp08_qwen1p5_rescored_cpu.json"
    ],
    "feature": "tc_rate",
    "direction": "ge",
    "dedupe_id": false,
    "all_consensus_f1_avg": 0.878271278176903,
    "tc_consensus_f1_avg": 0.8815259061011291
  },
  "summary": {
    "threshold_0.32727272727272727": {
      "count": 20,
      "chosen_f1_avg": 0.8815259061011294,
      "chosen_typecheck_rate": 1.0
    },
    "threshold_0.415929203539823": {
      "count": 20,
      "chosen_f1_avg": 0.8791341123456583,
      "chosen_typecheck_rate": 0.95
    },
    "threshold_0.627906976744186": {
      "count": 20,
      "chosen_f1_avg": 0.8791341123456583,
      "chosen_typecheck_rate": 0.95
    },
    "threshold_0.725": {
      "count": 20,
      "chosen_f1_avg": 0.8791341123456583,
      "chosen_typecheck_rate": 0.95
    },
    "threshold_0.7475728155339806": {
      "count": 20,
      "chosen_f1_avg": 0.8791341123456583,
      "chosen_typecheck_rate": 0.95
    },
    "threshold_0.7974683544303798": {
      "count": 20,
      "chosen_f1_avg": 0.8799525647266107,
      "chosen_typecheck_rate": 0.9
    },
    "threshold_0.8260869565217391": {
      "count": 20,
      "chosen_f1_avg": 0.878271278176903,
      "chosen_typecheck_rate": 0.9
    },
    "threshold_0.875": {
      "count": 20,
      "chosen_f1_avg": 0.878271278176903,
      "chosen_typecheck_rate": 0.9
    },
    "threshold_0.9117647058823529": {
      "count": 20,
      "chosen_f1_avg": 0.878271278176903,
      "chosen_typecheck_rate": 0.9
    },
    "threshold_0.9590163934426229": {
      "count": 20,
      "chosen_f1_avg": 0.878271278176903,
      "chosen_typecheck_rate": 0.9
    },
    "threshold_1.0": {
      "count": 20,
      "chosen_f1_avg": 0.878271278176903,
      "chosen_typecheck_rate": 0.9
    }
  }
}