{
  "meta": {
    "results_path": "kimina_bestof_cycle_lenpen001_64_20_start780_temp08_qwen1p5_rescored_cpu.json"
  },
  "summary": {
    "records": 20,
    "candidate_typecheck_rate": 0.6645041705282669,
    "tc_candidate_f1_avg": 0.8023271253254044,
    "non_tc_candidate_f1_avg": 0.7146953877752277,
    "max_tc_f1_avg": 0.9053397359561963,
    "max_non_tc_f1_avg": 0.8630450346904573,
    "records_with_tc": 20,
    "records_with_non_tc": 19,
    "records_with_both": 19
  }
}