{
  "meta": {
    "results_path": "kimina_bestof_cycle_lenpen001_128_20_temp08_merged_start1580_2280_rescored.json",
    "train_results": null,
    "test_results": null,
    "folds": 5,
    "model": "ridge",
    "ridge": 0.001,
    "gbrt_estimators": 200,
    "gbrt_learning_rate": 0.05,
    "gbrt_depth": 3,
    "baseline_feature": false,
    "forward_feature": false,
    "embed_consensus": false,
    "context_interactions": false,
    "extra_candidate_features": true,
    "numeric_features": false,
    "nl_number_features": false,
    "nl_number_detail": false,
    "nl_number_missing_extra": false,
    "nl_number_missing_extra_ratio": false,
    "nl_number_missing_extra_signed": true,
    "embed_model_id": null,
    "embed_batch_size": null,
    "embed_max_length": null,
    "embed_device": null
  },
  "summary": {
    "count": 687,
    "baseline_f1_avg": 0.7782621332067704,
    "learned_f1_avg": 0.8435239666324013,
    "learned_tc_f1_avg": 0.8391281638416377,
    "learned_typecheck_rate": 0.9767103347889374,
    "learned_tc_typecheck_rate": 0.9956331877729258,
    "learned_improve_rate": 0.6491994177583698,
    "learned_tc_improve_rate": 0.6462882096069869,
    "feature_names": [
      "bias",
      "len_z",
      "cons_z",
      "typecheck",
      "lenpen_z",
      "cycle_rank",
      "len_rank",
      "cons_rank",
      "tc_cons_z",
      "tc_cons_rank",
      "nl_num_signed_delta_z"
    ],
    "avg_weights": [
      0.720039587148858,
      0.006223537787438922,
      0.05449669172990015,
      0.039115035774678765,
      0.011281852851602792,
      0.014852796667507153,
      -0.0027958470151656506,
      0.019841470298658202,
      0.022272821866872777,
      0.00279296357649522,
      0.002205532305712323
    ]
  }
}