{
  "meta": {
    "results_path": "kimina_bestof_cycle_lenpen001_temp08_merged_64_128_rescored.json",
    "train_results": null,
    "test_results": null,
    "folds": 5,
    "model": "ridge",
    "ridge": 0.001,
    "gbrt_estimators": 200,
    "gbrt_learning_rate": 0.05,
    "gbrt_depth": 3,
    "baseline_feature": false,
    "forward_feature": false,
    "embed_consensus": false,
    "context_interactions": false,
    "extra_candidate_features": true,
    "numeric_features": false,
    "nl_number_features": true,
    "embed_model_id": null,
    "embed_batch_size": null,
    "embed_max_length": null,
    "embed_device": null
  },
  "summary": {
    "count": 859,
    "baseline_f1_avg": 0.7740837768437162,
    "learned_f1_avg": 0.8410364121693245,
    "learned_tc_f1_avg": 0.8363817281759323,
    "learned_typecheck_rate": 0.9720605355064028,
    "learned_tc_typecheck_rate": 0.9953434225844005,
    "learned_improve_rate": 0.6519208381839348,
    "learned_tc_improve_rate": 0.6495925494761351,
    "feature_names": [
      "bias",
      "len_z",
      "cons_z",
      "typecheck",
      "lenpen_z",
      "cycle_rank",
      "len_rank",
      "cons_rank",
      "tc_cons_z",
      "tc_cons_rank",
      "nl_num_f1_z"
    ],
    "avg_weights": [
      0.7179549850883045,
      0.007299611017073765,
      0.05395959651142128,
      0.04255348934509039,
      0.00987244629453805,
      0.012167985267299253,
      -0.0009932234693927503,
      0.018866661145568335,
      0.0202951291015269,
      0.002316312180601224,
      0.008190732115113963
    ]
  }
}