{
  "meta": {
    "results_path": "kimina_bestof_cycle_lenpen001_128_20_start1840_temp08_qwen1p5_rescored_cpu.json",
    "train_results": null,
    "test_results": null,
    "folds": 5,
    "model": "ridge",
    "ridge": 0.001,
    "gbrt_estimators": 200,
    "gbrt_learning_rate": 0.05,
    "gbrt_depth": 3,
    "baseline_feature": false
  },
  "summary": {
    "count": 18,
    "baseline_f1_avg": 0.7587077526914114,
    "learned_f1_avg": 0.8474020201118537,
    "learned_tc_f1_avg": 0.8474020201118537,
    "learned_typecheck_rate": 1.0,
    "learned_tc_typecheck_rate": 1.0,
    "learned_improve_rate": 0.7777777777777778,
    "learned_tc_improve_rate": 0.7777777777777778,
    "avg_weights": [
      0.7327246182150585,
      0.014612382479906458,
      0.07306558890712712,
      0.056172406969802725
    ]
  }
}