{
  "meta": {
    "results_path": "kimina_bestof_cycle_lenpen001_64_20_start1280_temp08_qwen1p5_rescored_cpu.json"
  },
  "summary": {
    "count": 19,
    "pearson_avg": 0.20843855588334073,
    "pearson_median": 0.2964360071532492,
    "spearman_avg": 0.16387125918523662,
    "spearman_median": 0.16269784336399215
  }
}