{
  "meta": {
    "results_path": "kimina_bestof_cycle_lenpen001_128_20_start1720_temp08_qwen1p5_rescored_cpu.json",
    "ks": [
      4,
      8,
      16,
      32,
      64
    ],
    "score_key": "cycle_score"
  },
  "summary": {
    "all": {
      "k_4": {
        "count": 18,
        "f1_avg": 0.8066005876590682,
        "typecheck_rate": 0.5
      },
      "k_8": {
        "count": 18,
        "f1_avg": 0.8178590143924219,
        "typecheck_rate": 0.5555555555555556
      },
      "k_16": {
        "count": 18,
        "f1_avg": 0.8432800517314955,
        "typecheck_rate": 0.6666666666666666
      },
      "k_32": {
        "count": 18,
        "f1_avg": 0.8491906195101405,
        "typecheck_rate": 0.7777777777777778
      },
      "k_64": {
        "count": 14,
        "f1_avg": 0.8298400194223517,
        "typecheck_rate": 0.7142857142857143
      }
    },
    "tc_only": {
      "k_4": {
        "count": 18,
        "f1_avg": 0.8228070526566272,
        "typecheck_rate": 1.0
      },
      "k_8": {
        "count": 18,
        "f1_avg": 0.845378192453414,
        "typecheck_rate": 1.0
      },
      "k_16": {
        "count": 17,
        "f1_avg": 0.8584713119321064,
        "typecheck_rate": 1.0
      },
      "k_32": {
        "count": 13,
        "f1_avg": 0.8438354977085776,
        "typecheck_rate": 1.0
      },
      "k_64": {
        "count": 9,
        "f1_avg": 0.8331268443288979,
        "typecheck_rate": 1.0
      }
    }
  }
}