{
  "meta": {
    "results_paths": [
      "kimina_bestof_cycle_lenpen001_64_20_start1380_temp08_qwen1p5_rescored_cpu.json"
    ],
    "dedupe_id": false
  },
  "summary": {
    "count": 19,
    "all_consensus_f1_avg": 0.8322907904565601,
    "tc_consensus_f1_avg": 0.8197143121253645,
    "tc_better_rate": 0.10526315789473684,
    "diff_vs_tc_rate": 0.41602658249174856,
    "diff_vs_tc_count": 0.3028938147225531
  }
}