{
  "meta": {
    "results_path": "kimina_bestof_cycle_lenpen001_128_20_temp08_merged_start1580_2120_rescored_cpu.json",
    "ks": [
      4,
      8,
      16,
      32,
      64
    ],
    "score_key": "cycle_score"
  },
  "summary": {
    "all": {
      "k_4": {
        "count": 182,
        "f1_avg": 0.7849180606560573,
        "typecheck_rate": 0.5989010989010989
      },
      "k_8": {
        "count": 182,
        "f1_avg": 0.8097533991697352,
        "typecheck_rate": 0.6868131868131868
      },
      "k_16": {
        "count": 182,
        "f1_avg": 0.8205913468124988,
        "typecheck_rate": 0.6923076923076923
      },
      "k_32": {
        "count": 175,
        "f1_avg": 0.8248746426828771,
        "typecheck_rate": 0.7485714285714286
      },
      "k_64": {
        "count": 156,
        "f1_avg": 0.8239556805862068,
        "typecheck_rate": 0.7435897435897436
      }
    },
    "tc_only": {
      "k_4": {
        "count": 178,
        "f1_avg": 0.8084946695740736,
        "typecheck_rate": 1.0
      },
      "k_8": {
        "count": 174,
        "f1_avg": 0.820041374004348,
        "typecheck_rate": 1.0
      },
      "k_16": {
        "count": 162,
        "f1_avg": 0.8412401567967339,
        "typecheck_rate": 1.0
      },
      "k_32": {
        "count": 135,
        "f1_avg": 0.8474101680304107,
        "typecheck_rate": 1.0
      },
      "k_64": {
        "count": 85,
        "f1_avg": 0.8438093016949407,
        "typecheck_rate": 1.0
      }
    }
  }
}