{
  "meta": {
    "results_path": "kimina_bestof_cycle_lenpen001_64_20_start780_temp08_qwen1p5_rescored_cpu.json"
  },
  "summary": {
    "count": 20,
    "pearson_avg": 0.1939089163967827,
    "pearson_median": 0.15820380295237874,
    "spearman_avg": 0.10513643866552533,
    "spearman_median": 0.11624716037135477
  }
}