{
  "meta": {
    "results_path": "kimina_bestof_cycle_lenpen001_64_20_start1220_temp08_qwen1p5_rescored_cpu.json"
  },
  "summary": {
    "count": 19,
    "baseline_f1_avg": 0.7517091774631831,
    "consensus_f1_avg": 0.8017290384487971,
    "consensus_tc_f1_avg": 0.8047669711858553,
    "consensus_typecheck_rate": 0.7368421052631579,
    "consensus_tc_typecheck_rate": 0.9473684210526315
  }
}