{
  "meta": {
    "results_path": "kimina_bestof_cycle_lenpen001_64_20_start1080_temp08_qwen1p5_rescored_cpu.json",
    "ks": [
      4,
      8,
      16,
      32,
      64
    ],
    "trials": 30,
    "seed": 0
  },
  "summary": {
    "all": {
      "k_4": {
        "count": 570,
        "f1_avg": 0.8079576965826482,
        "typecheck_rate": 0.9035087719298246
      },
      "k_8": {
        "count": 570,
        "f1_avg": 0.8131734402853551,
        "typecheck_rate": 0.9122807017543859
      },
      "k_16": {
        "count": 540,
        "f1_avg": 0.8310904730587116,
        "typecheck_rate": 0.9259259259259259
      },
      "k_32": {
        "count": 450,
        "f1_avg": 0.8138093886237855,
        "typecheck_rate": 0.8955555555555555
      },
      "k_64": {
        "count": 30,
        "f1_avg": 0.755742296918768,
        "typecheck_rate": 1.0
      }
    },
    "tc_only": {
      "k_4": {
        "count": 570,
        "f1_avg": 0.8080500003268644,
        "typecheck_rate": 1.0
      },
      "k_8": {
        "count": 570,
        "f1_avg": 0.815889016040124,
        "typecheck_rate": 1.0
      },
      "k_16": {
        "count": 540,
        "f1_avg": 0.8360601890525831,
        "typecheck_rate": 1.0
      },
      "k_32": {
        "count": 390,
        "f1_avg": 0.7977729413520356,
        "typecheck_rate": 1.0
      },
      "k_64": {
        "count": 0,
        "f1_avg": 0.0,
        "typecheck_rate": 0.0
      }
    }
  }
}