{
  "meta": {
    "results_paths": [
      "kimina_bestof_cycle_lenpen001_64_20_start760_temp08_qwen1p5_rescored_cpu.json"
    ],
    "dedupe_id": false
  },
  "summary": {
    "count": 17,
    "all_consensus_f1_avg": 0.794016147564086,
    "tc_consensus_f1_avg": 0.766114720607629,
    "tc_better_rate": 0.11764705882352941,
    "diff_vs_tc_rate": 0.6796687446274393,
    "diff_vs_tc_count": 0.5911833044476557
  }
}