{
  "meta": {
    "results_path": "kimina_bestof_cycle_lenpen001_128_20_temp08_merged_start1580_2280_rescored.json",
    "train_results": null,
    "test_results": null,
    "folds": 5,
    "model": "ridge",
    "ridge": 0.001,
    "gbrt_estimators": 200,
    "gbrt_learning_rate": 0.05,
    "gbrt_depth": 3,
    "baseline_feature": false,
    "forward_feature": false,
    "embed_consensus": false,
    "context_interactions": false,
    "extra_candidate_features": true,
    "numeric_features": false,
    "nl_number_features": false,
    "nl_number_detail": false,
    "nl_number_missing_extra": true,
    "embed_model_id": null,
    "embed_batch_size": null,
    "embed_max_length": null,
    "embed_device": null
  },
  "summary": {
    "count": 687,
    "baseline_f1_avg": 0.7782621332067704,
    "learned_f1_avg": 0.8444772478117752,
    "learned_tc_f1_avg": 0.8397344531098796,
    "learned_typecheck_rate": 0.975254730713246,
    "learned_tc_typecheck_rate": 0.9956331877729258,
    "learned_improve_rate": 0.6462882096069869,
    "learned_tc_improve_rate": 0.6433770014556041,
    "feature_names": [
      "bias",
      "len_z",
      "cons_z",
      "typecheck",
      "lenpen_z",
      "cycle_rank",
      "len_rank",
      "cons_rank",
      "tc_cons_z",
      "tc_cons_rank",
      "nl_num_missing_z",
      "nl_num_extra_z"
    ],
    "avg_weights": [
      0.7224211055548474,
      0.0065776034721225455,
      0.053280441307203885,
      0.03914197047612289,
      0.009700874043549332,
      0.012393014075306599,
      -0.002052648916106765,
      0.018348678080668722,
      0.021434967810983738,
      0.0012032761609593406,
      -0.0069617903619157515,
      -0.0029018486629718387
    ]
  }
}