{
  "meta": {
    "results_path": "kimina_bestof_cycle_lenpen001_128_20_start1760_temp08_qwen1p5_rescored_cpu.json",
    "ks": [
      4,
      8,
      16,
      32,
      64
    ],
    "trials": 30,
    "seed": 0
  },
  "summary": {
    "all": {
      "k_4": {
        "count": 540,
        "f1_avg": 0.8007748990929987,
        "typecheck_rate": 0.6481481481481481
      },
      "k_8": {
        "count": 540,
        "f1_avg": 0.8130380900382121,
        "typecheck_rate": 0.6944444444444444
      },
      "k_16": {
        "count": 540,
        "f1_avg": 0.8241285754905731,
        "typecheck_rate": 0.7129629629629629
      },
      "k_32": {
        "count": 540,
        "f1_avg": 0.8275216624934585,
        "typecheck_rate": 0.6981481481481482
      },
      "k_64": {
        "count": 480,
        "f1_avg": 0.8168921908813312,
        "typecheck_rate": 0.68125
      }
    },
    "tc_only": {
      "k_4": {
        "count": 540,
        "f1_avg": 0.8021578618538535,
        "typecheck_rate": 1.0
      },
      "k_8": {
        "count": 540,
        "f1_avg": 0.8168669055158138,
        "typecheck_rate": 1.0
      },
      "k_16": {
        "count": 510,
        "f1_avg": 0.8163208622272127,
        "typecheck_rate": 1.0
      },
      "k_32": {
        "count": 390,
        "f1_avg": 0.818350183461683,
        "typecheck_rate": 1.0
      },
      "k_64": {
        "count": 240,
        "f1_avg": 0.8262503168153056,
        "typecheck_rate": 1.0
      }
    }
  }
}