{
  "meta": {
    "results_path": "kimina_bestof_cycle_lenpen001_128_20_temp08_merged_start1580_2280_rescored.json",
    "train_results": null,
    "test_results": null,
    "folds": 5,
    "model": "ridge",
    "ridge": 0.001,
    "gbrt_estimators": 200,
    "gbrt_learning_rate": 0.05,
    "gbrt_depth": 3,
    "baseline_feature": false,
    "forward_feature": false,
    "embed_consensus": true,
    "embed_model_id": "sentence-transformers/all-MiniLM-L6-v2",
    "embed_batch_size": 64,
    "embed_max_length": 256,
    "embed_device": null
  },
  "summary": {
    "count": 687,
    "baseline_f1_avg": 0.7782621332067704,
    "learned_f1_avg": 0.8405365090472702,
    "learned_tc_f1_avg": 0.8388353859808829,
    "learned_typecheck_rate": 0.9577874818049491,
    "learned_tc_typecheck_rate": 0.9956331877729258,
    "learned_improve_rate": 0.6375545851528385,
    "learned_tc_improve_rate": 0.6390101892285298,
    "avg_weights": [
      0.7362314053216592,
      0.006623373912465214,
      0.007547081791025869,
      0.0667271513850705,
      0.005435051798988308,
      0.040843130852108576
    ]
  }
}