{
  "meta": {
    "results_paths": [
      "kimina_bestof_cycle_lenpen001_64_20_start1420_temp08_qwen1p5_rescored_cpu.json"
    ],
    "dedupe_id": false
  },
  "summary": {
    "count": 19,
    "all_consensus_f1_avg": 0.8746195993874579,
    "tc_consensus_f1_avg": 0.8842873784635382,
    "tc_better_rate": 0.15789473684210525,
    "diff_vs_tc_rate": -0.5384159033225114,
    "diff_vs_tc_count": -0.5569763654983579
  }
}