{
  "meta": {
    "results_paths": [
      "kimina_bestof_cycle_lenpen001_128_20_temp08_merged_start1580_2260_rescored_cpu.json"
    ],
    "feature": "tc_count",
    "direction": "ge",
    "dedupe_id": false,
    "all_consensus_f1_avg": 0.8354716107569197,
    "tc_consensus_f1_avg": 0.8350599926671755
  },
  "summary": {
    "threshold_0.0": {
      "count": 668,
      "chosen_f1_avg": 0.8350599926671766,
      "chosen_typecheck_rate": 0.9955089820359282
    },
    "threshold_19.0": {
      "count": 668,
      "chosen_f1_avg": 0.8369090401803564,
      "chosen_typecheck_rate": 0.9266467065868264
    },
    "threshold_30.0": {
      "count": 668,
      "chosen_f1_avg": 0.8364534803742157,
      "chosen_typecheck_rate": 0.8877245508982036
    },
    "threshold_41.0": {
      "count": 668,
      "chosen_f1_avg": 0.8354245806010722,
      "chosen_typecheck_rate": 0.8667664670658682
    },
    "threshold_50.0": {
      "count": 668,
      "chosen_f1_avg": 0.8346157595611534,
      "chosen_typecheck_rate": 0.844311377245509
    },
    "threshold_61.0": {
      "count": 668,
      "chosen_f1_avg": 0.8350280670502038,
      "chosen_typecheck_rate": 0.8383233532934131
    },
    "threshold_70.0": {
      "count": 668,
      "chosen_f1_avg": 0.8348536085538748,
      "chosen_typecheck_rate": 0.8353293413173652
    },
    "threshold_81.0": {
      "count": 668,
      "chosen_f1_avg": 0.8349158986578111,
      "chosen_typecheck_rate": 0.8263473053892215
    },
    "threshold_91.0": {
      "count": 668,
      "chosen_f1_avg": 0.8347174840685864,
      "chosen_typecheck_rate": 0.8263473053892215
    },
    "threshold_105.0": {
      "count": 668,
      "chosen_f1_avg": 0.8350671483692599,
      "chosen_typecheck_rate": 0.8263473053892215
    },
    "threshold_127.0": {
      "count": 668,
      "chosen_f1_avg": 0.8354716107569204,
      "chosen_typecheck_rate": 0.8263473053892215
    }
  }
}