{
  "meta": {
    "results_path": "kimina_bestof_cycle_lenpen001_64_20_start1480_temp08_qwen1p5_rescored_cpu.json",
    "train_results": null,
    "test_results": null,
    "folds": 5,
    "ridge": 0.001,
    "baseline_feature": false
  },
  "summary": {
    "count": 19,
    "baseline_f1_avg": 0.7754144595020375,
    "learned_f1_avg": 0.8066874567507678,
    "learned_tc_f1_avg": 0.8066874567507678,
    "learned_typecheck_rate": 1.0,
    "learned_tc_typecheck_rate": 1.0,
    "learned_improve_rate": 0.5263157894736842,
    "learned_tc_improve_rate": 0.5263157894736842,
    "avg_weights": [
      0.6786726521935547,
      0.003192685542331896,
      0.00731511803642846,
      0.06923714803936512,
      0.07783250724435287
    ]
  }
}