{
  "meta": {
    "results_path": "kimina_bestof_cycle_lenpen001_128_20_start1640_temp08_qwen1p5_rescored_cpu.json"
  },
  "summary": {
    "alpha_0.0": {
      "count": 20,
      "all_f1_avg": 0.7465601336518592,
      "all_typecheck_rate": 0.5,
      "tc_f1_avg": 0.7992106984876056,
      "tc_typecheck_rate": 1.0
    },
    "alpha_0.001": {
      "count": 20,
      "all_f1_avg": 0.7380232749398768,
      "all_typecheck_rate": 0.45,
      "tc_f1_avg": 0.8076489076891736,
      "tc_typecheck_rate": 1.0
    },
    "alpha_0.002": {
      "count": 20,
      "all_f1_avg": 0.7143210324267122,
      "all_typecheck_rate": 0.45,
      "tc_f1_avg": 0.8059228565961508,
      "tc_typecheck_rate": 1.0
    },
    "alpha_0.005": {
      "count": 20,
      "all_f1_avg": 0.6721753428705461,
      "all_typecheck_rate": 0.5,
      "tc_f1_avg": 0.7689795085230173,
      "tc_typecheck_rate": 1.0
    },
    "alpha_0.01": {
      "count": 20,
      "all_f1_avg": 0.6829387436009854,
      "all_typecheck_rate": 0.5,
      "tc_f1_avg": 0.7763935721874794,
      "tc_typecheck_rate": 1.0
    },
    "alpha_0.02": {
      "count": 20,
      "all_f1_avg": 0.6279712222106494,
      "all_typecheck_rate": 0.55,
      "tc_f1_avg": 0.7036052470876276,
      "tc_typecheck_rate": 1.0
    }
  }
}