{
  "meta": {
    "results_paths": [
      "kimina_bestof_cycle_lenpen001_128_20_start1800_temp08_qwen1p5_rescored_cpu.json"
    ],
    "feature": "tc_rate",
    "direction": "ge",
    "dedupe_id": false,
    "all_consensus_f1_avg": 0.8595693283598502,
    "tc_consensus_f1_avg": 0.8719829205148216
  },
  "summary": {
    "threshold_0.125": {
      "count": 19,
      "chosen_f1_avg": 0.8719829205148217,
      "chosen_typecheck_rate": 1.0
    },
    "threshold_0.5968992248062015": {
      "count": 19,
      "chosen_f1_avg": 0.8595693283598503,
      "chosen_typecheck_rate": 0.8947368421052632
    },
    "threshold_0.6979166666666666": {
      "count": 19,
      "chosen_f1_avg": 0.8595693283598503,
      "chosen_typecheck_rate": 0.8947368421052632
    },
    "threshold_0.75": {
      "count": 19,
      "chosen_f1_avg": 0.8595693283598503,
      "chosen_typecheck_rate": 0.8947368421052632
    },
    "threshold_0.8347107438016529": {
      "count": 19,
      "chosen_f1_avg": 0.8595693283598503,
      "chosen_typecheck_rate": 0.8947368421052632
    },
    "threshold_0.8611111111111112": {
      "count": 19,
      "chosen_f1_avg": 0.8595693283598503,
      "chosen_typecheck_rate": 0.8947368421052632
    },
    "threshold_0.9042553191489362": {
      "count": 19,
      "chosen_f1_avg": 0.8595693283598503,
      "chosen_typecheck_rate": 0.8947368421052632
    },
    "threshold_0.9333333333333333": {
      "count": 19,
      "chosen_f1_avg": 0.8595693283598503,
      "chosen_typecheck_rate": 0.8947368421052632
    },
    "threshold_0.9466666666666667": {
      "count": 19,
      "chosen_f1_avg": 0.8595693283598503,
      "chosen_typecheck_rate": 0.8947368421052632
    },
    "threshold_0.9553571428571429": {
      "count": 19,
      "chosen_f1_avg": 0.8595693283598503,
      "chosen_typecheck_rate": 0.8947368421052632
    },
    "threshold_0.984375": {
      "count": 19,
      "chosen_f1_avg": 0.8595693283598503,
      "chosen_typecheck_rate": 0.8947368421052632
    }
  }
}