{
  "meta": {
    "results_paths": [
      "kimina_bestof_cycle_lenpen001_128_20_start1660_temp08_qwen1p5_rescored_cpu.json"
    ],
    "feature": "tc_rate",
    "direction": "ge",
    "dedupe_id": false,
    "all_consensus_f1_avg": 0.8390192354797825,
    "tc_consensus_f1_avg": 0.8654524458071686
  },
  "summary": {
    "threshold_0.10483870967741936": {
      "count": 19,
      "chosen_f1_avg": 0.8654524458071686,
      "chosen_typecheck_rate": 1.0
    },
    "threshold_0.25": {
      "count": 19,
      "chosen_f1_avg": 0.8557259414527179,
      "chosen_typecheck_rate": 0.8947368421052632
    },
    "threshold_0.3150684931506849": {
      "count": 19,
      "chosen_f1_avg": 0.85498104213372,
      "chosen_typecheck_rate": 0.8421052631578947
    },
    "threshold_0.4453125": {
      "count": 19,
      "chosen_f1_avg": 0.8492394153394616,
      "chosen_typecheck_rate": 0.8421052631578947
    },
    "threshold_0.5826086956521739": {
      "count": 19,
      "chosen_f1_avg": 0.8487189754838415,
      "chosen_typecheck_rate": 0.8421052631578947
    },
    "threshold_0.7192982456140351": {
      "count": 19,
      "chosen_f1_avg": 0.843081874151018,
      "chosen_typecheck_rate": 0.8421052631578947
    },
    "threshold_0.7235772357723578": {
      "count": 19,
      "chosen_f1_avg": 0.8385272182805726,
      "chosen_typecheck_rate": 0.8421052631578947
    },
    "threshold_0.9196428571428571": {
      "count": 19,
      "chosen_f1_avg": 0.8385272182805726,
      "chosen_typecheck_rate": 0.8421052631578947
    },
    "threshold_0.927710843373494": {
      "count": 19,
      "chosen_f1_avg": 0.8385272182805726,
      "chosen_typecheck_rate": 0.8421052631578947
    },
    "threshold_0.9583333333333334": {
      "count": 19,
      "chosen_f1_avg": 0.8390192354797826,
      "chosen_typecheck_rate": 0.8421052631578947
    },
    "threshold_0.9863013698630136": {
      "count": 19,
      "chosen_f1_avg": 0.8390192354797826,
      "chosen_typecheck_rate": 0.8421052631578947
    }
  }
}