{
  "meta": {
    "results_paths": [
      "kimina_bestof_cycle_lenpen001_128_20_start1580_temp08_qwen1p5_rescored_cpu.json",
      "kimina_bestof_cycle_lenpen001_128_20_start1600_temp08_qwen1p5_rescored_cpu.json",
      "kimina_bestof_cycle_lenpen001_128_20_start1620_temp08_qwen1p5_rescored_cpu.json",
      "kimina_bestof_cycle_lenpen001_128_20_start1640_temp08_qwen1p5_rescored_cpu.json",
      "kimina_bestof_cycle_lenpen001_128_20_start1660_temp08_qwen1p5_rescored_cpu.json",
      "kimina_bestof_cycle_lenpen001_128_20_start1680_temp08_qwen1p5_rescored_cpu.json",
      "kimina_bestof_cycle_lenpen001_128_20_start1700_temp08_qwen1p5_rescored_cpu.json",
      "kimina_bestof_cycle_lenpen001_128_20_start1720_temp08_qwen1p5_rescored_cpu.json",
      "kimina_bestof_cycle_lenpen001_128_20_start1740_temp08_qwen1p5_rescored_cpu.json",
      "kimina_bestof_cycle_lenpen001_128_20_start1760_temp08_qwen1p5_rescored_cpu.json",
      "kimina_bestof_cycle_lenpen001_128_20_start1780_temp08_qwen1p5_rescored_cpu.json",
      "kimina_bestof_cycle_lenpen001_128_20_start1800_temp08_qwen1p5_rescored_cpu.json",
      "kimina_bestof_cycle_lenpen001_128_20_start1820_temp08_qwen1p5_rescored_cpu.json",
      "kimina_bestof_cycle_lenpen001_128_20_start1840_temp08_qwen1p5_rescored_cpu.json"
    ],
    "dedupe_id": true
  },
  "summary": {
    "count": 126,
    "baseline_f1_avg": 0.7715192744970553,
    "consensus_f1_avg": 0.8383913343613735,
    "oracle_f1_avg": 0.9359962872080142,
    "consensus_improve_rate": 0.626984126984127,
    "correlations": {
      "improve_vs_count": 0.09871452470206099,
      "improve_vs_tc_rate": -0.2018643005618268,
      "improve_vs_pairwise": -0.2878213620856011,
      "improve_vs_pairwise_tc": -0.2298017225103617,
      "improve_vs_consensus_margin": -5.6372916425973656e-05,
      "improve_vs_baseline_f1": -0.6835126041126609,
      "oracle_improve_vs_count": 0.10812690478683261,
      "oracle_improve_vs_pairwise": -0.5469752014915668
    }
  }
}