{
  "meta": {
    "results_paths": [
      "kimina_bestof_cycle_lenpen001_64_20_temp08_merged_start740_1460_rescored_cpu.json"
    ],
    "feature": "tc_rate",
    "direction": "ge",
    "dedupe_id": false,
    "all_consensus_f1_avg": 0.8223287408071902,
    "tc_consensus_f1_avg": 0.8223773514840438
  },
  "summary": {
    "threshold_0.0": {
      "count": 172,
      "chosen_f1_avg": 0.8223773514840435,
      "chosen_typecheck_rate": 0.9941860465116279
    },
    "threshold_0.15151515151515152": {
      "count": 172,
      "chosen_f1_avg": 0.8265072576612659,
      "chosen_typecheck_rate": 0.9127906976744186
    },
    "threshold_0.3333333333333333": {
      "count": 172,
      "chosen_f1_avg": 0.8266806713249242,
      "chosen_typecheck_rate": 0.8372093023255814
    },
    "threshold_0.45161290322580644": {
      "count": 172,
      "chosen_f1_avg": 0.8253655719937865,
      "chosen_typecheck_rate": 0.8023255813953488
    },
    "threshold_0.6229508196721312": {
      "count": 172,
      "chosen_f1_avg": 0.8238858156207108,
      "chosen_typecheck_rate": 0.7790697674418605
    },
    "threshold_0.6935483870967742": {
      "count": 172,
      "chosen_f1_avg": 0.8232498381116587,
      "chosen_typecheck_rate": 0.7790697674418605
    },
    "threshold_0.782608695652174": {
      "count": 172,
      "chosen_f1_avg": 0.8233087733408193,
      "chosen_typecheck_rate": 0.7674418604651163
    },
    "threshold_0.8545454545454545": {
      "count": 172,
      "chosen_f1_avg": 0.8221664913253504,
      "chosen_typecheck_rate": 0.7558139534883721
    },
    "threshold_0.9166666666666666": {
      "count": 172,
      "chosen_f1_avg": 0.821881493605332,
      "chosen_typecheck_rate": 0.7558139534883721
    },
    "threshold_0.9682539682539683": {
      "count": 172,
      "chosen_f1_avg": 0.82232874080719,
      "chosen_typecheck_rate": 0.7558139534883721
    },
    "threshold_1.0": {
      "count": 172,
      "chosen_f1_avg": 0.82232874080719,
      "chosen_typecheck_rate": 0.7558139534883721
    }
  }
}