{
  "meta": {
    "results_paths": [
      "kimina_bestof_cycle_lenpen001_128_20_temp08_merged_start1580_2000_rescored_cpu.json"
    ],
    "feature": "tc_rate",
    "direction": "ge",
    "dedupe_id": false,
    "all_consensus_f1_avg": 0.8331422099459749,
    "tc_consensus_f1_avg": 0.8387019255291753
  },
  "summary": {
    "threshold_0.333": {
      "count": 152,
      "chosen_f1_avg": 0.8392207802996271,
      "chosen_typecheck_rate": 0.8618421052631579
    }
  }
}