{
  "meta": {
    "results_path": "kimina_bestof_cycle_lenpen001_128_20_start2240_temp08_qwen1p5_rescored_cpu.json"
  },
  "summary": {
    "records": 20,
    "candidate_typecheck_rate": 0.7271634615384616,
    "tc_candidate_f1_avg": 0.8166962526028408,
    "non_tc_candidate_f1_avg": 0.7733192046871176,
    "max_tc_f1_avg": 0.9315606013700561,
    "max_non_tc_f1_avg": 0.8725807152001104,
    "records_with_tc": 20,
    "records_with_non_tc": 19,
    "records_with_both": 19
  }
}