{
  "meta": {
    "results_path": null,
    "train_results": "kimina_bestof_cycle_lenpen001_64_20_temp08_train_lt1100_forward_kimina7b.json",
    "test_results": "kimina_bestof_cycle_lenpen001_64_20_temp08_test_ge1100_forward_kimina7b.json",
    "folds": 5,
    "ridge": 0.001,
    "baseline_feature": false
  },
  "summary": {
    "count": 33,
    "baseline_f1_avg": 0.7589055605936174,
    "learned_f1_avg": 0.8230357482594811,
    "learned_tc_f1_avg": 0.8243892503611502,
    "learned_typecheck_rate": 0.9696969696969697,
    "learned_tc_typecheck_rate": 1.0,
    "learned_improve_rate": 0.6666666666666666,
    "learned_tc_improve_rate": 0.6666666666666666,
    "avg_weights": [
      0.709122138588363,
      0.008745785026316436,
      0.013499672593190622,
      0.065145463033585,
      0.06824860305561553,
      2.756650946532156e-05
    ]
  }
}