{
  "meta": {
    "results_paths": [
      "kimina_bestof_cycle_lenpen001_128_20_start2140_temp08_qwen1p5_rescored_cpu.json"
    ],
    "dedupe_id": false
  },
  "summary": {
    "count": 19,
    "all_consensus_f1_avg": 0.8031629799284533,
    "tc_consensus_f1_avg": 0.7989002539949613,
    "tc_better_rate": 0.05555555555555555,
    "diff_vs_tc_rate": -0.12211694063344512,
    "diff_vs_tc_count": -0.22568817502855013
  }
}