{
  "meta": {
    "results_path": "kimina_bestof_cycle_lenpen001_temp08_merged_64_128_rescored.json",
    "train_results": null,
    "test_results": null,
    "folds": 5,
    "model": "ridge",
    "ridge": 0.001,
    "gbrt_estimators": 200,
    "gbrt_learning_rate": 0.05,
    "gbrt_depth": 3,
    "baseline_feature": false,
    "forward_feature": false,
    "embed_consensus": false,
    "context_interactions": false,
    "extra_candidate_features": true,
    "numeric_features": true,
    "embed_model_id": null,
    "embed_batch_size": null,
    "embed_max_length": null,
    "embed_device": null
  },
  "summary": {
    "count": 859,
    "baseline_f1_avg": 0.7740837768437162,
    "learned_f1_avg": 0.8388754502039019,
    "learned_tc_f1_avg": 0.8348058238590587,
    "learned_typecheck_rate": 0.9674039580908033,
    "learned_tc_typecheck_rate": 0.9953434225844005,
    "learned_improve_rate": 0.6449359720605355,
    "learned_tc_improve_rate": 0.6449359720605355,
    "feature_names": [
      "bias",
      "len_z",
      "cons_z",
      "typecheck",
      "lenpen_z",
      "cycle_rank",
      "len_rank",
      "cons_rank",
      "tc_cons_z",
      "tc_cons_rank",
      "num_count_z",
      "num_ratio_z"
    ],
    "avg_weights": [
      0.7265348433232435,
      -0.005311471384655785,
      0.04767956042486525,
      0.04366061902815842,
      0.01079471900465457,
      0.011858676782952195,
      -0.0069621406648833605,
      0.007792145649066699,
      0.020631111756850395,
      0.0010460961181407615,
      0.012128359867691434,
      -0.016090874461867615
    ]
  }
}