{
  "meta": {
    "results_paths": [
      "kimina_bestof_cycle_lenpen001_64_20_start1480_temp08_qwen1p5_rescored_cpu.json"
    ],
    "dedupe_id": false
  },
  "summary": {
    "count": 19,
    "all_consensus_f1_avg": 0.8082634101492694,
    "tc_consensus_f1_avg": 0.7986981277844907,
    "tc_better_rate": 0.10526315789473684,
    "diff_vs_tc_rate": 0.19740720449562146,
    "diff_vs_tc_count": 0.11014381474434566
  }
}