{
  "meta": {
    "results_path": "kimina_bestof_cycle_lenpen001_64_20_start1560_temp08_qwen1p5_rescored_cpu.json",
    "ks": [
      4,
      8,
      16,
      32,
      64
    ],
    "trials": 30,
    "seed": 0
  },
  "summary": {
    "all": {
      "k_4": {
        "count": 510,
        "f1_avg": 0.8192300244357188,
        "typecheck_rate": 0.8529411764705882
      },
      "k_8": {
        "count": 510,
        "f1_avg": 0.8245617877014899,
        "typecheck_rate": 0.8823529411764706
      },
      "k_16": {
        "count": 510,
        "f1_avg": 0.8306349835133675,
        "typecheck_rate": 0.9
      },
      "k_32": {
        "count": 450,
        "f1_avg": 0.8170028721499486,
        "typecheck_rate": 0.88
      },
      "k_64": {
        "count": 120,
        "f1_avg": 0.7868291093201718,
        "typecheck_rate": 0.75
      }
    },
    "tc_only": {
      "k_4": {
        "count": 510,
        "f1_avg": 0.8167226364439868,
        "typecheck_rate": 1.0
      },
      "k_8": {
        "count": 510,
        "f1_avg": 0.8229322662301494,
        "typecheck_rate": 1.0
      },
      "k_16": {
        "count": 480,
        "f1_avg": 0.8353764716390403,
        "typecheck_rate": 1.0
      },
      "k_32": {
        "count": 390,
        "f1_avg": 0.8493111350577277,
        "typecheck_rate": 1.0
      },
      "k_64": {
        "count": 0,
        "f1_avg": 0.0,
        "typecheck_rate": 0.0
      }
    }
  }
}