{
  "meta": {
    "results_path": "kimina_bestof_cycle_lenpen001_64_20_start1200_temp08_qwen1p5_rescored_cpu.json"
  },
  "summary": {
    "records": 20,
    "candidate_typecheck_rate": 0.6920762286860582,
    "tc_candidate_f1_avg": 0.8141539836241577,
    "non_tc_candidate_f1_avg": 0.7125846246808798,
    "max_tc_f1_avg": 0.9292215310269363,
    "max_non_tc_f1_avg": 0.8245811094143556,
    "records_with_tc": 20,
    "records_with_non_tc": 18,
    "records_with_both": 18
  }
}