{
  "meta": {
    "results_path": "kimina_bestof_cycle_lenpen001_64_20_start1440_temp08_qwen1p5_rescored_cpu.json"
  },
  "summary": {
    "records": 18,
    "candidate_typecheck_rate": 0.5702891326021934,
    "tc_candidate_f1_avg": 0.78383247038913,
    "non_tc_candidate_f1_avg": 0.683439714672529,
    "max_tc_f1_avg": 0.8579756015919102,
    "max_non_tc_f1_avg": 0.8529122115820312,
    "records_with_tc": 18,
    "records_with_non_tc": 18,
    "records_with_both": 18
  }
}