{
  "meta": {
    "results_path": "kimina_bestof_cycle_lenpen001_temp08_merged_64_128_rescored.json",
    "mask_identifiers": "all",
    "min_len": 2,
    "eval_tokenizer": "standard"
  },
  "summary": {
    "count": 859,
    "baseline_f1_avg": 0.7740837768437153,
    "consensus_f1_avg": 0.8284992896442088,
    "consensus_tc_f1_avg": 0.8277964547991762,
    "consensus_typecheck_rate": 0.8044237485448196,
    "consensus_tc_typecheck_rate": 0.9953434225844005
  }
}