{
  "meta": {
    "results_path": "kimina_bestof_cycle_lenpen001_64_20_start960_temp08_qwen1p5_rescored_cpu.json"
  },
  "summary": {
    "alpha_0.0_beta_0.0": {
      "count": 17,
      "all_f1_avg": 0.6859848561569685,
      "all_typecheck_rate": 0.6470588235294118,
      "tc_f1_avg": 0.7298760780082323,
      "tc_typecheck_rate": 1.0
    },
    "alpha_0.0_beta_0.5": {
      "count": 17,
      "all_f1_avg": 0.7857422894877049,
      "all_typecheck_rate": 0.7058823529411765,
      "tc_f1_avg": 0.8072606376625393,
      "tc_typecheck_rate": 1.0
    },
    "alpha_0.0_beta_1.0": {
      "count": 17,
      "all_f1_avg": 0.795338625892599,
      "all_typecheck_rate": 0.7647058823529411,
      "tc_f1_avg": 0.8070745995791766,
      "tc_typecheck_rate": 1.0
    },
    "alpha_0.0_beta_2.0": {
      "count": 17,
      "all_f1_avg": 0.8149489450788526,
      "all_typecheck_rate": 0.7647058823529411,
      "tc_f1_avg": 0.8315595184290325,
      "tc_typecheck_rate": 1.0
    },
    "alpha_0.0_beta_3.0": {
      "count": 17,
      "all_f1_avg": 0.829943657557763,
      "all_typecheck_rate": 0.8235294117647058,
      "tc_f1_avg": 0.8386556676735697,
      "tc_typecheck_rate": 1.0
    },
    "alpha_0.001_beta_0.0": {
      "count": 17,
      "all_f1_avg": 0.6825799984978022,
      "all_typecheck_rate": 0.5882352941176471,
      "tc_f1_avg": 0.7103565768280395,
      "tc_typecheck_rate": 1.0
    },
    "alpha_0.001_beta_0.5": {
      "count": 17,
      "all_f1_avg": 0.7491838495135322,
      "all_typecheck_rate": 0.6470588235294118,
      "tc_f1_avg": 0.7702267852454086,
      "tc_typecheck_rate": 1.0
    },
    "alpha_0.001_beta_1.0": {
      "count": 17,
      "all_f1_avg": 0.795338625892599,
      "all_typecheck_rate": 0.7647058823529411,
      "tc_f1_avg": 0.8070745995791766,
      "tc_typecheck_rate": 1.0
    },
    "alpha_0.001_beta_2.0": {
      "count": 17,
      "all_f1_avg": 0.8099896443996784,
      "all_typecheck_rate": 0.7647058823529411,
      "tc_f1_avg": 0.8262631419458184,
      "tc_typecheck_rate": 1.0
    },
    "alpha_0.001_beta_3.0": {
      "count": 17,
      "all_f1_avg": 0.829943657557763,
      "all_typecheck_rate": 0.8235294117647058,
      "tc_f1_avg": 0.8383185918695298,
      "tc_typecheck_rate": 1.0
    },
    "alpha_0.002_beta_0.0": {
      "count": 17,
      "all_f1_avg": 0.6769831389248527,
      "all_typecheck_rate": 0.6470588235294118,
      "tc_f1_avg": 0.7103565768280395,
      "tc_typecheck_rate": 1.0
    },
    "alpha_0.002_beta_0.5": {
      "count": 17,
      "all_f1_avg": 0.7491838495135322,
      "all_typecheck_rate": 0.6470588235294118,
      "tc_f1_avg": 0.7629261574844228,
      "tc_typecheck_rate": 1.0
    },
    "alpha_0.002_beta_1.0": {
      "count": 17,
      "all_f1_avg": 0.784492564936158,
      "all_typecheck_rate": 0.7058823529411765,
      "tc_f1_avg": 0.7901315791645185,
      "tc_typecheck_rate": 1.0
    },
    "alpha_0.002_beta_2.0": {
      "count": 17,
      "all_f1_avg": 0.807087592451429,
      "all_typecheck_rate": 0.7647058823529411,
      "tc_f1_avg": 0.8221629609222021,
      "tc_typecheck_rate": 1.0
    },
    "alpha_0.002_beta_3.0": {
      "count": 17,
      "all_f1_avg": 0.830908505811833,
      "all_typecheck_rate": 0.8235294117647058,
      "tc_f1_avg": 0.8369323316597402,
      "tc_typecheck_rate": 1.0
    },
    "alpha_0.005_beta_0.0": {
      "count": 17,
      "all_f1_avg": 0.6656919099093244,
      "all_typecheck_rate": 0.6470588235294118,
      "tc_f1_avg": 0.7037179242643954,
      "tc_typecheck_rate": 1.0
    },
    "alpha_0.005_beta_0.5": {
      "count": 17,
      "all_f1_avg": 0.7390799272097207,
      "all_typecheck_rate": 0.7058823529411765,
      "tc_f1_avg": 0.7630716712054452,
      "tc_typecheck_rate": 1.0
    },
    "alpha_0.005_beta_1.0": {
      "count": 17,
      "all_f1_avg": 0.775504310440757,
      "all_typecheck_rate": 0.7647058823529411,
      "tc_f1_avg": 0.779776632285121,
      "tc_typecheck_rate": 1.0
    },
    "alpha_0.005_beta_2.0": {
      "count": 17,
      "all_f1_avg": 0.7856814066177096,
      "all_typecheck_rate": 0.7647058823529411,
      "tc_f1_avg": 0.7984056666246231,
      "tc_typecheck_rate": 1.0
    },
    "alpha_0.005_beta_3.0": {
      "count": 17,
      "all_f1_avg": 0.8439053831854509,
      "all_typecheck_rate": 0.8235294117647058,
      "tc_f1_avg": 0.8499292090333582,
      "tc_typecheck_rate": 1.0
    },
    "alpha_0.01_beta_0.0": {
      "count": 17,
      "all_f1_avg": 0.6853891010118757,
      "all_typecheck_rate": 0.6470588235294118,
      "tc_f1_avg": 0.6931066507694903,
      "tc_typecheck_rate": 1.0
    },
    "alpha_0.01_beta_0.5": {
      "count": 17,
      "all_f1_avg": 0.7034102883759259,
      "all_typecheck_rate": 0.7058823529411765,
      "tc_f1_avg": 0.7437741426931047,
      "tc_typecheck_rate": 1.0
    },
    "alpha_0.01_beta_1.0": {
      "count": 17,
      "all_f1_avg": 0.7540140037715003,
      "all_typecheck_rate": 0.7058823529411765,
      "tc_f1_avg": 0.7780057477672248,
      "tc_typecheck_rate": 1.0
    },
    "alpha_0.01_beta_2.0": {
      "count": 17,
      "all_f1_avg": 0.776359696486901,
      "all_typecheck_rate": 0.7647058823529411,
      "tc_f1_avg": 0.7843084889195003,
      "tc_typecheck_rate": 1.0
    },
    "alpha_0.01_beta_3.0": {
      "count": 17,
      "all_f1_avg": 0.7971156901816985,
      "all_typecheck_rate": 0.8235294117647058,
      "tc_f1_avg": 0.8089268330616438,
      "tc_typecheck_rate": 1.0
    },
    "alpha_0.02_beta_0.0": {
      "count": 17,
      "all_f1_avg": 0.6661807811811512,
      "all_typecheck_rate": 0.6470588235294118,
      "tc_f1_avg": 0.6872606343172419,
      "tc_typecheck_rate": 1.0
    },
    "alpha_0.02_beta_0.5": {
      "count": 17,
      "all_f1_avg": 0.6997063717206686,
      "all_typecheck_rate": 0.7058823529411765,
      "tc_f1_avg": 0.7212078032676755,
      "tc_typecheck_rate": 1.0
    },
    "alpha_0.02_beta_1.0": {
      "count": 17,
      "all_f1_avg": 0.7144665630790089,
      "all_typecheck_rate": 0.6470588235294118,
      "tc_f1_avg": 0.7313026286930444,
      "tc_typecheck_rate": 1.0
    },
    "alpha_0.02_beta_2.0": {
      "count": 17,
      "all_f1_avg": 0.7625829229087381,
      "all_typecheck_rate": 0.6470588235294118,
      "tc_f1_avg": 0.7901810246028794,
      "tc_typecheck_rate": 1.0
    },
    "alpha_0.02_beta_3.0": {
      "count": 17,
      "all_f1_avg": 0.780014432797106,
      "all_typecheck_rate": 0.8235294117647058,
      "tc_f1_avg": 0.7759093338983564,
      "tc_typecheck_rate": 1.0
    }
  }
}