{
  "meta": {
    "results_paths": [
      "kimina_bestof_cycle_lenpen001_128_20_temp08_merged_start1580_2180_rescored_cpu.json"
    ],
    "feature": "tc_rate",
    "direction": "ge",
    "dedupe_id": false,
    "all_consensus_f1_avg": 0.8311278560609715,
    "tc_consensus_f1_avg": 0.8343916360585736
  },
  "summary": {
    "threshold_0.0": {
      "count": 241,
      "chosen_f1_avg": 0.8343916360585729,
      "chosen_typecheck_rate": 0.9875518672199171
    },
    "threshold_0.1937984496124031": {
      "count": 241,
      "chosen_f1_avg": 0.8353796030569116,
      "chosen_typecheck_rate": 0.921161825726141
    },
    "threshold_0.41739130434782606": {
      "count": 241,
      "chosen_f1_avg": 0.8331901840181383,
      "chosen_typecheck_rate": 0.8672199170124482
    },
    "threshold_0.569620253164557": {
      "count": 241,
      "chosen_f1_avg": 0.8324280892603857,
      "chosen_typecheck_rate": 0.8340248962655602
    },
    "threshold_0.6636363636363637": {
      "count": 241,
      "chosen_f1_avg": 0.8324153520221386,
      "chosen_typecheck_rate": 0.8298755186721992
    },
    "threshold_0.7375": {
      "count": 241,
      "chosen_f1_avg": 0.8323467311376391,
      "chosen_typecheck_rate": 0.8132780082987552
    },
    "threshold_0.8016528925619835": {
      "count": 241,
      "chosen_f1_avg": 0.8314898749869956,
      "chosen_typecheck_rate": 0.8132780082987552
    },
    "threshold_0.8641975308641975": {
      "count": 241,
      "chosen_f1_avg": 0.8311264914226297,
      "chosen_typecheck_rate": 0.8091286307053942
    },
    "threshold_0.9066666666666666": {
      "count": 241,
      "chosen_f1_avg": 0.8309249022278107,
      "chosen_typecheck_rate": 0.8091286307053942
    },
    "threshold_0.9553571428571429": {
      "count": 241,
      "chosen_f1_avg": 0.8307230387347894,
      "chosen_typecheck_rate": 0.8091286307053942
    },
    "threshold_1.0": {
      "count": 241,
      "chosen_f1_avg": 0.831127856060971,
      "chosen_typecheck_rate": 0.8091286307053942
    }
  }
}