{
  "meta": {
    "results_path": "kimina_bestof_cycle_lenpen001_128_20_start2180_temp08_qwen1p5_rescored_cpu.json"
  },
  "summary": {
    "records": 20,
    "candidate_typecheck_rate": 0.7005714285714286,
    "tc_candidate_f1_avg": 0.7916530697823433,
    "non_tc_candidate_f1_avg": 0.7248540056636851,
    "max_tc_f1_avg": 0.938282837701778,
    "max_non_tc_f1_avg": 0.8704840978465402,
    "records_with_tc": 20,
    "records_with_non_tc": 19,
    "records_with_both": 19
  }
}