{
  "meta": {
    "results_path": "kimina_bestof_cycle_lenpen001_128_20_start1640_temp08_qwen1p5_rescored_cpu.json"
  },
  "summary": {
    "records": 20,
    "candidate_typecheck_rate": 0.7492465340566606,
    "tc_candidate_f1_avg": 0.7990579246278011,
    "non_tc_candidate_f1_avg": 0.746039348568673,
    "max_tc_f1_avg": 0.9253327406976455,
    "max_non_tc_f1_avg": 0.8490569120182422,
    "records_with_tc": 20,
    "records_with_non_tc": 18,
    "records_with_both": 18
  }
}