{
  "meta": {
    "results_path": "kimina_bestof_cycle_lenpen001_128_20_start1880_temp08_qwen1p5_rescored_cpu.json",
    "ks": [
      4,
      8,
      16,
      32,
      64
    ],
    "score_key": "cycle_score"
  },
  "summary": {
    "all": {
      "k_4": {
        "count": 20,
        "f1_avg": 0.845896290193159,
        "typecheck_rate": 0.6
      },
      "k_8": {
        "count": 20,
        "f1_avg": 0.8300950678461783,
        "typecheck_rate": 0.65
      },
      "k_16": {
        "count": 19,
        "f1_avg": 0.850368292373385,
        "typecheck_rate": 0.631578947368421
      },
      "k_32": {
        "count": 17,
        "f1_avg": 0.8411558944765993,
        "typecheck_rate": 0.7647058823529411
      },
      "k_64": {
        "count": 14,
        "f1_avg": 0.8356406122005539,
        "typecheck_rate": 0.7142857142857143
      }
    },
    "tc_only": {
      "k_4": {
        "count": 20,
        "f1_avg": 0.8692924716234576,
        "typecheck_rate": 1.0
      },
      "k_8": {
        "count": 17,
        "f1_avg": 0.8448244853208993,
        "typecheck_rate": 1.0
      },
      "k_16": {
        "count": 15,
        "f1_avg": 0.8658695227871128,
        "typecheck_rate": 1.0
      },
      "k_32": {
        "count": 12,
        "f1_avg": 0.8347154946730306,
        "typecheck_rate": 1.0
      },
      "k_64": {
        "count": 7,
        "f1_avg": 0.8762108810626331,
        "typecheck_rate": 1.0
      }
    }
  }
}