{
  "meta": {
    "results_path": "kimina_bestof_cycle_lenpen001_64_20_start1220_temp08_qwen1p5_rescored_cpu.json"
  },
  "summary": {
    "count": 19,
    "pearson_avg": 0.29264631936578966,
    "pearson_median": 0.29991598063377845,
    "spearman_avg": 0.19201530962876417,
    "spearman_median": 0.21055852581940648
  }
}