{
  "meta": {
    "results_path": "kimina_bestof_cycle_lenpen001_128_20_start1660_temp08_qwen1p5_rescored_cpu.json",
    "ks": [
      4,
      8,
      16,
      32,
      64
    ],
    "score_key": "length_penalized_score"
  },
  "summary": {
    "all": {
      "k_4": {
        "count": 19,
        "f1_avg": 0.8026849453868473,
        "typecheck_rate": 0.5789473684210527
      },
      "k_8": {
        "count": 19,
        "f1_avg": 0.8165471450116786,
        "typecheck_rate": 0.5789473684210527
      },
      "k_16": {
        "count": 19,
        "f1_avg": 0.8151003408431299,
        "typecheck_rate": 0.6842105263157895
      },
      "k_32": {
        "count": 19,
        "f1_avg": 0.8333944038564988,
        "typecheck_rate": 0.7368421052631579
      },
      "k_64": {
        "count": 16,
        "f1_avg": 0.8281139799972488,
        "typecheck_rate": 0.8125
      }
    },
    "tc_only": {
      "k_4": {
        "count": 19,
        "f1_avg": 0.8179592821281964,
        "typecheck_rate": 1.0
      },
      "k_8": {
        "count": 19,
        "f1_avg": 0.8297244921526898,
        "typecheck_rate": 1.0
      },
      "k_16": {
        "count": 17,
        "f1_avg": 0.8548304476449425,
        "typecheck_rate": 1.0
      },
      "k_32": {
        "count": 16,
        "f1_avg": 0.8549091768905884,
        "typecheck_rate": 1.0
      },
      "k_64": {
        "count": 9,
        "f1_avg": 0.8401466470125053,
        "typecheck_rate": 1.0
      }
    }
  }
}