{
  "meta": {
    "results_path": "kimina_bestof_cycle_lenpen001_64_20_start920_temp08_qwen1p5_rescored_cpu.json"
  },
  "summary": {
    "alpha_0.0_beta_0.0": {
      "count": 20,
      "all_f1_avg": 0.7787610986556152,
      "all_typecheck_rate": 0.5,
      "tc_f1_avg": 0.792035791809485,
      "tc_typecheck_rate": 1.0
    },
    "alpha_0.0_beta_0.5": {
      "count": 20,
      "all_f1_avg": 0.8404867036237553,
      "all_typecheck_rate": 0.6,
      "tc_f1_avg": 0.832649186304295,
      "tc_typecheck_rate": 1.0
    },
    "alpha_0.0_beta_1.0": {
      "count": 20,
      "all_f1_avg": 0.8553408161638547,
      "all_typecheck_rate": 0.6,
      "tc_f1_avg": 0.8405454962576119,
      "tc_typecheck_rate": 1.0
    },
    "alpha_0.0_beta_2.0": {
      "count": 20,
      "all_f1_avg": 0.8581782853719779,
      "all_typecheck_rate": 0.65,
      "tc_f1_avg": 0.8598715877430771,
      "tc_typecheck_rate": 1.0
    },
    "alpha_0.0_beta_3.0": {
      "count": 20,
      "all_f1_avg": 0.8704251068857325,
      "all_typecheck_rate": 0.7,
      "tc_f1_avg": 0.8706393222869201,
      "tc_typecheck_rate": 1.0
    },
    "alpha_0.001_beta_0.0": {
      "count": 20,
      "all_f1_avg": 0.7240892706394159,
      "all_typecheck_rate": 0.45,
      "tc_f1_avg": 0.7896304018530534,
      "tc_typecheck_rate": 1.0
    },
    "alpha_0.001_beta_0.5": {
      "count": 20,
      "all_f1_avg": 0.8307021652733809,
      "all_typecheck_rate": 0.6,
      "tc_f1_avg": 0.8364324792825032,
      "tc_typecheck_rate": 1.0
    },
    "alpha_0.001_beta_1.0": {
      "count": 20,
      "all_f1_avg": 0.8565126925742431,
      "all_typecheck_rate": 0.65,
      "tc_f1_avg": 0.8441810137722318,
      "tc_typecheck_rate": 1.0
    },
    "alpha_0.001_beta_2.0": {
      "count": 20,
      "all_f1_avg": 0.8633330047787139,
      "all_typecheck_rate": 0.7,
      "tc_f1_avg": 0.8599789561513281,
      "tc_typecheck_rate": 1.0
    },
    "alpha_0.001_beta_3.0": {
      "count": 20,
      "all_f1_avg": 0.8704251068857325,
      "all_typecheck_rate": 0.7,
      "tc_f1_avg": 0.8706393222869201,
      "tc_typecheck_rate": 1.0
    },
    "alpha_0.002_beta_0.0": {
      "count": 20,
      "all_f1_avg": 0.7256467603324988,
      "all_typecheck_rate": 0.45,
      "tc_f1_avg": 0.7911878915461363,
      "tc_typecheck_rate": 1.0
    },
    "alpha_0.002_beta_0.5": {
      "count": 20,
      "all_f1_avg": 0.8192490347615216,
      "all_typecheck_rate": 0.65,
      "tc_f1_avg": 0.8348153000672328,
      "tc_typecheck_rate": 1.0
    },
    "alpha_0.002_beta_1.0": {
      "count": 20,
      "all_f1_avg": 0.8499730128305545,
      "all_typecheck_rate": 0.65,
      "tc_f1_avg": 0.8366312330184421,
      "tc_typecheck_rate": 1.0
    },
    "alpha_0.002_beta_2.0": {
      "count": 20,
      "all_f1_avg": 0.8633330047787139,
      "all_typecheck_rate": 0.7,
      "tc_f1_avg": 0.8599789561513281,
      "tc_typecheck_rate": 1.0
    },
    "alpha_0.002_beta_3.0": {
      "count": 20,
      "all_f1_avg": 0.8700575193236009,
      "all_typecheck_rate": 0.7,
      "tc_f1_avg": 0.8702717347247886,
      "tc_typecheck_rate": 1.0
    },
    "alpha_0.005_beta_0.0": {
      "count": 20,
      "all_f1_avg": 0.620543558969193,
      "all_typecheck_rate": 0.5,
      "tc_f1_avg": 0.6999841872928628,
      "tc_typecheck_rate": 1.0
    },
    "alpha_0.005_beta_0.5": {
      "count": 20,
      "all_f1_avg": 0.7698721067005936,
      "all_typecheck_rate": 0.55,
      "tc_f1_avg": 0.7830902316270969,
      "tc_typecheck_rate": 1.0
    },
    "alpha_0.005_beta_1.0": {
      "count": 20,
      "all_f1_avg": 0.8394373021596218,
      "all_typecheck_rate": 0.75,
      "tc_f1_avg": 0.8389621262938292,
      "tc_typecheck_rate": 1.0
    },
    "alpha_0.005_beta_2.0": {
      "count": 20,
      "all_f1_avg": 0.8563685231735109,
      "all_typecheck_rate": 0.7,
      "tc_f1_avg": 0.8558915552713072,
      "tc_typecheck_rate": 1.0
    },
    "alpha_0.005_beta_3.0": {
      "count": 20,
      "all_f1_avg": 0.8700575193236009,
      "all_typecheck_rate": 0.7,
      "tc_f1_avg": 0.867617462669742,
      "tc_typecheck_rate": 1.0
    },
    "alpha_0.01_beta_0.0": {
      "count": 20,
      "all_f1_avg": 0.618415710682797,
      "all_typecheck_rate": 0.65,
      "tc_f1_avg": 0.6858997740327905,
      "tc_typecheck_rate": 1.0
    },
    "alpha_0.01_beta_0.5": {
      "count": 20,
      "all_f1_avg": 0.7139519740105202,
      "all_typecheck_rate": 0.6,
      "tc_f1_avg": 0.7334084069522894,
      "tc_typecheck_rate": 1.0
    },
    "alpha_0.01_beta_1.0": {
      "count": 20,
      "all_f1_avg": 0.7680604865671826,
      "all_typecheck_rate": 0.6,
      "tc_f1_avg": 0.827155352716983,
      "tc_typecheck_rate": 1.0
    },
    "alpha_0.01_beta_2.0": {
      "count": 20,
      "all_f1_avg": 0.8268918249262829,
      "all_typecheck_rate": 0.65,
      "tc_f1_avg": 0.8446887200224182,
      "tc_typecheck_rate": 1.0
    },
    "alpha_0.01_beta_3.0": {
      "count": 20,
      "all_f1_avg": 0.8455555304536568,
      "all_typecheck_rate": 0.65,
      "tc_f1_avg": 0.850817686026479,
      "tc_typecheck_rate": 1.0
    },
    "alpha_0.02_beta_0.0": {
      "count": 20,
      "all_f1_avg": 0.49871879383029993,
      "all_typecheck_rate": 0.65,
      "tc_f1_avg": 0.5239825523197814,
      "tc_typecheck_rate": 1.0
    },
    "alpha_0.02_beta_0.5": {
      "count": 20,
      "all_f1_avg": 0.5418219796083801,
      "all_typecheck_rate": 0.6,
      "tc_f1_avg": 0.6091473127996434,
      "tc_typecheck_rate": 1.0
    },
    "alpha_0.02_beta_1.0": {
      "count": 20,
      "all_f1_avg": 0.6228032699324364,
      "all_typecheck_rate": 0.6,
      "tc_f1_avg": 0.6788782013236353,
      "tc_typecheck_rate": 1.0
    },
    "alpha_0.02_beta_2.0": {
      "count": 20,
      "all_f1_avg": 0.782493867826749,
      "all_typecheck_rate": 0.65,
      "tc_f1_avg": 0.8290172435132845,
      "tc_typecheck_rate": 1.0
    },
    "alpha_0.02_beta_3.0": {
      "count": 20,
      "all_f1_avg": 0.8079338528149954,
      "all_typecheck_rate": 0.7,
      "tc_f1_avg": 0.8442455417421846,
      "tc_typecheck_rate": 1.0
    }
  }
}