{
  "meta": {
    "results_path": "kimina_bestof_cycle_lenpen001_128_20_start1720_temp08_qwen1p5_rescored_cpu.json"
  },
  "summary": {
    "records": 18,
    "candidate_typecheck_rate": 0.6339829476248477,
    "tc_candidate_f1_avg": 0.7792521887152727,
    "non_tc_candidate_f1_avg": 0.7325794427702411,
    "max_tc_f1_avg": 0.9201990002822238,
    "max_non_tc_f1_avg": 0.8571646522919638,
    "records_with_tc": 18,
    "records_with_non_tc": 17,
    "records_with_both": 17
  }
}