{
  "meta": {
    "results_path": "kimina_bestof_cycle_lenpen001_64_20_start1220_temp08_qwen1p5_rescored_cpu.json",
    "train_results": null,
    "test_results": null,
    "folds": 5,
    "ridge": 0.001,
    "baseline_feature": false
  },
  "summary": {
    "count": 19,
    "baseline_f1_avg": 0.7517091774631832,
    "learned_f1_avg": 0.8080346554656495,
    "learned_tc_f1_avg": 0.8080346554656495,
    "learned_typecheck_rate": 0.9473684210526315,
    "learned_tc_typecheck_rate": 0.9473684210526315,
    "learned_improve_rate": 0.5789473684210527,
    "learned_tc_improve_rate": 0.5789473684210527,
    "avg_weights": [
      0.6588389287517868,
      0.003352662800281201,
      0.009662584824305556,
      0.0612368356013208,
      0.11451492760882594
    ]
  }
}