{
  "meta": {
    "results_paths": [
      "kimina_bestof_cycle_lenpen001_128_20_start2020_temp08_qwen1p5_rescored_cpu.json"
    ],
    "dedupe_id": false
  },
  "summary": {
    "count": 19,
    "all_consensus_f1_avg": 0.8859841481660025,
    "tc_consensus_f1_avg": 0.8767213897398084,
    "tc_better_rate": 0.10526315789473684,
    "diff_vs_tc_rate": 0.15818726338297315,
    "diff_vs_tc_count": 0.04505182304023839
  }
}