{
  "meta": {
    "results_paths": [
      "kimina_bestof_cycle_lenpen001_128_20_temp08_merged_start1580_2220_rescored_cpu.json"
    ],
    "feature": "tc_count",
    "direction": "ge",
    "dedupe_id": false,
    "all_consensus_f1_avg": 0.8353208992363801,
    "tc_consensus_f1_avg": 0.8348587246244813
  },
  "summary": {
    "threshold_0.0": {
      "count": 630,
      "chosen_f1_avg": 0.8348587246244825,
      "chosen_typecheck_rate": 0.9952380952380953
    },
    "threshold_19.0": {
      "count": 630,
      "chosen_f1_avg": 0.8368577532004408,
      "chosen_typecheck_rate": 0.9238095238095239
    },
    "threshold_30.0": {
      "count": 630,
      "chosen_f1_avg": 0.836374715183771,
      "chosen_typecheck_rate": 0.8825396825396825
    },
    "threshold_41.0": {
      "count": 630,
      "chosen_f1_avg": 0.8352837547893903,
      "chosen_typecheck_rate": 0.8603174603174604
    },
    "threshold_50.0": {
      "count": 630,
      "chosen_f1_avg": 0.8344713495175837,
      "chosen_typecheck_rate": 0.8380952380952381
    },
    "threshold_59.0": {
      "count": 630,
      "chosen_f1_avg": 0.8348951581157903,
      "chosen_typecheck_rate": 0.8317460317460318
    },
    "threshold_70.0": {
      "count": 630,
      "chosen_f1_avg": 0.8347350743953315,
      "chosen_typecheck_rate": 0.8301587301587302
    },
    "threshold_81.0": {
      "count": 630,
      "chosen_f1_avg": 0.8347751390648718,
      "chosen_typecheck_rate": 0.8222222222222222
    },
    "threshold_91.0": {
      "count": 630,
      "chosen_f1_avg": 0.8345317374366017,
      "chosen_typecheck_rate": 0.8222222222222222
    },
    "threshold_105.0": {
      "count": 630,
      "chosen_f1_avg": 0.8349024925998555,
      "chosen_typecheck_rate": 0.8222222222222222
    },
    "threshold_127.0": {
      "count": 630,
      "chosen_f1_avg": 0.8353208992363812,
      "chosen_typecheck_rate": 0.8222222222222222
    }
  }
}