{
  "meta": {
    "results_path": "kimina_bestof_cycle_lenpen001_128_20_start1780_temp08_qwen1p5_rescored_cpu.json",
    "ks": [
      4,
      8,
      16,
      32,
      64
    ],
    "score_key": "length_penalized_score"
  },
  "summary": {
    "all": {
      "k_4": {
        "count": 20,
        "f1_avg": 0.8357080967382806,
        "typecheck_rate": 0.8
      },
      "k_8": {
        "count": 20,
        "f1_avg": 0.864403585531706,
        "typecheck_rate": 0.8
      },
      "k_16": {
        "count": 20,
        "f1_avg": 0.8626385083945154,
        "typecheck_rate": 0.75
      },
      "k_32": {
        "count": 18,
        "f1_avg": 0.859877626031672,
        "typecheck_rate": 0.8333333333333334
      },
      "k_64": {
        "count": 16,
        "f1_avg": 0.8658108965591572,
        "typecheck_rate": 0.875
      }
    },
    "tc_only": {
      "k_4": {
        "count": 20,
        "f1_avg": 0.860194561256691,
        "typecheck_rate": 1.0
      },
      "k_8": {
        "count": 20,
        "f1_avg": 0.8657248032125981,
        "typecheck_rate": 1.0
      },
      "k_16": {
        "count": 19,
        "f1_avg": 0.8656121284258365,
        "typecheck_rate": 1.0
      },
      "k_32": {
        "count": 15,
        "f1_avg": 0.8609180517040353,
        "typecheck_rate": 1.0
      },
      "k_64": {
        "count": 7,
        "f1_avg": 0.8548142631637049,
        "typecheck_rate": 1.0
      }
    }
  }
}