{
  "meta": {
    "results_path": "kimina_bestof_cycle_lenpen001_128_20_start1840_temp08_qwen1p5_rescored_cpu.json"
  },
  "summary": {
    "count": 18,
    "baseline_f1_avg": 0.7587077526914113,
    "consensus_f1_avg": 0.8534387508439368,
    "consensus_tc_f1_avg": 0.8456444366683994,
    "consensus_typecheck_rate": 0.8888888888888888,
    "consensus_tc_typecheck_rate": 1.0
  }
}