{
  "meta": {
    "results_paths": [
      "kimina_bestof_cycle_lenpen001_128_20_start1600_temp08_qwen1p5_rescored_cpu.json"
    ],
    "dedupe_id": false
  },
  "summary": {
    "count": 19,
    "all_consensus_f1_avg": 0.8719375444887653,
    "tc_consensus_f1_avg": 0.8625097307396521,
    "tc_better_rate": 0.3684210526315789,
    "diff_vs_tc_rate": 0.6982526542987749,
    "diff_vs_tc_count": 0.605461381582384
  }
}