{
  "meta": {
    "results_path": "kimina_bestof_cycle_lenpen001_128_20_temp08_merged_start1580_2280_rescored_dedup.json",
    "train_results": null,
    "test_results": null,
    "folds": 5,
    "model": "ridge",
    "ridge": 0.001,
    "gbrt_estimators": 200,
    "gbrt_learning_rate": 0.05,
    "gbrt_depth": 3,
    "baseline_feature": false,
    "forward_feature": false,
    "embed_consensus": false,
    "context_interactions": false,
    "extra_candidate_features": true,
    "embed_model_id": null,
    "embed_batch_size": null,
    "embed_max_length": null,
    "embed_device": null
  },
  "summary": {
    "count": 173,
    "baseline_f1_avg": 0.7666813698291658,
    "learned_f1_avg": 0.8396452001091084,
    "learned_tc_f1_avg": 0.8380824517931886,
    "learned_typecheck_rate": 0.9710982658959537,
    "learned_tc_typecheck_rate": 0.9884393063583815,
    "learned_improve_rate": 0.6820809248554913,
    "learned_tc_improve_rate": 0.6763005780346821,
    "avg_weights": [
      0.7040662707764774,
      -0.05051557250090688,
      0.012147395606653956,
      0.043637402246074326,
      0.051754074155637333,
      0.060144589532971846,
      0.010220286581334004,
      0.007834768918451139,
      0.011242836736383138,
      0.032729427817845616,
      0.012834552047124187
    ]
  }
}