{
  "meta": {
    "results_path": "kimina_bestof_cycle_lenpen001_128_20_start1620_temp08_qwen1p5_rescored_cpu.json",
    "ks": [
      4,
      8,
      16,
      32,
      64,
      128
    ],
    "score_key": "length_penalized_score"
  },
  "summary": {
    "all": {
      "k_4": {
        "count": 20,
        "f1_avg": 0.7543862998279863,
        "typecheck_rate": 0.65
      },
      "k_8": {
        "count": 20,
        "f1_avg": 0.7798737083160105,
        "typecheck_rate": 0.7
      },
      "k_16": {
        "count": 20,
        "f1_avg": 0.7615320068952138,
        "typecheck_rate": 0.7
      },
      "k_32": {
        "count": 19,
        "f1_avg": 0.7748145840547348,
        "typecheck_rate": 0.6842105263157895
      },
      "k_64": {
        "count": 15,
        "f1_avg": 0.7513392907549297,
        "typecheck_rate": 0.6666666666666666
      },
      "k_128": {
        "count": 2,
        "f1_avg": 0.777310924369748,
        "typecheck_rate": 0.0
      }
    },
    "tc_only": {
      "k_4": {
        "count": 19,
        "f1_avg": 0.7779502353674,
        "typecheck_rate": 1.0
      },
      "k_8": {
        "count": 19,
        "f1_avg": 0.7582291720179574,
        "typecheck_rate": 1.0
      },
      "k_16": {
        "count": 18,
        "f1_avg": 0.8056441025720856,
        "typecheck_rate": 1.0
      },
      "k_32": {
        "count": 14,
        "f1_avg": 0.8136032775459606,
        "typecheck_rate": 1.0
      },
      "k_64": {
        "count": 6,
        "f1_avg": 0.7305281468356432,
        "typecheck_rate": 1.0
      },
      "k_128": {
        "count": 0,
        "f1_avg": 0.0,
        "typecheck_rate": 0.0
      }
    }
  }
}