{
  "meta": {
    "results_path": "kimina_bestof_cycle_lenpen001_64_20_start1360_temp08_qwen1p5_rescored_cpu.json"
  },
  "summary": {
    "records": 20,
    "candidate_typecheck_rate": 0.6831683168316832,
    "tc_candidate_f1_avg": 0.7334800966912124,
    "non_tc_candidate_f1_avg": 0.6901679581501212,
    "max_tc_f1_avg": 0.8596665626879079,
    "max_non_tc_f1_avg": 0.8031941611790033,
    "records_with_tc": 20,
    "records_with_non_tc": 19,
    "records_with_both": 19
  }
}