{
  "meta": {
    "results_paths": [
      "kimina_bestof_cycle_lenpen001_64_20_start1240_temp08_qwen1p5_rescored_cpu.json"
    ],
    "dedupe_id": false
  },
  "summary": {
    "count": 20,
    "all_consensus_f1_avg": 0.8078858259448414,
    "tc_consensus_f1_avg": 0.8095817266349767,
    "tc_better_rate": 0.15,
    "diff_vs_tc_rate": -0.0469282154899141,
    "diff_vs_tc_count": -0.09786313073251857
  }
}